<?xml version="1.0" encoding="UTF-8"?>
<gpx version="1.1" creator="Marando" xmlns="http://www.topografix.com/GPX/1/1">
<wpt lat="49.5825933" lon="0.2143667"><ele>42.51</ele><name>Départ</name><desc>Champ de foire Grande randonnée Heure de départ: 09:02 25 août 2026 Heure d'arrivée: 11:35 25 août 2026 Distance: 11,1km Temps déplacement: 02:18 Vitesse moyenne: 4,33 km/h Vitesse en mouvement: 4,82 km/h Vitesse Max.: 6,69 km/h Altitude minimale: 35 m Altitude maximale: 108 m Vitesse de montée: 127,9 m/h Vitesse de descente: 127,4 m/h Dénivelé positif: 131 m Dénivelé négatif: 123 m Temps de montée: 01:01 Temps de descente: 00:58</desc></wpt>
<wpt lat="49.6043167" lon="0.1963633"><ele>55.5</ele><name>Vaches</name><desc>Elles ont levé la tête juste à temps pour entrer dans la photo. Avec leur robe blanche constellée de taches rousses ou noires, les vaches normandes semblent porter les couleurs du bocage : le vert des prairies, le brun des chemins, le blanc des nuages. Paisibles et curieuses, elles observent les randonneurs avec ce mélange de placidité et de méfiance propre aux grandes habitantes des prés. Ici, pas besoin de chercher un monument : le paysage a quatre pattes, rumine tranquillement et vous regarde passer.</desc></wpt>
<wpt lat="49.60454669999999" lon="0.1869267"><ele>62.18</ele><name>Résidence</name></wpt>
<wpt lat="49.60446830000001" lon="0.18515"><ele>65.14</ele><name>Chateau de la Marguerite</name><desc>Le château de la Marguerite se trouve à Saint-Jouin-Bruneval, dans le département de la Seine-Maritime, en Normandie.

Élevé sur l'emplacement d'une ancienne léproserie (la maladrerie de Sainte-Marguerite), ce site historique date en grande partie de la fin du XVIe et du début du XVIIe siècle. Il conserve notamment des éléments architecturaux remarquables en pierre et silex, tels qu'un colombier circulaire et une porte charretière monumentale.</desc></wpt>
<wpt lat="49.608975" lon="0.179145"><ele>81.53</ele><name>Ferme</name><desc>Le clos-masure incarne la ferme cauchoise par excellence. Cette cour carrée, plantée de pommiers et creusée d'une mare, est ceinte d'un haut talus planté de hêtres formant un brise-vent naturel. Les bâtiments (habitation, granges, colombier) y sont disséminés pour parer aux incendies. L'architecture associe subtilement brique rouge, silex taillé et pans de bois, autrefois coiffés de chaume. Véritables oasis de verdure sur le plateau, ces exploitations autonomes structurent tout le paysage du Pays de Caux.</desc></wpt>
<wpt lat="49.6090733" lon="0.1755417"><ele>82.44</ele><name>Mannevillette</name><desc>Niché sur le plateau cauchois en Seine-Maritime, Mannevillette tire son nom du latin Magna Villa (le grand domaine), mentionné dès le XIe siècle. Géographiquement, ce village rural culmine à environ 95 mètres d'altitude près de l'estuaire de la Seine, à l'est du Havre. Marqué par une illustre tradition agricole et l'empreinte de ses seigneurs, il abrite un patrimoine remarquable, à l'image de son église romane du XIIe siècle.</desc></wpt>
<wpt lat="49.5974083" lon="0.1760367"><ele>90.16</ele><name>Clocher</name><desc>L'église Notre-Dame-de-l'Assomption de Mannevillette se distingue par une singularité architecturale rare. Entièrement reconstruite en briques en 1888, elle a vu son axe d'orientation originel totalement détourné vers le nord. De ce fait, l'ancienne tour-clocher ne s'intercale plus entre la nef et le chœur, mais fait désormais office de porche d'entrée. Ce remaniement de fin de siècle offre au cœur du village cauchois un édifice atypique aux lignes géométriques inattendues.</desc></wpt>
<wpt lat="49.5917933" lon="0.187985"><ele>104.53</ele><name>Silo en ruines</name><desc>Les silos à grains sont des structures indispensables à l'agriculture. Leur rôle principal est de stocker les récoltes en les protégeant de l'humidité, des moisissures et des nuisibles. Ils permettent de réguler l'approvisionnement des marchés toute l'année. Grâce à des systèmes de ventilation, ils évitent la fermentation des céréales et facilitent leur transfert vers les industries agroalimentaires ou les ports d'exportation.</desc></wpt>
<wpt lat="49.5823633" lon="0.2113533"><ele>53.34</ele><name>Arrivée</name><desc>Grande randonnée Heure de départ: 09:02 25 août 2026 Heure d'arrivée: 11:35 25 août 2026 Distance: 11,1km Temps déplacement: 02:18 Vitesse moyenne: 4,33 km/h Vitesse en mouvement: 4,82 km/h Vitesse Max.: 6,69 km/h Altitude minimale: 35 m Altitude maximale: 108 m Vitesse de montée: 127,9 m/h Vitesse de descente: 127,4 m/h Dénivelé positif: 131 m Dénivelé négatif: 123 m Temps de montée: 01:01 Temps de descente: 00:58</desc></wpt>
<trk><name>2026-08-25 090205_Rolleville</name><trkseg>
<trkpt lat="49.5825933" lon="0.2143667"><ele>42.51</ele></trkpt>
<trkpt lat="49.582595" lon="0.21436"><ele>42.25</ele></trkpt>
<trkpt lat="49.5826183" lon="0.2143333"><ele>34.43</ele></trkpt>
<trkpt lat="49.5826483" lon="0.2143167"><ele>34.51</ele></trkpt>
<trkpt lat="49.58268330000001" lon="0.21431"><ele>34.51</ele></trkpt>
<trkpt lat="49.5827183" lon="0.2142983"><ele>34.5</ele></trkpt>
<trkpt lat="49.58274" lon="0.214265"><ele>34.69</ele></trkpt>
<trkpt lat="49.5827667" lon="0.2142417"><ele>34.78</ele></trkpt>
<trkpt lat="49.58278" lon="0.2142033"><ele>34.52</ele></trkpt>
<trkpt lat="49.58278669999999" lon="0.2141583"><ele>34.41</ele></trkpt>
<trkpt lat="49.5827917" lon="0.2141067"><ele>34.48</ele></trkpt>
<trkpt lat="49.58279829999999" lon="0.2140583"><ele>34.74</ele></trkpt>
<trkpt lat="49.5828183" lon="0.2140233"><ele>35.18</ele></trkpt>
<trkpt lat="49.5828417" lon="0.2139883"><ele>35.79</ele></trkpt>
<trkpt lat="49.58287330000001" lon="0.2139883"><ele>36.17</ele></trkpt>
<trkpt lat="49.5829017" lon="0.21399"><ele>35.88</ele></trkpt>
<trkpt lat="49.5829383" lon="0.214"><ele>35.29</ele></trkpt>
<trkpt lat="49.58297" lon="0.2140117"><ele>35.02</ele></trkpt>
<trkpt lat="49.583005" lon="0.2139983"><ele>34.78</ele></trkpt>
<trkpt lat="49.58303170000001" lon="0.213985"><ele>34.62</ele></trkpt>
<trkpt lat="49.5830633" lon="0.2139817"><ele>34.32</ele></trkpt>
<trkpt lat="49.5831017" lon="0.2139867"><ele>34.49</ele></trkpt>
<trkpt lat="49.5831367" lon="0.21398"><ele>35.68</ele></trkpt>
<trkpt lat="49.58317" lon="0.2139667"><ele>36.67</ele></trkpt>
<trkpt lat="49.58319670000001" lon="0.21395"><ele>36.7</ele></trkpt>
<trkpt lat="49.58322170000001" lon="0.2139333"><ele>36.68</ele></trkpt>
<trkpt lat="49.583255" lon="0.2139"><ele>36.89</ele></trkpt>
<trkpt lat="49.58329000000001" lon="0.2138817"><ele>36.62</ele></trkpt>
<trkpt lat="49.58332829999999" lon="0.213875"><ele>36.61</ele></trkpt>
<trkpt lat="49.58336" lon="0.2138733"><ele>36.52</ele></trkpt>
<trkpt lat="49.5833933" lon="0.2138717"><ele>36.25</ele></trkpt>
<trkpt lat="49.58342999999999" lon="0.2138783"><ele>36.02</ele></trkpt>
<trkpt lat="49.5834683" lon="0.2138833"><ele>35.95</ele></trkpt>
<trkpt lat="49.5835" lon="0.21388"><ele>35.67</ele></trkpt>
<trkpt lat="49.5835333" lon="0.2138717"><ele>35.63</ele></trkpt>
<trkpt lat="49.5835633" lon="0.213865"><ele>35.44</ele></trkpt>
<trkpt lat="49.5835967" lon="0.2138533"><ele>35.49</ele></trkpt>
<trkpt lat="49.583625" lon="0.2138333"><ele>35.1</ele></trkpt>
<trkpt lat="49.58365000000001" lon="0.2138133"><ele>34.55</ele></trkpt>
<trkpt lat="49.583675" lon="0.21379"><ele>34.25</ele></trkpt>
<trkpt lat="49.5837033" lon="0.2137833"><ele>33.95</ele></trkpt>
<trkpt lat="49.5837217" lon="0.213815"><ele>34.67</ele></trkpt>
<trkpt lat="49.5837167" lon="0.2138617"><ele>34.4</ele></trkpt>
<trkpt lat="49.5836983" lon="0.2138117"><ele>35.83</ele></trkpt>
<trkpt lat="49.58371" lon="0.213765"><ele>35.76</ele></trkpt>
<trkpt lat="49.58373999999999" lon="0.2137383"><ele>35.99</ele></trkpt>
<trkpt lat="49.58377" lon="0.2137083"><ele>36</ele></trkpt>
<trkpt lat="49.583795" lon="0.2136817"><ele>36.17</ele></trkpt>
<trkpt lat="49.5838217" lon="0.21366"><ele>36.46</ele></trkpt>
<trkpt lat="49.5838517" lon="0.21366"><ele>36.97</ele></trkpt>
<trkpt lat="49.58388" lon="0.2136533"><ele>37.19</ele></trkpt>
<trkpt lat="49.5839083" lon="0.213645"><ele>37.29</ele></trkpt>
<trkpt lat="49.5839367" lon="0.2136233"><ele>37.67</ele></trkpt>
<trkpt lat="49.58397" lon="0.21361"><ele>37.79</ele></trkpt>
<trkpt lat="49.58399829999999" lon="0.2136067"><ele>37.64</ele></trkpt>
<trkpt lat="49.5840333" lon="0.2136067"><ele>37.7</ele></trkpt>
<trkpt lat="49.5840633" lon="0.2136067"><ele>37.45</ele></trkpt>
<trkpt lat="49.5841017" lon="0.21361"><ele>37.04</ele></trkpt>
<trkpt lat="49.584135" lon="0.213605"><ele>36.93</ele></trkpt>
<trkpt lat="49.5841633" lon="0.213605"><ele>36.9</ele></trkpt>
<trkpt lat="49.5841917" lon="0.2136017"><ele>36.74</ele></trkpt>
<trkpt lat="49.5842233" lon="0.2136033"><ele>36.16</ele></trkpt>
<trkpt lat="49.5842583" lon="0.2136017"><ele>35.91</ele></trkpt>
<trkpt lat="49.5842883" lon="0.213595"><ele>35.99</ele></trkpt>
<trkpt lat="49.5843183" lon="0.2135817"><ele>35.68</ele></trkpt>
<trkpt lat="49.58434830000001" lon="0.2135717"><ele>35.16</ele></trkpt>
<trkpt lat="49.58438329999999" lon="0.213565"><ele>35.17</ele></trkpt>
<trkpt lat="49.5844183" lon="0.2135567"><ele>35.56</ele></trkpt>
<trkpt lat="49.5844517" lon="0.2135483"><ele>36.07</ele></trkpt>
<trkpt lat="49.5844833" lon="0.21354"><ele>36.34</ele></trkpt>
<trkpt lat="49.5845117" lon="0.2135317"><ele>36.24</ele></trkpt>
<trkpt lat="49.58454" lon="0.2135133"><ele>35.97</ele></trkpt>
<trkpt lat="49.58456999999999" lon="0.2134917"><ele>35.65</ele></trkpt>
<trkpt lat="49.5846" lon="0.2134633"><ele>35.51</ele></trkpt>
<trkpt lat="49.5846233" lon="0.213435"><ele>35.92</ele></trkpt>
<trkpt lat="49.58464669999999" lon="0.2134017"><ele>36.38</ele></trkpt>
<trkpt lat="49.58467" lon="0.213375"><ele>36.49</ele></trkpt>
<trkpt lat="49.584695" lon="0.2133483"><ele>36.57</ele></trkpt>
<trkpt lat="49.58472" lon="0.2133133"><ele>36.79</ele></trkpt>
<trkpt lat="49.58474329999999" lon="0.2132767"><ele>36.64</ele></trkpt>
<trkpt lat="49.584765" lon="0.21324"><ele>36.44</ele></trkpt>
<trkpt lat="49.584785" lon="0.2132083"><ele>36.34</ele></trkpt>
<trkpt lat="49.5848083" lon="0.2131733"><ele>36</ele></trkpt>
<trkpt lat="49.584835" lon="0.2131417"><ele>35.66</ele></trkpt>
<trkpt lat="49.5848567" lon="0.21311"><ele>35.7</ele></trkpt>
<trkpt lat="49.5848833" lon="0.2130717"><ele>35.68</ele></trkpt>
<trkpt lat="49.58491" lon="0.21303"><ele>35.67</ele></trkpt>
<trkpt lat="49.584935" lon="0.212995"><ele>35.79</ele></trkpt>
<trkpt lat="49.58496" lon="0.212975"><ele>35.82</ele></trkpt>
<trkpt lat="49.5849883" lon="0.2129417"><ele>35.8</ele></trkpt>
<trkpt lat="49.5850167" lon="0.212915"><ele>35.9</ele></trkpt>
<trkpt lat="49.5850467" lon="0.2128917"><ele>35.99</ele></trkpt>
<trkpt lat="49.5850767" lon="0.2128717"><ele>36.01</ele></trkpt>
<trkpt lat="49.585105" lon="0.2128483"><ele>35.74</ele></trkpt>
<trkpt lat="49.5851333" lon="0.2128267"><ele>35.63</ele></trkpt>
<trkpt lat="49.5851567" lon="0.2128033"><ele>35.74</ele></trkpt>
<trkpt lat="49.58519" lon="0.2127817"><ele>35.96</ele></trkpt>
<trkpt lat="49.58522" lon="0.2127617"><ele>35.77</ele></trkpt>
<trkpt lat="49.5852483" lon="0.2127333"><ele>35.37</ele></trkpt>
<trkpt lat="49.585275" lon="0.21271"><ele>35.16</ele></trkpt>
<trkpt lat="49.5853083" lon="0.21269"><ele>35.01</ele></trkpt>
<trkpt lat="49.585335" lon="0.2126683"><ele>34.84</ele></trkpt>
<trkpt lat="49.585365" lon="0.2126467"><ele>34.84</ele></trkpt>
<trkpt lat="49.585395" lon="0.2126233"><ele>35.09</ele></trkpt>
<trkpt lat="49.5854233" lon="0.2126017"><ele>35.55</ele></trkpt>
<trkpt lat="49.5854583" lon="0.2125783"><ele>35.83</ele></trkpt>
<trkpt lat="49.58548669999999" lon="0.2125517"><ele>36.25</ele></trkpt>
<trkpt lat="49.5855133" lon="0.212535"><ele>36.14</ele></trkpt>
<trkpt lat="49.5855417" lon="0.2125183"><ele>35.84</ele></trkpt>
<trkpt lat="49.5855683" lon="0.2125083"><ele>35.79</ele></trkpt>
<trkpt lat="49.5856017" lon="0.2125"><ele>35.9</ele></trkpt>
<trkpt lat="49.585635" lon="0.2124867"><ele>35.64</ele></trkpt>
<trkpt lat="49.58567170000001" lon="0.2124617"><ele>35.5</ele></trkpt>
<trkpt lat="49.58570169999999" lon="0.2124433"><ele>35.51</ele></trkpt>
<trkpt lat="49.58573" lon="0.2124317"><ele>35.41</ele></trkpt>
<trkpt lat="49.58576000000001" lon="0.21241"><ele>35.9</ele></trkpt>
<trkpt lat="49.5857883" lon="0.2123883"><ele>36</ele></trkpt>
<trkpt lat="49.5858183" lon="0.2123667"><ele>35.9</ele></trkpt>
<trkpt lat="49.58584669999999" lon="0.212345"><ele>36.03</ele></trkpt>
<trkpt lat="49.58587" lon="0.2123133"><ele>35.68</ele></trkpt>
<trkpt lat="49.5858917" lon="0.21228"><ele>35.08</ele></trkpt>
<trkpt lat="49.5859183" lon="0.2122567"><ele>34.41</ele></trkpt>
<trkpt lat="49.58594329999999" lon="0.2122367"><ele>34.15</ele></trkpt>
<trkpt lat="49.58596829999999" lon="0.212215"><ele>34.52</ele></trkpt>
<trkpt lat="49.5860017" lon="0.212195"><ele>34.93</ele></trkpt>
<trkpt lat="49.58603500000001" lon="0.2121717"><ele>35.16</ele></trkpt>
<trkpt lat="49.58606169999999" lon="0.2121583"><ele>35.37</ele></trkpt>
<trkpt lat="49.5860917" lon="0.2121483"><ele>35.63</ele></trkpt>
<trkpt lat="49.5861283" lon="0.2121367"><ele>36.21</ele></trkpt>
<trkpt lat="49.5861617" lon="0.21212"><ele>36.79</ele></trkpt>
<trkpt lat="49.58619" lon="0.21211"><ele>37.32</ele></trkpt>
<trkpt lat="49.5862283" lon="0.2120983"><ele>37.21</ele></trkpt>
<trkpt lat="49.5862617" lon="0.2120767"><ele>37.32</ele></trkpt>
<trkpt lat="49.58629499999999" lon="0.2120583"><ele>37.38</ele></trkpt>
<trkpt lat="49.5863317" lon="0.21205"><ele>37.38</ele></trkpt>
<trkpt lat="49.5863683" lon="0.2120467"><ele>37.61</ele></trkpt>
<trkpt lat="49.5864067" lon="0.21205"><ele>37.53</ele></trkpt>
<trkpt lat="49.5864367" lon="0.2120583"><ele>37.33</ele></trkpt>
<trkpt lat="49.58646499999999" lon="0.21207"><ele>37.2</ele></trkpt>
<trkpt lat="49.586495" lon="0.2120933"><ele>37.01</ele></trkpt>
<trkpt lat="49.586525" lon="0.2121067"><ele>37.26</ele></trkpt>
<trkpt lat="49.5865583" lon="0.2121217"><ele>37.11</ele></trkpt>
<trkpt lat="49.58659" lon="0.2121417"><ele>37.18</ele></trkpt>
<trkpt lat="49.586615" lon="0.2121583"><ele>37.22</ele></trkpt>
<trkpt lat="49.58664" lon="0.2121817"><ele>37.03</ele></trkpt>
<trkpt lat="49.586665" lon="0.2122017"><ele>36.68</ele></trkpt>
<trkpt lat="49.586695" lon="0.2122117"><ele>36.35</ele></trkpt>
<trkpt lat="49.586725" lon="0.2122"><ele>36.01</ele></trkpt>
<trkpt lat="49.5867533" lon="0.2121883"><ele>35.91</ele></trkpt>
<trkpt lat="49.58679000000001" lon="0.21218"><ele>36.22</ele></trkpt>
<trkpt lat="49.5868267" lon="0.2121933"><ele>36.67</ele></trkpt>
<trkpt lat="49.5868567" lon="0.21221"><ele>36.52</ele></trkpt>
<trkpt lat="49.5868833" lon="0.2122283"><ele>36.41</ele></trkpt>
<trkpt lat="49.58691" lon="0.212235"><ele>36.42</ele></trkpt>
<trkpt lat="49.58694" lon="0.2122467"><ele>36.18</ele></trkpt>
<trkpt lat="49.5869683" lon="0.2122583"><ele>36.34</ele></trkpt>
<trkpt lat="49.5870033" lon="0.2122717"><ele>36.77</ele></trkpt>
<trkpt lat="49.58704000000001" lon="0.21228"><ele>36.98</ele></trkpt>
<trkpt lat="49.5870767" lon="0.2122917"><ele>37.09</ele></trkpt>
<trkpt lat="49.5871133" lon="0.212305"><ele>36.87</ele></trkpt>
<trkpt lat="49.5871417" lon="0.2123133"><ele>36.71</ele></trkpt>
<trkpt lat="49.5871817" lon="0.2123217"><ele>36.7</ele></trkpt>
<trkpt lat="49.5872217" lon="0.2123283"><ele>36.66</ele></trkpt>
<trkpt lat="49.5872583" lon="0.2123267"><ele>36.86</ele></trkpt>
<trkpt lat="49.5872917" lon="0.212325"><ele>37.22</ele></trkpt>
<trkpt lat="49.587325" lon="0.212315"><ele>37.2</ele></trkpt>
<trkpt lat="49.5873567" lon="0.2122917"><ele>37.33</ele></trkpt>
<trkpt lat="49.58739" lon="0.2122617"><ele>37.47</ele></trkpt>
<trkpt lat="49.5874233" lon="0.2122367"><ele>37.78</ele></trkpt>
<trkpt lat="49.58745669999999" lon="0.212215"><ele>37.89</ele></trkpt>
<trkpt lat="49.5874917" lon="0.2121933"><ele>37.99</ele></trkpt>
<trkpt lat="49.58752329999999" lon="0.2121733"><ele>38.54</ele></trkpt>
<trkpt lat="49.587555" lon="0.2121533"><ele>38.62</ele></trkpt>
<trkpt lat="49.5875833" lon="0.2121317"><ele>38.57</ele></trkpt>
<trkpt lat="49.5876167" lon="0.2121033"><ele>38.78</ele></trkpt>
<trkpt lat="49.5876483" lon="0.21208"><ele>38.89</ele></trkpt>
<trkpt lat="49.58768330000001" lon="0.2120567"><ele>38.87</ele></trkpt>
<trkpt lat="49.5877167" lon="0.212035"><ele>38.87</ele></trkpt>
<trkpt lat="49.58774330000001" lon="0.212015"><ele>39.25</ele></trkpt>
<trkpt lat="49.587775" lon="0.21199"><ele>39.48</ele></trkpt>
<trkpt lat="49.5878" lon="0.21197"><ele>39.42</ele></trkpt>
<trkpt lat="49.5878333" lon="0.2119433"><ele>39.47</ele></trkpt>
<trkpt lat="49.5878583" lon="0.2119233"><ele>39.58</ele></trkpt>
<trkpt lat="49.58788329999999" lon="0.2119067"><ele>39.34</ele></trkpt>
<trkpt lat="49.5879183" lon="0.2118867"><ele>39.39</ele></trkpt>
<trkpt lat="49.58795" lon="0.2118633"><ele>39.59</ele></trkpt>
<trkpt lat="49.58798" lon="0.211845"><ele>39.27</ele></trkpt>
<trkpt lat="49.588005" lon="0.2118283"><ele>38.97</ele></trkpt>
<trkpt lat="49.5880383" lon="0.211805"><ele>38.74</ele></trkpt>
<trkpt lat="49.5880717" lon="0.2117817"><ele>38.41</ele></trkpt>
<trkpt lat="49.5880983" lon="0.2117533"><ele>38.49</ele></trkpt>
<trkpt lat="49.58812999999999" lon="0.2117217"><ele>39.01</ele></trkpt>
<trkpt lat="49.58816329999999" lon="0.2116983"><ele>39.55</ele></trkpt>
<trkpt lat="49.5882" lon="0.2116817"><ele>39.97</ele></trkpt>
<trkpt lat="49.5882367" lon="0.211665"><ele>39.9</ele></trkpt>
<trkpt lat="49.588275" lon="0.211645"><ele>39.66</ele></trkpt>
<trkpt lat="49.58829999999999" lon="0.2116267"><ele>39.35</ele></trkpt>
<trkpt lat="49.58832499999999" lon="0.21161"><ele>39.21</ele></trkpt>
<trkpt lat="49.5883633" lon="0.2115883"><ele>38.84</ele></trkpt>
<trkpt lat="49.58840169999999" lon="0.2115717"><ele>38.6</ele></trkpt>
<trkpt lat="49.58844" lon="0.2115583"><ele>38.78</ele></trkpt>
<trkpt lat="49.58847670000001" lon="0.211545"><ele>39.02</ele></trkpt>
<trkpt lat="49.5885133" lon="0.2115417"><ele>38.83</ele></trkpt>
<trkpt lat="49.58855" lon="0.2115417"><ele>38.61</ele></trkpt>
<trkpt lat="49.58857829999999" lon="0.21154"><ele>38.53</ele></trkpt>
<trkpt lat="49.58860829999999" lon="0.21154"><ele>38.41</ele></trkpt>
<trkpt lat="49.58864670000001" lon="0.2115467"><ele>38.74</ele></trkpt>
<trkpt lat="49.5886833" lon="0.2115583"><ele>38.93</ele></trkpt>
<trkpt lat="49.58872" lon="0.2115667"><ele>38.99</ele></trkpt>
<trkpt lat="49.5887567" lon="0.211565"><ele>39.06</ele></trkpt>
<trkpt lat="49.5887833" lon="0.211575"><ele>39.25</ele></trkpt>
<trkpt lat="49.58882000000001" lon="0.2115883"><ele>39.71</ele></trkpt>
<trkpt lat="49.5888567" lon="0.211595"><ele>40.22</ele></trkpt>
<trkpt lat="49.58889670000001" lon="0.2116017"><ele>40.62</ele></trkpt>
<trkpt lat="49.58893" lon="0.2116083"><ele>41.17</ele></trkpt>
<trkpt lat="49.5889667" lon="0.21162"><ele>41.19</ele></trkpt>
<trkpt lat="49.5890033" lon="0.21164"><ele>41.17</ele></trkpt>
<trkpt lat="49.5890317" lon="0.2116533"><ele>41.44</ele></trkpt>
<trkpt lat="49.589065" lon="0.2116767"><ele>41.66</ele></trkpt>
<trkpt lat="49.5890917" lon="0.211695"><ele>41.96</ele></trkpt>
<trkpt lat="49.58912" lon="0.211705"><ele>42.15</ele></trkpt>
<trkpt lat="49.5891517" lon="0.211715"><ele>41.89</ele></trkpt>
<trkpt lat="49.58918499999999" lon="0.2117283"><ele>42.23</ele></trkpt>
<trkpt lat="49.5892117" lon="0.2117483"><ele>42.72</ele></trkpt>
<trkpt lat="49.58923500000001" lon="0.2117767"><ele>43.28</ele></trkpt>
<trkpt lat="49.589265" lon="0.2118033"><ele>44.87</ele></trkpt>
<trkpt lat="49.589305" lon="0.21181"><ele>45.56</ele></trkpt>
<trkpt lat="49.5893317" lon="0.2118217"><ele>45.59</ele></trkpt>
<trkpt lat="49.5893617" lon="0.211835"><ele>45.36</ele></trkpt>
<trkpt lat="49.5893917" lon="0.2118467"><ele>44.96</ele></trkpt>
<trkpt lat="49.58942170000001" lon="0.2118583"><ele>44.88</ele></trkpt>
<trkpt lat="49.5894617" lon="0.2118783"><ele>44.54</ele></trkpt>
<trkpt lat="49.5894883" lon="0.21189"><ele>44.66</ele></trkpt>
<trkpt lat="49.58951500000001" lon="0.2119017"><ele>44.53</ele></trkpt>
<trkpt lat="49.58954169999999" lon="0.211915"><ele>44.43</ele></trkpt>
<trkpt lat="49.5895767" lon="0.2119267"><ele>44.72</ele></trkpt>
<trkpt lat="49.58961" lon="0.2119383"><ele>45.21</ele></trkpt>
<trkpt lat="49.58965" lon="0.2119567"><ele>45.62</ele></trkpt>
<trkpt lat="49.589685" lon="0.21197"><ele>45.6</ele></trkpt>
<trkpt lat="49.58972" lon="0.211985"><ele>45.4</ele></trkpt>
<trkpt lat="49.5897533" lon="0.2119917"><ele>45.04</ele></trkpt>
<trkpt lat="49.58979000000001" lon="0.2119983"><ele>44.62</ele></trkpt>
<trkpt lat="49.58982829999999" lon="0.2120017"><ele>44.36</ele></trkpt>
<trkpt lat="49.5898633" lon="0.21201"><ele>44.01</ele></trkpt>
<trkpt lat="49.5898933" lon="0.2120133"><ele>43.69</ele></trkpt>
<trkpt lat="49.589925" lon="0.212015"><ele>43.15</ele></trkpt>
<trkpt lat="49.58996499999999" lon="0.21203"><ele>42.95</ele></trkpt>
<trkpt lat="49.5900017" lon="0.21204"><ele>42.8</ele></trkpt>
<trkpt lat="49.5900417" lon="0.2120467"><ele>43.14</ele></trkpt>
<trkpt lat="49.59007829999999" lon="0.2120567"><ele>43.52</ele></trkpt>
<trkpt lat="49.59011670000001" lon="0.212065"><ele>44.25</ele></trkpt>
<trkpt lat="49.590155" lon="0.2120733"><ele>44.49</ele></trkpt>
<trkpt lat="49.5901917" lon="0.2120833"><ele>44.94</ele></trkpt>
<trkpt lat="49.5902283" lon="0.2120983"><ele>44.99</ele></trkpt>
<trkpt lat="49.59026" lon="0.2121117"><ele>44.91</ele></trkpt>
<trkpt lat="49.59029830000001" lon="0.2121233"><ele>45.06</ele></trkpt>
<trkpt lat="49.590335" lon="0.2121333"><ele>45</ele></trkpt>
<trkpt lat="49.5903733" lon="0.2121383"><ele>45.23</ele></trkpt>
<trkpt lat="49.59040830000001" lon="0.21214"><ele>45.71</ele></trkpt>
<trkpt lat="49.5904467" lon="0.2121467"><ele>46.45</ele></trkpt>
<trkpt lat="49.5904867" lon="0.2121567"><ele>47.43</ele></trkpt>
<trkpt lat="49.590515" lon="0.2121667"><ele>47.99</ele></trkpt>
<trkpt lat="49.59054829999999" lon="0.2121817"><ele>48.3</ele></trkpt>
<trkpt lat="49.59058670000001" lon="0.2122"><ele>48.71999999999999</ele></trkpt>
<trkpt lat="49.5906133" lon="0.2122117"><ele>48.94</ele></trkpt>
<trkpt lat="49.59064670000001" lon="0.21223"><ele>49.08</ele></trkpt>
<trkpt lat="49.59068169999999" lon="0.2122483"><ele>48.64</ele></trkpt>
<trkpt lat="49.59071829999999" lon="0.2122667"><ele>48.44</ele></trkpt>
<trkpt lat="49.590755" lon="0.21228"><ele>47.69</ele></trkpt>
<trkpt lat="49.5907867" lon="0.21227"><ele>47.52</ele></trkpt>
<trkpt lat="49.590815" lon="0.2122667"><ele>47.41</ele></trkpt>
<trkpt lat="49.59085499999999" lon="0.2122717"><ele>46.94</ele></trkpt>
<trkpt lat="49.5908983" lon="0.21228"><ele>47.07</ele></trkpt>
<trkpt lat="49.5909267" lon="0.212285"><ele>47.14</ele></trkpt>
<trkpt lat="49.59095669999999" lon="0.2122933"><ele>47.27999999999999</ele></trkpt>
<trkpt lat="49.590985" lon="0.2122983"><ele>47.13</ele></trkpt>
<trkpt lat="49.5910233" lon="0.2123083"><ele>46.64</ele></trkpt>
<trkpt lat="49.5910633" lon="0.212315"><ele>46.34</ele></trkpt>
<trkpt lat="49.59109170000001" lon="0.21232"><ele>46.13</ele></trkpt>
<trkpt lat="49.59112999999999" lon="0.2123217"><ele>45.93</ele></trkpt>
<trkpt lat="49.591165" lon="0.2123233"><ele>45.8</ele></trkpt>
<trkpt lat="49.591195" lon="0.2123283"><ele>45.93</ele></trkpt>
<trkpt lat="49.5912233" lon="0.2123317"><ele>46.31</ele></trkpt>
<trkpt lat="49.59126" lon="0.2123333"><ele>46.48</ele></trkpt>
<trkpt lat="49.59129169999999" lon="0.2123367"><ele>46.49</ele></trkpt>
<trkpt lat="49.5913317" lon="0.2123433"><ele>46.3</ele></trkpt>
<trkpt lat="49.5913583" lon="0.2123517"><ele>46.22</ele></trkpt>
<trkpt lat="49.5913983" lon="0.2123633"><ele>46.45</ele></trkpt>
<trkpt lat="49.5914317" lon="0.2123733"><ele>46.7</ele></trkpt>
<trkpt lat="49.5914617" lon="0.2123833"><ele>47.08</ele></trkpt>
<trkpt lat="49.59148999999999" lon="0.2123933"><ele>47.8</ele></trkpt>
<trkpt lat="49.591525" lon="0.2123983"><ele>49.02</ele></trkpt>
<trkpt lat="49.591555" lon="0.2124067"><ele>49.42999999999999</ele></trkpt>
<trkpt lat="49.5915833" lon="0.2124217"><ele>49.74</ele></trkpt>
<trkpt lat="49.59161" lon="0.2124317"><ele>50.09</ele></trkpt>
<trkpt lat="49.59163330000001" lon="0.2124567"><ele>50.02</ele></trkpt>
<trkpt lat="49.59167" lon="0.21248"><ele>49.78999999999999</ele></trkpt>
<trkpt lat="49.591695" lon="0.2124983"><ele>49.6</ele></trkpt>
<trkpt lat="49.5917183" lon="0.2125217"><ele>48.94</ele></trkpt>
<trkpt lat="49.5917517" lon="0.2125233"><ele>48.67</ele></trkpt>
<trkpt lat="49.5917817" lon="0.2125183"><ele>48.6</ele></trkpt>
<trkpt lat="49.5918133" lon="0.212515"><ele>48.61</ele></trkpt>
<trkpt lat="49.5918517" lon="0.21251"><ele>48.39</ele></trkpt>
<trkpt lat="49.5918867" lon="0.2125083"><ele>48.54</ele></trkpt>
<trkpt lat="49.5919167" lon="0.2125117"><ele>48.51</ele></trkpt>
<trkpt lat="49.591945" lon="0.2125"><ele>48.42</ele></trkpt>
<trkpt lat="49.59198170000001" lon="0.21248"><ele>48.43</ele></trkpt>
<trkpt lat="49.59201" lon="0.2124667"><ele>48.74</ele></trkpt>
<trkpt lat="49.59204" lon="0.2124567"><ele>48.94</ele></trkpt>
<trkpt lat="49.5920667" lon="0.21245"><ele>49.24</ele></trkpt>
<trkpt lat="49.59211" lon="0.2124533"><ele>49.88</ele></trkpt>
<trkpt lat="49.5921517" lon="0.21246"><ele>50.21999999999999</ele></trkpt>
<trkpt lat="49.59218169999999" lon="0.21247"><ele>50.53</ele></trkpt>
<trkpt lat="49.5922217" lon="0.2124683"><ele>51.01</ele></trkpt>
<trkpt lat="49.5922517" lon="0.2124767"><ele>51.45</ele></trkpt>
<trkpt lat="49.5922833" lon="0.212485"><ele>51.92</ele></trkpt>
<trkpt lat="49.5923233" lon="0.2124983"><ele>52.06</ele></trkpt>
<trkpt lat="49.5923517" lon="0.2125117"><ele>52.27</ele></trkpt>
<trkpt lat="49.5923783" lon="0.212525"><ele>52.12</ele></trkpt>
<trkpt lat="49.5924133" lon="0.2125433"><ele>52.23</ele></trkpt>
<trkpt lat="49.5924483" lon="0.2125617"><ele>51.96</ele></trkpt>
<trkpt lat="49.5924783" lon="0.2125817"><ele>51.71</ele></trkpt>
<trkpt lat="49.5925117" lon="0.2126"><ele>51.26</ele></trkpt>
<trkpt lat="49.59255329999999" lon="0.2126133"><ele>51.02</ele></trkpt>
<trkpt lat="49.59258" lon="0.2126217"><ele>50.76</ele></trkpt>
<trkpt lat="49.5926117" lon="0.2126333"><ele>50.56</ele></trkpt>
<trkpt lat="49.5926467" lon="0.2126333"><ele>50.23</ele></trkpt>
<trkpt lat="49.5926733" lon="0.2126433"><ele>49.57</ele></trkpt>
<trkpt lat="49.5927117" lon="0.2126517"><ele>48.99</ele></trkpt>
<trkpt lat="49.5927417" lon="0.2126533"><ele>48.57</ele></trkpt>
<trkpt lat="49.5927767" lon="0.2126633"><ele>47.49</ele></trkpt>
<trkpt lat="49.5928183" lon="0.2126683"><ele>47.12</ele></trkpt>
<trkpt lat="49.5928483" lon="0.2126667"><ele>47.18</ele></trkpt>
<trkpt lat="49.5928833" lon="0.212665"><ele>47.19</ele></trkpt>
<trkpt lat="49.5929183" lon="0.2126567"><ele>47.51</ele></trkpt>
<trkpt lat="49.5929467" lon="0.2126383"><ele>47.44</ele></trkpt>
<trkpt lat="49.5929767" lon="0.2126267"><ele>47.13</ele></trkpt>
<trkpt lat="49.59301170000001" lon="0.2126083"><ele>46.95</ele></trkpt>
<trkpt lat="49.59304000000001" lon="0.2125917"><ele>46.57</ele></trkpt>
<trkpt lat="49.59307" lon="0.2125867"><ele>46.24</ele></trkpt>
<trkpt lat="49.5931067" lon="0.21258"><ele>45.86</ele></trkpt>
<trkpt lat="49.5931367" lon="0.2125667"><ele>45.63</ele></trkpt>
<trkpt lat="49.5931667" lon="0.2125583"><ele>45.43</ele></trkpt>
<trkpt lat="49.5931967" lon="0.21255"><ele>45.39</ele></trkpt>
<trkpt lat="49.5932333" lon="0.21254"><ele>45.39</ele></trkpt>
<trkpt lat="49.5932717" lon="0.212545"><ele>45.57</ele></trkpt>
<trkpt lat="49.5933" lon="0.212555"><ele>45.84</ele></trkpt>
<trkpt lat="49.5933283" lon="0.21257"><ele>45.97</ele></trkpt>
<trkpt lat="49.593365" lon="0.2125867"><ele>46.17</ele></trkpt>
<trkpt lat="49.59340169999999" lon="0.2125967"><ele>46.16</ele></trkpt>
<trkpt lat="49.59343" lon="0.21261"><ele>46.51</ele></trkpt>
<trkpt lat="49.5934567" lon="0.2126233"><ele>46.67</ele></trkpt>
<trkpt lat="49.5934833" lon="0.2126367"><ele>46.78</ele></trkpt>
<trkpt lat="49.5935217" lon="0.21266"><ele>46.76</ele></trkpt>
<trkpt lat="49.59354830000001" lon="0.2126733"><ele>46.71</ele></trkpt>
<trkpt lat="49.59358329999999" lon="0.2126917"><ele>46.31</ele></trkpt>
<trkpt lat="49.593615" lon="0.212725"><ele>46</ele></trkpt>
<trkpt lat="49.5936517" lon="0.21274"><ele>45.89</ele></trkpt>
<trkpt lat="49.5936783" lon="0.2127583"><ele>45.98</ele></trkpt>
<trkpt lat="49.5936883" lon="0.2128"><ele>45.95</ele></trkpt>
<trkpt lat="49.59366829999999" lon="0.2127533"><ele>45.42</ele></trkpt>
<trkpt lat="49.5936917" lon="0.2127283"><ele>44.77</ele></trkpt>
<trkpt lat="49.5937133" lon="0.212695"><ele>44.07</ele></trkpt>
<trkpt lat="49.59374" lon="0.212675"><ele>43.56</ele></trkpt>
<trkpt lat="49.5937883" lon="0.2126433"><ele>42.71</ele></trkpt>
<trkpt lat="49.593825" lon="0.2126233"><ele>42.53</ele></trkpt>
<trkpt lat="49.5938567" lon="0.212595"><ele>42.49</ele></trkpt>
<trkpt lat="49.5938917" lon="0.2125683"><ele>42.39</ele></trkpt>
<trkpt lat="49.5939183" lon="0.2125317"><ele>42.2</ele></trkpt>
<trkpt lat="49.5939483" lon="0.2125"><ele>42.03</ele></trkpt>
<trkpt lat="49.5939733" lon="0.21247"><ele>42.01</ele></trkpt>
<trkpt lat="49.593995" lon="0.212445"><ele>42.08</ele></trkpt>
<trkpt lat="49.59401999999999" lon="0.2124217"><ele>42.55</ele></trkpt>
<trkpt lat="49.5940483" lon="0.2123967"><ele>43.32</ele></trkpt>
<trkpt lat="49.594075" lon="0.2123683"><ele>43.97</ele></trkpt>
<trkpt lat="49.5941" lon="0.21234"><ele>44.53</ele></trkpt>
<trkpt lat="49.5941317" lon="0.2123117"><ele>43.58</ele></trkpt>
<trkpt lat="49.5941683" lon="0.212295"><ele>43.08</ele></trkpt>
<trkpt lat="49.5942033" lon="0.212275"><ele>42.92</ele></trkpt>
<trkpt lat="49.5942283" lon="0.2122567"><ele>43.05</ele></trkpt>
<trkpt lat="49.59425670000001" lon="0.2122417"><ele>43.31</ele></trkpt>
<trkpt lat="49.5942867" lon="0.212235"><ele>43.59</ele></trkpt>
<trkpt lat="49.5943217" lon="0.2122233"><ele>44.32</ele></trkpt>
<trkpt lat="49.59436" lon="0.2122033"><ele>44.66</ele></trkpt>
<trkpt lat="49.594395" lon="0.2121817"><ele>45.01</ele></trkpt>
<trkpt lat="49.594435" lon="0.2121717"><ele>45.44</ele></trkpt>
<trkpt lat="49.59446499999999" lon="0.21216"><ele>45.32</ele></trkpt>
<trkpt lat="49.5944933" lon="0.2121517"><ele>45.52</ele></trkpt>
<trkpt lat="49.5945283" lon="0.2121467"><ele>46.06</ele></trkpt>
<trkpt lat="49.5945567" lon="0.212145"><ele>46.61</ele></trkpt>
<trkpt lat="49.594595" lon="0.2121367"><ele>47</ele></trkpt>
<trkpt lat="49.5946333" lon="0.2121267"><ele>47.1</ele></trkpt>
<trkpt lat="49.5946617" lon="0.2121233"><ele>46.92</ele></trkpt>
<trkpt lat="49.5946967" lon="0.2121217"><ele>46.63</ele></trkpt>
<trkpt lat="49.5947317" lon="0.212115"><ele>46.16</ele></trkpt>
<trkpt lat="49.5947683" lon="0.2121133"><ele>45.92</ele></trkpt>
<trkpt lat="49.594805" lon="0.2121067"><ele>45.46</ele></trkpt>
<trkpt lat="49.59484" lon="0.2120917"><ele>45.2</ele></trkpt>
<trkpt lat="49.5948667" lon="0.2120783"><ele>45.34</ele></trkpt>
<trkpt lat="49.59490000000001" lon="0.2120667"><ele>45.47</ele></trkpt>
<trkpt lat="49.5949367" lon="0.2120683"><ele>45.57</ele></trkpt>
<trkpt lat="49.594965" lon="0.2120633"><ele>45.81</ele></trkpt>
<trkpt lat="49.5950017" lon="0.21205"><ele>46.35</ele></trkpt>
<trkpt lat="49.5950317" lon="0.2120433"><ele>46.63</ele></trkpt>
<trkpt lat="49.59506170000001" lon="0.2120317"><ele>47.36</ele></trkpt>
<trkpt lat="49.5950933" lon="0.212035"><ele>48.44</ele></trkpt>
<trkpt lat="49.5951267" lon="0.2120333"><ele>48.65</ele></trkpt>
<trkpt lat="49.5951617" lon="0.2120267"><ele>48.59</ele></trkpt>
<trkpt lat="49.5951983" lon="0.2120233"><ele>48.25</ele></trkpt>
<trkpt lat="49.59523669999999" lon="0.2120217"><ele>48.03</ele></trkpt>
<trkpt lat="49.595265" lon="0.2120233"><ele>47.66</ele></trkpt>
<trkpt lat="49.59529500000001" lon="0.21203"><ele>46.5</ele></trkpt>
<trkpt lat="49.5953267" lon="0.2120517"><ele>46.62</ele></trkpt>
<trkpt lat="49.5953567" lon="0.2120617"><ele>46.7</ele></trkpt>
<trkpt lat="49.5953933" lon="0.2120583"><ele>46.52</ele></trkpt>
<trkpt lat="49.5954283" lon="0.21205"><ele>46.41</ele></trkpt>
<trkpt lat="49.5954583" lon="0.2120483"><ele>46.24</ele></trkpt>
<trkpt lat="49.5954867" lon="0.2120533"><ele>46.26</ele></trkpt>
<trkpt lat="49.59551669999999" lon="0.212045"><ele>46.35</ele></trkpt>
<trkpt lat="49.5955483" lon="0.21205"><ele>46.57</ele></trkpt>
<trkpt lat="49.5955767" lon="0.2120383"><ele>46.58</ele></trkpt>
<trkpt lat="49.59560499999999" lon="0.212025"><ele>46.74</ele></trkpt>
<trkpt lat="49.59564670000001" lon="0.2120167"><ele>47.04</ele></trkpt>
<trkpt lat="49.5956833" lon="0.2120083"><ele>47.67</ele></trkpt>
<trkpt lat="49.59571" lon="0.2120017"><ele>47.72</ele></trkpt>
<trkpt lat="49.5957367" lon="0.2119917"><ele>47.59</ele></trkpt>
<trkpt lat="49.5957733" lon="0.2119817"><ele>47.51</ele></trkpt>
<trkpt lat="49.59579999999999" lon="0.2119717"><ele>47.22999999999999</ele></trkpt>
<trkpt lat="49.5958333" lon="0.21197"><ele>47.16</ele></trkpt>
<trkpt lat="49.59586329999999" lon="0.2119667"><ele>47.2</ele></trkpt>
<trkpt lat="49.5958917" lon="0.2119633"><ele>47.02</ele></trkpt>
<trkpt lat="49.59592" lon="0.2119583"><ele>46.5</ele></trkpt>
<trkpt lat="49.5959467" lon="0.2119517"><ele>46.14</ele></trkpt>
<trkpt lat="49.5959767" lon="0.2119367"><ele>45.64</ele></trkpt>
<trkpt lat="49.5960067" lon="0.2119267"><ele>45.23</ele></trkpt>
<trkpt lat="49.5960333" lon="0.2119183"><ele>45.09</ele></trkpt>
<trkpt lat="49.5960633" lon="0.211905"><ele>44.96</ele></trkpt>
<trkpt lat="49.59610169999999" lon="0.2118983"><ele>44.98</ele></trkpt>
<trkpt lat="49.5961283" lon="0.2118917"><ele>44.76</ele></trkpt>
<trkpt lat="49.5961567" lon="0.211885"><ele>44.85</ele></trkpt>
<trkpt lat="49.5961917" lon="0.2118733"><ele>45.14</ele></trkpt>
<trkpt lat="49.59623" lon="0.2118533"><ele>45.77</ele></trkpt>
<trkpt lat="49.5962667" lon="0.2118383"><ele>46.56</ele></trkpt>
<trkpt lat="49.5963017" lon="0.211825"><ele>47.35</ele></trkpt>
<trkpt lat="49.5963317" lon="0.2118117"><ele>47.66</ele></trkpt>
<trkpt lat="49.596365" lon="0.211795"><ele>47.87</ele></trkpt>
<trkpt lat="49.59640169999999" lon="0.2117817"><ele>48.04</ele></trkpt>
<trkpt lat="49.59644" lon="0.2117633"><ele>48.17</ele></trkpt>
<trkpt lat="49.5964667" lon="0.2117517"><ele>48.59</ele></trkpt>
<trkpt lat="49.596505" lon="0.2117433"><ele>49.96999999999999</ele></trkpt>
<trkpt lat="49.5965433" lon="0.2117383"><ele>51.2</ele></trkpt>
<trkpt lat="49.5965683" lon="0.21171"><ele>51.34</ele></trkpt>
<trkpt lat="49.5966017" lon="0.21168"><ele>51.09</ele></trkpt>
<trkpt lat="49.5966383" lon="0.2116667"><ele>51.08</ele></trkpt>
<trkpt lat="49.59666829999999" lon="0.2116667"><ele>51.24</ele></trkpt>
<trkpt lat="49.596695" lon="0.2116783"><ele>51.28</ele></trkpt>
<trkpt lat="49.5967283" lon="0.2117017"><ele>51.44</ele></trkpt>
<trkpt lat="49.5967633" lon="0.2117283"><ele>51.58</ele></trkpt>
<trkpt lat="49.59679500000001" lon="0.211755"><ele>51.60999999999999</ele></trkpt>
<trkpt lat="49.59682169999999" lon="0.21177"><ele>51.32</ele></trkpt>
<trkpt lat="49.59685499999999" lon="0.211775"><ele>51.53999999999999</ele></trkpt>
<trkpt lat="49.59689" lon="0.2117867"><ele>51.68000000000001</ele></trkpt>
<trkpt lat="49.59692" lon="0.2117983"><ele>51.87</ele></trkpt>
<trkpt lat="49.59695" lon="0.2117933"><ele>52.21</ele></trkpt>
<trkpt lat="49.59698170000001" lon="0.2117833"><ele>52.73</ele></trkpt>
<trkpt lat="49.597015" lon="0.2117783"><ele>53.55</ele></trkpt>
<trkpt lat="49.5970467" lon="0.2117717"><ele>53.77</ele></trkpt>
<trkpt lat="49.597075" lon="0.2117717"><ele>53.84</ele></trkpt>
<trkpt lat="49.5971083" lon="0.2117667"><ele>54.14</ele></trkpt>
<trkpt lat="49.5971417" lon="0.211775"><ele>54.6</ele></trkpt>
<trkpt lat="49.597175" lon="0.2117767"><ele>54.99</ele></trkpt>
<trkpt lat="49.597205" lon="0.2117817"><ele>55.17</ele></trkpt>
<trkpt lat="49.59724000000001" lon="0.2117767"><ele>55.42</ele></trkpt>
<trkpt lat="49.5972717" lon="0.211775"><ele>55.99</ele></trkpt>
<trkpt lat="49.5973067" lon="0.211785"><ele>56.61</ele></trkpt>
<trkpt lat="49.59734170000001" lon="0.21177"><ele>56.72000000000001</ele></trkpt>
<trkpt lat="49.5973733" lon="0.211765"><ele>57.25999999999999</ele></trkpt>
<trkpt lat="49.5974083" lon="0.21177"><ele>57.14999999999999</ele></trkpt>
<trkpt lat="49.5974417" lon="0.2117783"><ele>57.18</ele></trkpt>
<trkpt lat="49.5974783" lon="0.2117833"><ele>57.50999999999999</ele></trkpt>
<trkpt lat="49.59751500000001" lon="0.2117767"><ele>57.98</ele></trkpt>
<trkpt lat="49.5975433" lon="0.211765"><ele>58.41</ele></trkpt>
<trkpt lat="49.5975733" lon="0.2117583"><ele>58.88</ele></trkpt>
<trkpt lat="49.5976067" lon="0.2117567"><ele>59.15000000000001</ele></trkpt>
<trkpt lat="49.59763829999999" lon="0.2117583"><ele>59.34</ele></trkpt>
<trkpt lat="49.597675" lon="0.2117633"><ele>59.35</ele></trkpt>
<trkpt lat="49.59771" lon="0.2117633"><ele>59.63</ele></trkpt>
<trkpt lat="49.59773670000001" lon="0.2117567"><ele>59.90000000000001</ele></trkpt>
<trkpt lat="49.59777" lon="0.2117617"><ele>60.36</ele></trkpt>
<trkpt lat="49.5978033" lon="0.211755"><ele>60.93</ele></trkpt>
<trkpt lat="49.5978317" lon="0.2117717"><ele>61.34</ele></trkpt>
<trkpt lat="49.5978633" lon="0.2117717"><ele>62.18</ele></trkpt>
<trkpt lat="49.5979" lon="0.2117717"><ele>63.08</ele></trkpt>
<trkpt lat="49.59793500000001" lon="0.2117767"><ele>63.2</ele></trkpt>
<trkpt lat="49.597975" lon="0.21178"><ele>64.06</ele></trkpt>
<trkpt lat="49.598005" lon="0.2117767"><ele>64.99</ele></trkpt>
<trkpt lat="49.5980433" lon="0.21179"><ele>66.16</ele></trkpt>
<trkpt lat="49.5980817" lon="0.2117967"><ele>67.38</ele></trkpt>
<trkpt lat="49.5981117" lon="0.2118"><ele>68.2</ele></trkpt>
<trkpt lat="49.5981417" lon="0.2118"><ele>68.93</ele></trkpt>
<trkpt lat="49.59818" lon="0.2118017"><ele>70.03</ele></trkpt>
<trkpt lat="49.59821169999999" lon="0.2117983"><ele>70.63</ele></trkpt>
<trkpt lat="49.5982433" lon="0.2117867"><ele>70.38</ele></trkpt>
<trkpt lat="49.598275" lon="0.211775"><ele>69.59</ele></trkpt>
<trkpt lat="49.5983133" lon="0.21177"><ele>68.74</ele></trkpt>
<trkpt lat="49.5983417" lon="0.21176"><ele>68.52</ele></trkpt>
<trkpt lat="49.5983683" lon="0.2117517"><ele>68.3</ele></trkpt>
<trkpt lat="49.59840830000001" lon="0.2117533"><ele>68.18</ele></trkpt>
<trkpt lat="49.5984467" lon="0.211755"><ele>68.11</ele></trkpt>
<trkpt lat="49.598485" lon="0.2117567"><ele>67.85</ele></trkpt>
<trkpt lat="49.598515" lon="0.2117567"><ele>67.44</ele></trkpt>
<trkpt lat="49.59854500000001" lon="0.2117517"><ele>67.2</ele></trkpt>
<trkpt lat="49.598585" lon="0.21175"><ele>67.11</ele></trkpt>
<trkpt lat="49.59861329999999" lon="0.21175"><ele>67.4</ele></trkpt>
<trkpt lat="49.5986517" lon="0.21175"><ele>68.06</ele></trkpt>
<trkpt lat="49.59868999999999" lon="0.2117533"><ele>68.95</ele></trkpt>
<trkpt lat="49.598725" lon="0.211755"><ele>69.52</ele></trkpt>
<trkpt lat="49.5987617" lon="0.2117567"><ele>69.58</ele></trkpt>
<trkpt lat="49.5987967" lon="0.2117567"><ele>69.83</ele></trkpt>
<trkpt lat="49.5988333" lon="0.21175"><ele>69.88</ele></trkpt>
<trkpt lat="49.59887670000001" lon="0.2117467"><ele>70.13</ele></trkpt>
<trkpt lat="49.59891330000001" lon="0.2117483"><ele>70.27</ele></trkpt>
<trkpt lat="49.59895" lon="0.2117467"><ele>70.49</ele></trkpt>
<trkpt lat="49.5989867" lon="0.2117583"><ele>70.38</ele></trkpt>
<trkpt lat="49.59902" lon="0.21176"><ele>70.28</ele></trkpt>
<trkpt lat="49.599055" lon="0.21176"><ele>70.69</ele></trkpt>
<trkpt lat="49.5990933" lon="0.21176"><ele>71.19</ele></trkpt>
<trkpt lat="49.5991283" lon="0.2117617"><ele>71.94</ele></trkpt>
<trkpt lat="49.59916330000001" lon="0.2117583"><ele>72.52</ele></trkpt>
<trkpt lat="49.599205" lon="0.2117583"><ele>73.45</ele></trkpt>
<trkpt lat="49.599235" lon="0.2117583"><ele>74.39</ele></trkpt>
<trkpt lat="49.5992633" lon="0.2117517"><ele>74.51</ele></trkpt>
<trkpt lat="49.59929169999999" lon="0.2117417"><ele>74.55</ele></trkpt>
<trkpt lat="49.59932" lon="0.211725"><ele>74.57</ele></trkpt>
<trkpt lat="49.59934670000001" lon="0.2117067"><ele>74.64</ele></trkpt>
<trkpt lat="49.5993783" lon="0.2116883"><ele>75.3</ele></trkpt>
<trkpt lat="49.5994117" lon="0.2116583"><ele>76.05</ele></trkpt>
<trkpt lat="49.59943830000001" lon="0.2116333"><ele>76.44</ele></trkpt>
<trkpt lat="49.5994683" lon="0.211605"><ele>77.07</ele></trkpt>
<trkpt lat="49.5995" lon="0.2115733"><ele>77.3</ele></trkpt>
<trkpt lat="49.599525" lon="0.21154"><ele>76.97</ele></trkpt>
<trkpt lat="49.5995517" lon="0.2115183"><ele>76.95</ele></trkpt>
<trkpt lat="49.5995767" lon="0.2114967"><ele>76.76</ele></trkpt>
<trkpt lat="49.599605" lon="0.211475"><ele>76.16</ele></trkpt>
<trkpt lat="49.5996383" lon="0.2114467"><ele>76.08</ele></trkpt>
<trkpt lat="49.599665" lon="0.2114267"><ele>76.07</ele></trkpt>
<trkpt lat="49.5996983" lon="0.2114033"><ele>76.15</ele></trkpt>
<trkpt lat="49.599725" lon="0.2113733"><ele>76.19</ele></trkpt>
<trkpt lat="49.59974499999999" lon="0.2113433"><ele>75.92</ele></trkpt>
<trkpt lat="49.5997767" lon="0.21131"><ele>76.06</ele></trkpt>
<trkpt lat="49.5998117" lon="0.2112767"><ele>75.72</ele></trkpt>
<trkpt lat="49.5998433" lon="0.2112433"><ele>75.98</ele></trkpt>
<trkpt lat="49.5998783" lon="0.211215"><ele>76.45</ele></trkpt>
<trkpt lat="49.5999033" lon="0.2111933"><ele>76.38</ele></trkpt>
<trkpt lat="49.59993" lon="0.2111617"><ele>76.02</ele></trkpt>
<trkpt lat="49.59995670000001" lon="0.2111317"><ele>75.6</ele></trkpt>
<trkpt lat="49.5999817" lon="0.21111"><ele>75.43</ele></trkpt>
<trkpt lat="49.6000083" lon="0.21109"><ele>75.29</ele></trkpt>
<trkpt lat="49.6000333" lon="0.21107"><ele>75.13</ele></trkpt>
<trkpt lat="49.6000583" lon="0.211045"><ele>74.65</ele></trkpt>
<trkpt lat="49.6000933" lon="0.2110133"><ele>74.64</ele></trkpt>
<trkpt lat="49.6001183" lon="0.2109883"><ele>75.17</ele></trkpt>
<trkpt lat="49.600145" lon="0.2109567"><ele>75.39</ele></trkpt>
<trkpt lat="49.60018" lon="0.2109233"><ele>75.02</ele></trkpt>
<trkpt lat="49.60020670000001" lon="0.210905"><ele>74.84</ele></trkpt>
<trkpt lat="49.60023" lon="0.2108783"><ele>74.69</ele></trkpt>
<trkpt lat="49.600255" lon="0.210855"><ele>74.69</ele></trkpt>
<trkpt lat="49.60029" lon="0.2108233"><ele>74.69</ele></trkpt>
<trkpt lat="49.60032500000001" lon="0.2107967"><ele>75.07</ele></trkpt>
<trkpt lat="49.60035" lon="0.2107767"><ele>75.32</ele></trkpt>
<trkpt lat="49.6003817" lon="0.2107483"><ele>75.14</ele></trkpt>
<trkpt lat="49.60040669999999" lon="0.2107183"><ele>74.3</ele></trkpt>
<trkpt lat="49.6004333" lon="0.2106883"><ele>73.8</ele></trkpt>
<trkpt lat="49.6004583" lon="0.21066"><ele>73.26</ele></trkpt>
<trkpt lat="49.6004933" lon="0.2106333"><ele>72.49</ele></trkpt>
<trkpt lat="49.6005267" lon="0.2105967"><ele>71.69</ele></trkpt>
<trkpt lat="49.6005583" lon="0.2105667"><ele>71.2</ele></trkpt>
<trkpt lat="49.6005933" lon="0.2105367"><ele>71.59</ele></trkpt>
<trkpt lat="49.600625" lon="0.2105067"><ele>71.8</ele></trkpt>
<trkpt lat="49.6006567" lon="0.2104767"><ele>72.35</ele></trkpt>
<trkpt lat="49.60068" lon="0.210455"><ele>73.1</ele></trkpt>
<trkpt lat="49.6007167" lon="0.2104233"><ele>74.24</ele></trkpt>
<trkpt lat="49.6007417" lon="0.2104067"><ele>74.77</ele></trkpt>
<trkpt lat="49.60077499999999" lon="0.2103767"><ele>75.38</ele></trkpt>
<trkpt lat="49.600805" lon="0.2103417"><ele>75.82</ele></trkpt>
<trkpt lat="49.60083" lon="0.2103217"><ele>75.94</ele></trkpt>
<trkpt lat="49.60086329999999" lon="0.2102917"><ele>76.02</ele></trkpt>
<trkpt lat="49.6008933" lon="0.210265"><ele>75.69</ele></trkpt>
<trkpt lat="49.6009283" lon="0.2102383"><ele>75.6</ele></trkpt>
<trkpt lat="49.60096169999999" lon="0.2102083"><ele>75.15</ele></trkpt>
<trkpt lat="49.600985" lon="0.2101817"><ele>74.92</ele></trkpt>
<trkpt lat="49.6010167" lon="0.2101467"><ele>74.4</ele></trkpt>
<trkpt lat="49.60104669999999" lon="0.21011"><ele>73.6</ele></trkpt>
<trkpt lat="49.6010683" lon="0.2100833"><ele>72.98</ele></trkpt>
<trkpt lat="49.60109" lon="0.2100583"><ele>72.31</ele></trkpt>
<trkpt lat="49.6011133" lon="0.210035"><ele>71.77</ele></trkpt>
<trkpt lat="49.6011383" lon="0.2100117"><ele>71.36</ele></trkpt>
<trkpt lat="49.6011617" lon="0.2099867"><ele>71.19</ele></trkpt>
<trkpt lat="49.6011867" lon="0.20996"><ele>71.26</ele></trkpt>
<trkpt lat="49.60121000000001" lon="0.2099317"><ele>71.5</ele></trkpt>
<trkpt lat="49.6012317" lon="0.2099033"><ele>71.72</ele></trkpt>
<trkpt lat="49.601255" lon="0.20987"><ele>71.86</ele></trkpt>
<trkpt lat="49.601275" lon="0.209835"><ele>72.19</ele></trkpt>
<trkpt lat="49.6012933" lon="0.2098017"><ele>72.35</ele></trkpt>
<trkpt lat="49.601315" lon="0.2097633"><ele>72.28</ele></trkpt>
<trkpt lat="49.6013367" lon="0.2097283"><ele>72.09</ele></trkpt>
<trkpt lat="49.60135500000001" lon="0.2096867"><ele>72.39</ele></trkpt>
<trkpt lat="49.60137170000001" lon="0.2096533"><ele>72.23</ele></trkpt>
<trkpt lat="49.60139329999999" lon="0.2096233"><ele>72.17</ele></trkpt>
<trkpt lat="49.6014217" lon="0.2095917"><ele>72.69</ele></trkpt>
<trkpt lat="49.60145" lon="0.2095633"><ele>72.99</ele></trkpt>
<trkpt lat="49.601475" lon="0.209535"><ele>73.31</ele></trkpt>
<trkpt lat="49.6014967" lon="0.2095067"><ele>73.36</ele></trkpt>
<trkpt lat="49.60152830000001" lon="0.2094667"><ele>72.95</ele></trkpt>
<trkpt lat="49.60155" lon="0.2094367"><ele>72.88</ele></trkpt>
<trkpt lat="49.6015817" lon="0.2093983"><ele>72.42</ele></trkpt>
<trkpt lat="49.6016033" lon="0.2093667"><ele>72.53</ele></trkpt>
<trkpt lat="49.60163330000001" lon="0.20933"><ele>72.5</ele></trkpt>
<trkpt lat="49.6016617" lon="0.2092883"><ele>72.41</ele></trkpt>
<trkpt lat="49.60169" lon="0.2092467"><ele>72.18</ele></trkpt>
<trkpt lat="49.60172" lon="0.2092133"><ele>72.33</ele></trkpt>
<trkpt lat="49.6017517" lon="0.2091817"><ele>72.46</ele></trkpt>
<trkpt lat="49.6017833" lon="0.20916"><ele>72.96</ele></trkpt>
<trkpt lat="49.6018183" lon="0.2091383"><ele>73.78</ele></trkpt>
<trkpt lat="49.60185499999999" lon="0.20912"><ele>74.07</ele></trkpt>
<trkpt lat="49.6018817" lon="0.2091083"><ele>74</ele></trkpt>
<trkpt lat="49.60191330000001" lon="0.2090967"><ele>73.7</ele></trkpt>
<trkpt lat="49.601945" lon="0.2090733"><ele>73.17</ele></trkpt>
<trkpt lat="49.60196500000001" lon="0.209045"><ele>72.94</ele></trkpt>
<trkpt lat="49.601985" lon="0.209005"><ele>72.78</ele></trkpt>
<trkpt lat="49.60199000000001" lon="0.2089533"><ele>72.33</ele></trkpt>
<trkpt lat="49.60198" lon="0.2089133"><ele>72.36</ele></trkpt>
<trkpt lat="49.6019583" lon="0.2088883"><ele>72.55</ele></trkpt>
<trkpt lat="49.60196" lon="0.208845"><ele>72.67</ele></trkpt>
<trkpt lat="49.6019467" lon="0.2088017"><ele>72.34</ele></trkpt>
<trkpt lat="49.60193169999999" lon="0.2087583"><ele>71.68</ele></trkpt>
<trkpt lat="49.60191829999999" lon="0.208715"><ele>71.22</ele></trkpt>
<trkpt lat="49.6018983" lon="0.2086783"><ele>71.12</ele></trkpt>
<trkpt lat="49.6018783" lon="0.208645"><ele>70.72</ele></trkpt>
<trkpt lat="49.6018567" lon="0.208595"><ele>70.16</ele></trkpt>
<trkpt lat="49.60183829999999" lon="0.2085433"><ele>69.81</ele></trkpt>
<trkpt lat="49.60181670000001" lon="0.2084967"><ele>69.41</ele></trkpt>
<trkpt lat="49.6017933" lon="0.2084583"><ele>69.08</ele></trkpt>
<trkpt lat="49.60176669999999" lon="0.2084133"><ele>68.74</ele></trkpt>
<trkpt lat="49.60174169999999" lon="0.2083767"><ele>68.5</ele></trkpt>
<trkpt lat="49.60171830000001" lon="0.20835"><ele>68.21</ele></trkpt>
<trkpt lat="49.6016967" lon="0.2083083"><ele>68.07</ele></trkpt>
<trkpt lat="49.601675" lon="0.20826"><ele>68.24</ele></trkpt>
<trkpt lat="49.60165500000001" lon="0.2082167"><ele>68.33</ele></trkpt>
<trkpt lat="49.60164329999999" lon="0.208165"><ele>68.51</ele></trkpt>
<trkpt lat="49.60164670000001" lon="0.20812"><ele>68.6</ele></trkpt>
<trkpt lat="49.60165" lon="0.2080783"><ele>68.11</ele></trkpt>
<trkpt lat="49.60165669999999" lon="0.2080283"><ele>67.73</ele></trkpt>
<trkpt lat="49.6016717" lon="0.207985"><ele>67.22</ele></trkpt>
<trkpt lat="49.60168169999999" lon="0.207945"><ele>66.91</ele></trkpt>
<trkpt lat="49.6016767" lon="0.20789"><ele>67.38</ele></trkpt>
<trkpt lat="49.60168169999999" lon="0.2078483"><ele>67.35</ele></trkpt>
<trkpt lat="49.60169" lon="0.207805"><ele>67.35</ele></trkpt>
<trkpt lat="49.6016983" lon="0.2077467"><ele>67.27</ele></trkpt>
<trkpt lat="49.60170670000001" lon="0.2077017"><ele>67.2</ele></trkpt>
<trkpt lat="49.6017117" lon="0.2076533"><ele>66.64</ele></trkpt>
<trkpt lat="49.6017217" lon="0.2076033"><ele>66.09</ele></trkpt>
<trkpt lat="49.60173170000001" lon="0.207555"><ele>66.07</ele></trkpt>
<trkpt lat="49.6017383" lon="0.2075067"><ele>66.74</ele></trkpt>
<trkpt lat="49.60174499999999" lon="0.2074583"><ele>67.26</ele></trkpt>
<trkpt lat="49.6017467" lon="0.2074067"><ele>67.55</ele></trkpt>
<trkpt lat="49.6017567" lon="0.20736"><ele>66.98</ele></trkpt>
<trkpt lat="49.6017617" lon="0.2073067"><ele>66.44</ele></trkpt>
<trkpt lat="49.6017633" lon="0.20725"><ele>66.28</ele></trkpt>
<trkpt lat="49.6017717" lon="0.2071967"><ele>65.75</ele></trkpt>
<trkpt lat="49.6017817" lon="0.2071533"><ele>64.9</ele></trkpt>
<trkpt lat="49.601785" lon="0.2071117"><ele>63.93</ele></trkpt>
<trkpt lat="49.6017817" lon="0.2070583"><ele>63.02</ele></trkpt>
<trkpt lat="49.6017817" lon="0.2070133"><ele>62.22</ele></trkpt>
<trkpt lat="49.60177829999999" lon="0.2069617"><ele>61.72</ele></trkpt>
<trkpt lat="49.6017717" lon="0.20691"><ele>61.29</ele></trkpt>
<trkpt lat="49.6017617" lon="0.2068667"><ele>61.29</ele></trkpt>
<trkpt lat="49.601755" lon="0.2068167"><ele>61.23999999999999</ele></trkpt>
<trkpt lat="49.6017483" lon="0.2067717"><ele>61.39</ele></trkpt>
<trkpt lat="49.6017383" lon="0.2067183"><ele>61.36999999999999</ele></trkpt>
<trkpt lat="49.6017267" lon="0.206675"><ele>61.21</ele></trkpt>
<trkpt lat="49.60171500000001" lon="0.2066267"><ele>60.98</ele></trkpt>
<trkpt lat="49.601705" lon="0.20657"><ele>60.32</ele></trkpt>
<trkpt lat="49.6016983" lon="0.206515"><ele>59.65000000000001</ele></trkpt>
<trkpt lat="49.601695" lon="0.2064683"><ele>58.98</ele></trkpt>
<trkpt lat="49.60169" lon="0.206425"><ele>58.45</ele></trkpt>
<trkpt lat="49.6016783" lon="0.2063783"><ele>57.95</ele></trkpt>
<trkpt lat="49.60166829999999" lon="0.20633"><ele>57.63</ele></trkpt>
<trkpt lat="49.60166" lon="0.2062867"><ele>57.02000000000001</ele></trkpt>
<trkpt lat="49.6016517" lon="0.2062467"><ele>56.29</ele></trkpt>
<trkpt lat="49.6016367" lon="0.2062017"><ele>55.74</ele></trkpt>
<trkpt lat="49.6016317" lon="0.20616"><ele>54.00999999999999</ele></trkpt>
<trkpt lat="49.6016183" lon="0.2061167"><ele>53.84</ele></trkpt>
<trkpt lat="49.6016067" lon="0.206025"><ele>55.41</ele></trkpt>
<trkpt lat="49.60161" lon="0.20597"><ele>56.17</ele></trkpt>
<trkpt lat="49.6016067" lon="0.2059183"><ele>55.68</ele></trkpt>
<trkpt lat="49.60159" lon="0.205885"><ele>55.29000000000001</ele></trkpt>
<trkpt lat="49.601565" lon="0.2058533"><ele>54.82</ele></trkpt>
<trkpt lat="49.6015383" lon="0.205825"><ele>54.57999999999999</ele></trkpt>
<trkpt lat="49.6015117" lon="0.2057883"><ele>54.19</ele></trkpt>
<trkpt lat="49.60148" lon="0.205755"><ele>54.25999999999999</ele></trkpt>
<trkpt lat="49.6014517" lon="0.20573"><ele>54.59000000000001</ele></trkpt>
<trkpt lat="49.60141829999999" lon="0.2057"><ele>54.5</ele></trkpt>
<trkpt lat="49.60138499999999" lon="0.20567"><ele>53.98</ele></trkpt>
<trkpt lat="49.60135500000001" lon="0.2056383"><ele>53.19</ele></trkpt>
<trkpt lat="49.60132169999999" lon="0.20561"><ele>52.46</ele></trkpt>
<trkpt lat="49.6012883" lon="0.2055833"><ele>51.59</ele></trkpt>
<trkpt lat="49.601255" lon="0.2055567"><ele>51.10999999999999</ele></trkpt>
<trkpt lat="49.6012333" lon="0.2055317"><ele>50.93000000000001</ele></trkpt>
<trkpt lat="49.6012033" lon="0.2054933"><ele>50.42</ele></trkpt>
<trkpt lat="49.60118" lon="0.205455"><ele>50.1</ele></trkpt>
<trkpt lat="49.6011567" lon="0.2054083"><ele>49.73</ele></trkpt>
<trkpt lat="49.6011367" lon="0.2053583"><ele>49.51</ele></trkpt>
<trkpt lat="49.60112170000001" lon="0.2053233"><ele>49.31</ele></trkpt>
<trkpt lat="49.60110000000001" lon="0.2052733"><ele>49.42999999999999</ele></trkpt>
<trkpt lat="49.60108" lon="0.2052267"><ele>49.77</ele></trkpt>
<trkpt lat="49.60106" lon="0.2051817"><ele>49.67</ele></trkpt>
<trkpt lat="49.60104" lon="0.20514"><ele>49.83</ele></trkpt>
<trkpt lat="49.6010183" lon="0.2050933"><ele>49.60999999999999</ele></trkpt>
<trkpt lat="49.6010017" lon="0.2050467"><ele>49.74</ele></trkpt>
<trkpt lat="49.60098670000001" lon="0.205005"><ele>49.98</ele></trkpt>
<trkpt lat="49.60096999999999" lon="0.20497"><ele>49.89999999999999</ele></trkpt>
<trkpt lat="49.6009533" lon="0.2049317"><ele>49.87</ele></trkpt>
<trkpt lat="49.60093" lon="0.2048817"><ele>49.74</ele></trkpt>
<trkpt lat="49.6009033" lon="0.204835"><ele>49.77</ele></trkpt>
<trkpt lat="49.6008817" lon="0.20479"><ele>50.07</ele></trkpt>
<trkpt lat="49.60085999999999" lon="0.20474"><ele>50.00000000000001</ele></trkpt>
<trkpt lat="49.6008383" lon="0.2046983"><ele>50.10999999999999</ele></trkpt>
<trkpt lat="49.6008217" lon="0.204665"><ele>50.14</ele></trkpt>
<trkpt lat="49.6008033" lon="0.204615"><ele>50.17</ele></trkpt>
<trkpt lat="49.6007867" lon="0.204565"><ele>50.35999999999999</ele></trkpt>
<trkpt lat="49.60077330000001" lon="0.204515"><ele>50.71999999999999</ele></trkpt>
<trkpt lat="49.6007533" lon="0.20446"><ele>50.53</ele></trkpt>
<trkpt lat="49.6007383" lon="0.20442"><ele>50.14999999999999</ele></trkpt>
<trkpt lat="49.60072" lon="0.204385"><ele>49.82</ele></trkpt>
<trkpt lat="49.60069829999999" lon="0.2043417"><ele>49.6</ele></trkpt>
<trkpt lat="49.60068" lon="0.2042917"><ele>49.15</ele></trkpt>
<trkpt lat="49.6006667" lon="0.204255"><ele>49.1</ele></trkpt>
<trkpt lat="49.6006483" lon="0.2042033"><ele>48.82</ele></trkpt>
<trkpt lat="49.6006367" lon="0.204165"><ele>49.07</ele></trkpt>
<trkpt lat="49.6006217" lon="0.20411"><ele>49.17</ele></trkpt>
<trkpt lat="49.60060330000001" lon="0.2040567"><ele>48.91</ele></trkpt>
<trkpt lat="49.6005867" lon="0.204005"><ele>48.7</ele></trkpt>
<trkpt lat="49.6005683" lon="0.2039517"><ele>48.77</ele></trkpt>
<trkpt lat="49.6005517" lon="0.2038983"><ele>48.92999999999999</ele></trkpt>
<trkpt lat="49.60054" lon="0.20386"><ele>49.19</ele></trkpt>
<trkpt lat="49.60052499999999" lon="0.2038067"><ele>49.52</ele></trkpt>
<trkpt lat="49.60051" lon="0.2037567"><ele>49.64</ele></trkpt>
<trkpt lat="49.60049830000001" lon="0.2037083"><ele>49.83</ele></trkpt>
<trkpt lat="49.60049169999999" lon="0.2036583"><ele>49.7</ele></trkpt>
<trkpt lat="49.60049000000001" lon="0.2036"><ele>49.67</ele></trkpt>
<trkpt lat="49.60049169999999" lon="0.2035417"><ele>49.53999999999999</ele></trkpt>
<trkpt lat="49.60049830000001" lon="0.2034883"><ele>49.85</ele></trkpt>
<trkpt lat="49.6005117" lon="0.2034367"><ele>49.38</ele></trkpt>
<trkpt lat="49.60052499999999" lon="0.2033867"><ele>48.54</ele></trkpt>
<trkpt lat="49.60052499999999" lon="0.2033383"><ele>48.37</ele></trkpt>
<trkpt lat="49.600535" lon="0.2032883"><ele>48.46</ele></trkpt>
<trkpt lat="49.600555" lon="0.2032383"><ele>48.14</ele></trkpt>
<trkpt lat="49.6005733" lon="0.2031883"><ele>47.89</ele></trkpt>
<trkpt lat="49.6005867" lon="0.203145"><ele>47.87</ele></trkpt>
<trkpt lat="49.60060169999999" lon="0.20311"><ele>47.94</ele></trkpt>
<trkpt lat="49.6006167" lon="0.203075"><ele>48.26</ele></trkpt>
<trkpt lat="49.60063829999999" lon="0.2030267"><ele>48.65</ele></trkpt>
<trkpt lat="49.6006583" lon="0.2029817"><ele>48.96999999999999</ele></trkpt>
<trkpt lat="49.6006783" lon="0.20294"><ele>48.71</ele></trkpt>
<trkpt lat="49.6007017" lon="0.2029"><ele>49.00000000000001</ele></trkpt>
<trkpt lat="49.6007217" lon="0.2028583"><ele>49.32</ele></trkpt>
<trkpt lat="49.6007433" lon="0.2028133"><ele>49.39</ele></trkpt>
<trkpt lat="49.6007633" lon="0.20277"><ele>49.02</ele></trkpt>
<trkpt lat="49.6007833" lon="0.202725"><ele>48.52</ele></trkpt>
<trkpt lat="49.6008033" lon="0.2026733"><ele>48.38</ele></trkpt>
<trkpt lat="49.6008267" lon="0.202625"><ele>48.14</ele></trkpt>
<trkpt lat="49.60084" lon="0.202575"><ele>47.78</ele></trkpt>
<trkpt lat="49.60085999999999" lon="0.2025267"><ele>47.57</ele></trkpt>
<trkpt lat="49.6008733" lon="0.2024717"><ele>47.83</ele></trkpt>
<trkpt lat="49.6008917" lon="0.2024167"><ele>47.7</ele></trkpt>
<trkpt lat="49.60091000000001" lon="0.202375"><ele>47.41</ele></trkpt>
<trkpt lat="49.6009317" lon="0.2023317"><ele>47.01</ele></trkpt>
<trkpt lat="49.6009467" lon="0.2022967"><ele>46.76</ele></trkpt>
<trkpt lat="49.6009667" lon="0.20225"><ele>46.48</ele></trkpt>
<trkpt lat="49.6009767" lon="0.2021933"><ele>46.16</ele></trkpt>
<trkpt lat="49.6009917" lon="0.2021467"><ele>45.81</ele></trkpt>
<trkpt lat="49.601005" lon="0.20209"><ele>45.84</ele></trkpt>
<trkpt lat="49.6010083" lon="0.2020483"><ele>45.93</ele></trkpt>
<trkpt lat="49.6010133" lon="0.2020033"><ele>45.87</ele></trkpt>
<trkpt lat="49.60103" lon="0.20195"><ele>45.61</ele></trkpt>
<trkpt lat="49.60104" lon="0.2018967"><ele>45.21</ele></trkpt>
<trkpt lat="49.6010417" lon="0.2018533"><ele>45.24</ele></trkpt>
<trkpt lat="49.60104669999999" lon="0.20181"><ele>45.08</ele></trkpt>
<trkpt lat="49.601055" lon="0.2017667"><ele>45.14</ele></trkpt>
<trkpt lat="49.60106" lon="0.2017233"><ele>45.16</ele></trkpt>
<trkpt lat="49.601065" lon="0.2016783"><ele>45.26</ele></trkpt>
<trkpt lat="49.6010683" lon="0.2016217"><ele>45.59</ele></trkpt>
<trkpt lat="49.6010733" lon="0.20157"><ele>46.02</ele></trkpt>
<trkpt lat="49.6010767" lon="0.2015167"><ele>46.3</ele></trkpt>
<trkpt lat="49.6010817" lon="0.20146"><ele>46.78</ele></trkpt>
<trkpt lat="49.601095" lon="0.20141"><ele>47.31</ele></trkpt>
<trkpt lat="49.60110000000001" lon="0.201355"><ele>47.49</ele></trkpt>
<trkpt lat="49.60110999999999" lon="0.2013017"><ele>47.56</ele></trkpt>
<trkpt lat="49.601115" lon="0.2012467"><ele>47.49</ele></trkpt>
<trkpt lat="49.6011283" lon="0.2011933"><ele>47.44</ele></trkpt>
<trkpt lat="49.60114" lon="0.2011383"><ele>47.99</ele></trkpt>
<trkpt lat="49.60114329999999" lon="0.2010783"><ele>48.75000000000001</ele></trkpt>
<trkpt lat="49.6011517" lon="0.2010233"><ele>49.38</ele></trkpt>
<trkpt lat="49.6011633" lon="0.2009717"><ele>50.24</ele></trkpt>
<trkpt lat="49.601175" lon="0.200925"><ele>50.87</ele></trkpt>
<trkpt lat="49.6011867" lon="0.2008767"><ele>51.45</ele></trkpt>
<trkpt lat="49.6011983" lon="0.2008283"><ele>52.21999999999999</ele></trkpt>
<trkpt lat="49.6012133" lon="0.2007817"><ele>53.06</ele></trkpt>
<trkpt lat="49.60121999999999" lon="0.2007233"><ele>53.06</ele></trkpt>
<trkpt lat="49.6012333" lon="0.2006667"><ele>53.06</ele></trkpt>
<trkpt lat="49.6012467" lon="0.2006117"><ele>53.07999999999999</ele></trkpt>
<trkpt lat="49.6012583" lon="0.2005583"><ele>52.28999999999999</ele></trkpt>
<trkpt lat="49.601275" lon="0.2005067"><ele>51.76</ele></trkpt>
<trkpt lat="49.60129" lon="0.2004583"><ele>51.18000000000001</ele></trkpt>
<trkpt lat="49.60130829999999" lon="0.2004067"><ele>50.17</ele></trkpt>
<trkpt lat="49.601325" lon="0.2003533"><ele>49.96999999999999</ele></trkpt>
<trkpt lat="49.60134670000001" lon="0.200305"><ele>49.78</ele></trkpt>
<trkpt lat="49.601365" lon="0.2002567"><ele>50.21</ele></trkpt>
<trkpt lat="49.6013883" lon="0.2002117"><ele>50.76</ele></trkpt>
<trkpt lat="49.6014167" lon="0.2001733"><ele>51.43000000000001</ele></trkpt>
<trkpt lat="49.60144330000001" lon="0.2001267"><ele>51.55</ele></trkpt>
<trkpt lat="49.60146830000001" lon="0.2000867"><ele>51.67</ele></trkpt>
<trkpt lat="49.6014983" lon="0.20006"><ele>51.75</ele></trkpt>
<trkpt lat="49.60153" lon="0.2000233"><ele>51.6</ele></trkpt>
<trkpt lat="49.60156" lon="0.1999933"><ele>51.58</ele></trkpt>
<trkpt lat="49.601585" lon="0.19997"><ele>51.66</ele></trkpt>
<trkpt lat="49.6016083" lon="0.1999483"><ele>51.89</ele></trkpt>
<trkpt lat="49.60164329999999" lon="0.19992"><ele>52.57</ele></trkpt>
<trkpt lat="49.6016767" lon="0.1998917"><ele>53.27</ele></trkpt>
<trkpt lat="49.6017117" lon="0.1998717"><ele>53.1</ele></trkpt>
<trkpt lat="49.6017383" lon="0.1998617"><ele>52.96999999999999</ele></trkpt>
<trkpt lat="49.601765" lon="0.1998533"><ele>52.8</ele></trkpt>
<trkpt lat="49.6017933" lon="0.1998467"><ele>52.7</ele></trkpt>
<trkpt lat="49.6018333" lon="0.199835"><ele>52.21999999999999</ele></trkpt>
<trkpt lat="49.6018617" lon="0.1998283"><ele>52.07999999999999</ele></trkpt>
<trkpt lat="49.6018933" lon="0.1998183"><ele>52.21999999999999</ele></trkpt>
<trkpt lat="49.60193169999999" lon="0.1998017"><ele>52.2</ele></trkpt>
<trkpt lat="49.6019633" lon="0.1997867"><ele>52.27</ele></trkpt>
<trkpt lat="49.6019933" lon="0.19978"><ele>52.45</ele></trkpt>
<trkpt lat="49.6020217" lon="0.1997717"><ele>52.85</ele></trkpt>
<trkpt lat="49.602055" lon="0.1997667"><ele>53.53</ele></trkpt>
<trkpt lat="49.602085" lon="0.19976"><ele>53.88</ele></trkpt>
<trkpt lat="49.6021233" lon="0.1997583"><ele>53.86000000000001</ele></trkpt>
<trkpt lat="49.60216" lon="0.1997483"><ele>54.28999999999999</ele></trkpt>
<trkpt lat="49.60218830000001" lon="0.199745"><ele>54.61</ele></trkpt>
<trkpt lat="49.602225" lon="0.1997467"><ele>55.06</ele></trkpt>
<trkpt lat="49.602255" lon="0.1997417"><ele>55.46999999999999</ele></trkpt>
<trkpt lat="49.6022833" lon="0.199735"><ele>55.85</ele></trkpt>
<trkpt lat="49.60231" lon="0.199725"><ele>56.5</ele></trkpt>
<trkpt lat="49.602345" lon="0.1997183"><ele>56.43</ele></trkpt>
<trkpt lat="49.6023833" lon="0.199715"><ele>55.84000000000001</ele></trkpt>
<trkpt lat="49.6024217" lon="0.1997067"><ele>55.67</ele></trkpt>
<trkpt lat="49.60245" lon="0.1997"><ele>55.68</ele></trkpt>
<trkpt lat="49.6024767" lon="0.1996933"><ele>55.66</ele></trkpt>
<trkpt lat="49.6025033" lon="0.1996867"><ele>55.48</ele></trkpt>
<trkpt lat="49.6025317" lon="0.1996817"><ele>55.37</ele></trkpt>
<trkpt lat="49.60256" lon="0.19968"><ele>55.04000000000001</ele></trkpt>
<trkpt lat="49.60259" lon="0.199685"><ele>54.71999999999999</ele></trkpt>
<trkpt lat="49.6026183" lon="0.19968"><ele>54.74</ele></trkpt>
<trkpt lat="49.60266000000001" lon="0.1996733"><ele>55.32</ele></trkpt>
<trkpt lat="49.60268669999999" lon="0.1996633"><ele>56</ele></trkpt>
<trkpt lat="49.6027133" lon="0.1996567"><ele>56.95</ele></trkpt>
<trkpt lat="49.6027517" lon="0.1996517"><ele>57.79</ele></trkpt>
<trkpt lat="49.6027833" lon="0.1996483"><ele>58.04</ele></trkpt>
<trkpt lat="49.60281" lon="0.1996367"><ele>58.06</ele></trkpt>
<trkpt lat="49.6028367" lon="0.1996267"><ele>57.67</ele></trkpt>
<trkpt lat="49.6028667" lon="0.199615"><ele>57.55</ele></trkpt>
<trkpt lat="49.60289329999999" lon="0.1996067"><ele>57.81</ele></trkpt>
<trkpt lat="49.60293170000001" lon="0.199595"><ele>58.39999999999999</ele></trkpt>
<trkpt lat="49.60296999999999" lon="0.1995817"><ele>59.25</ele></trkpt>
<trkpt lat="49.6029983" lon="0.1995767"><ele>59.57999999999999</ele></trkpt>
<trkpt lat="49.6030267" lon="0.199575"><ele>59.88</ele></trkpt>
<trkpt lat="49.6030633" lon="0.1995683"><ele>59.98999999999999</ele></trkpt>
<trkpt lat="49.6031" lon="0.19955"><ele>59.84</ele></trkpt>
<trkpt lat="49.6031367" lon="0.19954"><ele>59.84</ele></trkpt>
<trkpt lat="49.6031717" lon="0.1995267"><ele>59.8</ele></trkpt>
<trkpt lat="49.6032" lon="0.199505"><ele>59.68999999999999</ele></trkpt>
<trkpt lat="49.60323170000001" lon="0.1994917"><ele>59.40000000000001</ele></trkpt>
<trkpt lat="49.6032583" lon="0.1994817"><ele>59.41</ele></trkpt>
<trkpt lat="49.6032967" lon="0.19947"><ele>60.09999999999999</ele></trkpt>
<trkpt lat="49.603325" lon="0.199465"><ele>60.16999999999999</ele></trkpt>
<trkpt lat="49.6033533" lon="0.19946"><ele>60.32</ele></trkpt>
<trkpt lat="49.60338000000001" lon="0.1994517"><ele>60.5</ele></trkpt>
<trkpt lat="49.6034217" lon="0.1994433"><ele>60.65</ele></trkpt>
<trkpt lat="49.60345" lon="0.19944"><ele>61.04999999999999</ele></trkpt>
<trkpt lat="49.60348" lon="0.1994333"><ele>61.56</ele></trkpt>
<trkpt lat="49.6035083" lon="0.1994267"><ele>62.2</ele></trkpt>
<trkpt lat="49.603535" lon="0.19942"><ele>62.9</ele></trkpt>
<trkpt lat="49.6035633" lon="0.1994167"><ele>63.34999999999999</ele></trkpt>
<trkpt lat="49.6035933" lon="0.199415"><ele>63.52</ele></trkpt>
<trkpt lat="49.6036317" lon="0.19941"><ele>63.72</ele></trkpt>
<trkpt lat="49.6036583" lon="0.1994033"><ele>64.08</ele></trkpt>
<trkpt lat="49.6037" lon="0.1994017"><ele>64.44</ele></trkpt>
<trkpt lat="49.60373" lon="0.1993967"><ele>64.53</ele></trkpt>
<trkpt lat="49.6037583" lon="0.1993883"><ele>64.56</ele></trkpt>
<trkpt lat="49.6037867" lon="0.1993783"><ele>64.65</ele></trkpt>
<trkpt lat="49.603815" lon="0.1993667"><ele>64.84</ele></trkpt>
<trkpt lat="49.6038433" lon="0.1993567"><ele>64.86</ele></trkpt>
<trkpt lat="49.60387" lon="0.19935"><ele>64.61</ele></trkpt>
<trkpt lat="49.6039067" lon="0.1993417"><ele>63.98999999999999</ele></trkpt>
<trkpt lat="49.603945" lon="0.1993367"><ele>64.45</ele></trkpt>
<trkpt lat="49.60397329999999" lon="0.1993317"><ele>65.1</ele></trkpt>
<trkpt lat="49.6040067" lon="0.1993267"><ele>65.42</ele></trkpt>
<trkpt lat="49.6040383" lon="0.1993183"><ele>65.58</ele></trkpt>
<trkpt lat="49.60408" lon="0.1993117"><ele>65.11</ele></trkpt>
<trkpt lat="49.60410999999999" lon="0.1993083"><ele>64.92</ele></trkpt>
<trkpt lat="49.6041383" lon="0.1993067"><ele>64.56</ele></trkpt>
<trkpt lat="49.6041783" lon="0.1992983"><ele>64.08</ele></trkpt>
<trkpt lat="49.604205" lon="0.19929"><ele>63.76000000000001</ele></trkpt>
<trkpt lat="49.6042333" lon="0.19928"><ele>63.16</ele></trkpt>
<trkpt lat="49.60427000000001" lon="0.1992567"><ele>62.54</ele></trkpt>
<trkpt lat="49.6043017" lon="0.19924"><ele>62.61999999999999</ele></trkpt>
<trkpt lat="49.60433330000001" lon="0.199245"><ele>63.22999999999999</ele></trkpt>
<trkpt lat="49.6043617" lon="0.1992433"><ele>63.22999999999999</ele></trkpt>
<trkpt lat="49.6043883" lon="0.1992317"><ele>63.41999999999999</ele></trkpt>
<trkpt lat="49.6044133" lon="0.1992083"><ele>63.45</ele></trkpt>
<trkpt lat="49.604445" lon="0.1991733"><ele>63.29</ele></trkpt>
<trkpt lat="49.604475" lon="0.199145"><ele>63.01000000000001</ele></trkpt>
<trkpt lat="49.6045017" lon="0.1991133"><ele>62.72999999999999</ele></trkpt>
<trkpt lat="49.6045217" lon="0.1990833"><ele>62.43</ele></trkpt>
<trkpt lat="49.60454669999999" lon="0.1990517"><ele>62.11</ele></trkpt>
<trkpt lat="49.6045683" lon="0.1990267"><ele>61.9</ele></trkpt>
<trkpt lat="49.60459" lon="0.199"><ele>61.7</ele></trkpt>
<trkpt lat="49.6046133" lon="0.19896"><ele>61.23999999999999</ele></trkpt>
<trkpt lat="49.60463169999999" lon="0.1989217"><ele>61.23</ele></trkpt>
<trkpt lat="49.6046483" lon="0.198885"><ele>61.16</ele></trkpt>
<trkpt lat="49.60466499999999" lon="0.1988467"><ele>61</ele></trkpt>
<trkpt lat="49.6046883" lon="0.1987983"><ele>60.41</ele></trkpt>
<trkpt lat="49.60471" lon="0.198755"><ele>60.02</ele></trkpt>
<trkpt lat="49.60473" lon="0.1987133"><ele>59.77</ele></trkpt>
<trkpt lat="49.60474" lon="0.1986733"><ele>59.6</ele></trkpt>
<trkpt lat="49.6047567" lon="0.1986317"><ele>59.40000000000001</ele></trkpt>
<trkpt lat="49.6047733" lon="0.19858"><ele>59.27</ele></trkpt>
<trkpt lat="49.6047867" lon="0.1985217"><ele>59.25999999999999</ele></trkpt>
<trkpt lat="49.60479500000001" lon="0.1984633"><ele>58.95000000000001</ele></trkpt>
<trkpt lat="49.6048017" lon="0.1984033"><ele>58.6</ele></trkpt>
<trkpt lat="49.60480330000001" lon="0.19836"><ele>58.41999999999999</ele></trkpt>
<trkpt lat="49.60479500000001" lon="0.1983067"><ele>57.18999999999999</ele></trkpt>
<trkpt lat="49.6047933" lon="0.198245"><ele>56.25</ele></trkpt>
<trkpt lat="49.6047867" lon="0.1981817"><ele>55.78</ele></trkpt>
<trkpt lat="49.6047867" lon="0.1981367"><ele>55.44</ele></trkpt>
<trkpt lat="49.6047817" lon="0.19809"><ele>55.27</ele></trkpt>
<trkpt lat="49.6047733" lon="0.1980467"><ele>55.1</ele></trkpt>
<trkpt lat="49.60476670000001" lon="0.198005"><ele>54.74</ele></trkpt>
<trkpt lat="49.604765" lon="0.1979617"><ele>54.25</ele></trkpt>
<trkpt lat="49.6047583" lon="0.197915"><ele>54.09</ele></trkpt>
<trkpt lat="49.604755" lon="0.1978667"><ele>54.14999999999999</ele></trkpt>
<trkpt lat="49.60475" lon="0.1978083"><ele>54.32</ele></trkpt>
<trkpt lat="49.6047367" lon="0.197745"><ele>54.38</ele></trkpt>
<trkpt lat="49.6047217" lon="0.1977067"><ele>54.36</ele></trkpt>
<trkpt lat="49.6047117" lon="0.1976533"><ele>54.45</ele></trkpt>
<trkpt lat="49.6047033" lon="0.1976067"><ele>54.48</ele></trkpt>
<trkpt lat="49.60469330000001" lon="0.1975667"><ele>54.37</ele></trkpt>
<trkpt lat="49.6046833" lon="0.197525"><ele>54.45</ele></trkpt>
<trkpt lat="49.6046717" lon="0.197475"><ele>54.39</ele></trkpt>
<trkpt lat="49.60466" lon="0.1974333"><ele>54.43</ele></trkpt>
<trkpt lat="49.6046483" lon="0.1973917"><ele>54.54000000000001</ele></trkpt>
<trkpt lat="49.60464" lon="0.1973517"><ele>54.48</ele></trkpt>
<trkpt lat="49.604625" lon="0.1972933"><ele>54.43</ele></trkpt>
<trkpt lat="49.6046117" lon="0.1972517"><ele>54.45</ele></trkpt>
<trkpt lat="49.60459670000001" lon="0.1972117"><ele>54.28999999999999</ele></trkpt>
<trkpt lat="49.6045783" lon="0.19716"><ele>54</ele></trkpt>
<trkpt lat="49.6045633" lon="0.1971233"><ele>54.21</ele></trkpt>
<trkpt lat="49.60454500000001" lon="0.197065"><ele>54.35</ele></trkpt>
<trkpt lat="49.604535" lon="0.1970233"><ele>54.49</ele></trkpt>
<trkpt lat="49.6045183" lon="0.19697"><ele>54.71999999999999</ele></trkpt>
<trkpt lat="49.6045033" lon="0.1969333"><ele>54.91</ele></trkpt>
<trkpt lat="49.6044917" lon="0.196895"><ele>54.88</ele></trkpt>
<trkpt lat="49.60447829999999" lon="0.1968533"><ele>54.93</ele></trkpt>
<trkpt lat="49.6044667" lon="0.1968133"><ele>55.11</ele></trkpt>
<trkpt lat="49.6044567" lon="0.1967717"><ele>55.31</ele></trkpt>
<trkpt lat="49.6044383" lon="0.1967317"><ele>55.44</ele></trkpt>
<trkpt lat="49.604425" lon="0.1966933"><ele>55.62</ele></trkpt>
<trkpt lat="49.6044133" lon="0.196655"><ele>55.88</ele></trkpt>
<trkpt lat="49.6043983" lon="0.1966167"><ele>56.2</ele></trkpt>
<trkpt lat="49.6043867" lon="0.1965767"><ele>56.32</ele></trkpt>
<trkpt lat="49.6043733" lon="0.1965367"><ele>56.25999999999999</ele></trkpt>
<trkpt lat="49.60436" lon="0.1965"><ele>56.1</ele></trkpt>
<trkpt lat="49.60434670000001" lon="0.19646"><ele>55.89999999999999</ele></trkpt>
<trkpt lat="49.6043367" lon="0.1964183"><ele>55.77</ele></trkpt>
<trkpt lat="49.6043233" lon="0.19638"><ele>55.6</ele></trkpt>
<trkpt lat="49.6043017" lon="0.1963267"><ele>55.44</ele></trkpt>
<trkpt lat="49.60429" lon="0.1962883"><ele>55.54000000000001</ele></trkpt>
<trkpt lat="49.604275" lon="0.1962533"><ele>55.46</ele></trkpt>
<trkpt lat="49.604255" lon="0.1962017"><ele>55.36</ele></trkpt>
<trkpt lat="49.60424" lon="0.196165"><ele>55.43</ele></trkpt>
<trkpt lat="49.6042267" lon="0.1961267"><ele>55.75</ele></trkpt>
<trkpt lat="49.604215" lon="0.1960833"><ele>56.32999999999999</ele></trkpt>
<trkpt lat="49.60419330000001" lon="0.1960367"><ele>56.17</ele></trkpt>
<trkpt lat="49.604175" lon="0.1959917"><ele>55.12</ele></trkpt>
<trkpt lat="49.6041567" lon="0.19594"><ele>53.74</ele></trkpt>
<trkpt lat="49.6041383" lon="0.1958833"><ele>52.76</ele></trkpt>
<trkpt lat="49.6041183" lon="0.195835"><ele>52.46999999999999</ele></trkpt>
<trkpt lat="49.60410169999999" lon="0.1957783"><ele>51.84</ele></trkpt>
<trkpt lat="49.6040883" lon="0.195725"><ele>51.57</ele></trkpt>
<trkpt lat="49.60407" lon="0.1956867"><ele>52.05</ele></trkpt>
<trkpt lat="49.60407" lon="0.1956383"><ele>52.13</ele></trkpt>
<trkpt lat="49.6040617" lon="0.1955967"><ele>52.14999999999999</ele></trkpt>
<trkpt lat="49.6040483" lon="0.1955583"><ele>52.55</ele></trkpt>
<trkpt lat="49.604035" lon="0.1955217"><ele>53.06</ele></trkpt>
<trkpt lat="49.60402330000001" lon="0.1954833"><ele>52.99</ele></trkpt>
<trkpt lat="49.60400829999999" lon="0.1954317"><ele>53.03</ele></trkpt>
<trkpt lat="49.60399830000001" lon="0.19539"><ele>53.14</ele></trkpt>
<trkpt lat="49.6039883" lon="0.1953467"><ele>53.34</ele></trkpt>
<trkpt lat="49.60398" lon="0.1953033"><ele>53.51</ele></trkpt>
<trkpt lat="49.6039667" lon="0.195265"><ele>53.55</ele></trkpt>
<trkpt lat="49.6039517" lon="0.1952233"><ele>53.56</ele></trkpt>
<trkpt lat="49.60393830000001" lon="0.1951833"><ele>53.49</ele></trkpt>
<trkpt lat="49.603925" lon="0.195145"><ele>53.55</ele></trkpt>
<trkpt lat="49.60391330000001" lon="0.1951"><ele>53.99</ele></trkpt>
<trkpt lat="49.6039067" lon="0.1950583"><ele>54.39</ele></trkpt>
<trkpt lat="49.6038917" lon="0.1949967"><ele>54.52</ele></trkpt>
<trkpt lat="49.6038817" lon="0.194955"><ele>54.53</ele></trkpt>
<trkpt lat="49.6038683" lon="0.194905"><ele>54.48</ele></trkpt>
<trkpt lat="49.603855" lon="0.1948517"><ele>54.1</ele></trkpt>
<trkpt lat="49.6038367" lon="0.1948017"><ele>54.06</ele></trkpt>
<trkpt lat="49.60382500000001" lon="0.1947633"><ele>54.14999999999999</ele></trkpt>
<trkpt lat="49.6038067" lon="0.1947083"><ele>54.13</ele></trkpt>
<trkpt lat="49.6037967" lon="0.1946583"><ele>53.99</ele></trkpt>
<trkpt lat="49.6037833" lon="0.1946017"><ele>53.8</ele></trkpt>
<trkpt lat="49.60377499999999" lon="0.19456"><ele>54.03</ele></trkpt>
<trkpt lat="49.6037617" lon="0.1945033"><ele>54.24</ele></trkpt>
<trkpt lat="49.60375329999999" lon="0.1944633"><ele>54.07</ele></trkpt>
<trkpt lat="49.603745" lon="0.1944217"><ele>53.89999999999999</ele></trkpt>
<trkpt lat="49.6037383" lon="0.19438"><ele>53.63</ele></trkpt>
<trkpt lat="49.60373" lon="0.19432"><ele>52.96</ele></trkpt>
<trkpt lat="49.603725" lon="0.1942783"><ele>52.52</ele></trkpt>
<trkpt lat="49.6037217" lon="0.1942217"><ele>51.87</ele></trkpt>
<trkpt lat="49.6037283" lon="0.19417"><ele>51.39999999999999</ele></trkpt>
<trkpt lat="49.6037333" lon="0.1941267"><ele>51.13</ele></trkpt>
<trkpt lat="49.6037417" lon="0.1940817"><ele>50.83</ele></trkpt>
<trkpt lat="49.60375329999999" lon="0.1940267"><ele>50.37</ele></trkpt>
<trkpt lat="49.6037617" lon="0.193985"><ele>50.45</ele></trkpt>
<trkpt lat="49.6037567" lon="0.1939433"><ele>50.98</ele></trkpt>
<trkpt lat="49.60374830000001" lon="0.19389"><ele>52.07999999999999</ele></trkpt>
<trkpt lat="49.60377" lon="0.1938583"><ele>53.84</ele></trkpt>
<trkpt lat="49.603795" lon="0.193835"><ele>56</ele></trkpt>
<trkpt lat="49.6038033" lon="0.19379"><ele>55.46999999999999</ele></trkpt>
<trkpt lat="49.6038133" lon="0.193745"><ele>55.29000000000001</ele></trkpt>
<trkpt lat="49.60382500000001" lon="0.193685"><ele>55.09000000000001</ele></trkpt>
<trkpt lat="49.60383829999999" lon="0.1936383"><ele>54.96</ele></trkpt>
<trkpt lat="49.6038483" lon="0.1935933"><ele>54.86</ele></trkpt>
<trkpt lat="49.60385999999999" lon="0.1935533"><ele>54.75999999999999</ele></trkpt>
<trkpt lat="49.60387" lon="0.1935033"><ele>55.06</ele></trkpt>
<trkpt lat="49.6038817" lon="0.1934583"><ele>54.96999999999999</ele></trkpt>
<trkpt lat="49.6038933" lon="0.1934117"><ele>54.71999999999999</ele></trkpt>
<trkpt lat="49.603905" lon="0.1933617"><ele>54.73</ele></trkpt>
<trkpt lat="49.6039183" lon="0.1933167"><ele>55.00999999999999</ele></trkpt>
<trkpt lat="49.60393" lon="0.1932667"><ele>55.14999999999999</ele></trkpt>
<trkpt lat="49.6039417" lon="0.1932167"><ele>55.41</ele></trkpt>
<trkpt lat="49.6039517" lon="0.1931683"><ele>55.89999999999999</ele></trkpt>
<trkpt lat="49.60396169999999" lon="0.1931183"><ele>56.31</ele></trkpt>
<trkpt lat="49.6039717" lon="0.1930683"><ele>56.50999999999999</ele></trkpt>
<trkpt lat="49.6039833" lon="0.1930167"><ele>56.56</ele></trkpt>
<trkpt lat="49.6039933" lon="0.192965"><ele>56.64999999999999</ele></trkpt>
<trkpt lat="49.6040067" lon="0.1929117"><ele>56.75</ele></trkpt>
<trkpt lat="49.6040167" lon="0.1928617"><ele>56.75</ele></trkpt>
<trkpt lat="49.60402499999999" lon="0.1928067"><ele>57.00999999999999</ele></trkpt>
<trkpt lat="49.60403329999999" lon="0.1927517"><ele>57.31</ele></trkpt>
<trkpt lat="49.6040417" lon="0.1926967"><ele>57.45</ele></trkpt>
<trkpt lat="49.6040483" lon="0.1926433"><ele>57.61</ele></trkpt>
<trkpt lat="49.604055" lon="0.1925917"><ele>57.84</ele></trkpt>
<trkpt lat="49.60406" lon="0.1925367"><ele>57.93</ele></trkpt>
<trkpt lat="49.604065" lon="0.192485"><ele>58.14</ele></trkpt>
<trkpt lat="49.6040683" lon="0.1924333"><ele>58.57999999999999</ele></trkpt>
<trkpt lat="49.60407170000001" lon="0.19238"><ele>58.90000000000001</ele></trkpt>
<trkpt lat="49.60407170000001" lon="0.1923333"><ele>59.04</ele></trkpt>
<trkpt lat="49.6040733" lon="0.1922783"><ele>59.34</ele></trkpt>
<trkpt lat="49.60407170000001" lon="0.1922233"><ele>59.35</ele></trkpt>
<trkpt lat="49.60407170000001" lon="0.19217"><ele>59.43999999999999</ele></trkpt>
<trkpt lat="49.60407170000001" lon="0.1921167"><ele>59.54</ele></trkpt>
<trkpt lat="49.6040683" lon="0.1920667"><ele>59.79</ele></trkpt>
<trkpt lat="49.6040617" lon="0.192015"><ele>59.85</ele></trkpt>
<trkpt lat="49.604055" lon="0.1919583"><ele>59.85</ele></trkpt>
<trkpt lat="49.60404999999999" lon="0.191905"><ele>59.93999999999999</ele></trkpt>
<trkpt lat="49.60404999999999" lon="0.1918483"><ele>60.18</ele></trkpt>
<trkpt lat="49.60404669999999" lon="0.1917933"><ele>60.56</ele></trkpt>
<trkpt lat="49.6040433" lon="0.19174"><ele>61.23999999999999</ele></trkpt>
<trkpt lat="49.604045" lon="0.1916917"><ele>61.73</ele></trkpt>
<trkpt lat="49.6040433" lon="0.1916383"><ele>61.61</ele></trkpt>
<trkpt lat="49.6040433" lon="0.191595"><ele>61.63000000000001</ele></trkpt>
<trkpt lat="49.6040383" lon="0.19154"><ele>61.89</ele></trkpt>
<trkpt lat="49.6040367" lon="0.1914983"><ele>62.13000000000001</ele></trkpt>
<trkpt lat="49.60403" lon="0.1914433"><ele>62.32</ele></trkpt>
<trkpt lat="49.60402499999999" lon="0.1913933"><ele>62.93999999999999</ele></trkpt>
<trkpt lat="49.60402499999999" lon="0.1913417"><ele>63.59</ele></trkpt>
<trkpt lat="49.60402169999999" lon="0.1912833"><ele>64.07</ele></trkpt>
<trkpt lat="49.6040183" lon="0.1912283"><ele>64.34</ele></trkpt>
<trkpt lat="49.6040133" lon="0.191175"><ele>64.16</ele></trkpt>
<trkpt lat="49.60400829999999" lon="0.19112"><ele>64.24</ele></trkpt>
<trkpt lat="49.604005" lon="0.191065"><ele>64.16</ele></trkpt>
<trkpt lat="49.6040017" lon="0.1910167"><ele>64.41</ele></trkpt>
<trkpt lat="49.604" lon="0.1909683"><ele>64.71</ele></trkpt>
<trkpt lat="49.603995" lon="0.19091"><ele>65.01</ele></trkpt>
<trkpt lat="49.6039917" lon="0.1908583"><ele>65.05</ele></trkpt>
<trkpt lat="49.6039917" lon="0.1908067"><ele>65.1</ele></trkpt>
<trkpt lat="49.6039883" lon="0.190755"><ele>65.35</ele></trkpt>
<trkpt lat="49.60398670000001" lon="0.1907033"><ele>65.35</ele></trkpt>
<trkpt lat="49.603985" lon="0.1906533"><ele>65.23</ele></trkpt>
<trkpt lat="49.6039817" lon="0.1906"><ele>65.34</ele></trkpt>
<trkpt lat="49.6039783" lon="0.1905467"><ele>65.35</ele></trkpt>
<trkpt lat="49.603975" lon="0.19049"><ele>65.44</ele></trkpt>
<trkpt lat="49.6039767" lon="0.1904367"><ele>65.69</ele></trkpt>
<trkpt lat="49.60397329999999" lon="0.1903833"><ele>65.68</ele></trkpt>
<trkpt lat="49.60397329999999" lon="0.190325"><ele>65.7</ele></trkpt>
<trkpt lat="49.60397329999999" lon="0.1902683"><ele>66.2</ele></trkpt>
<trkpt lat="49.60397" lon="0.1902133"><ele>66.09</ele></trkpt>
<trkpt lat="49.6039717" lon="0.190155"><ele>65.89</ele></trkpt>
<trkpt lat="49.6039667" lon="0.1901"><ele>66.12</ele></trkpt>
<trkpt lat="49.603965" lon="0.1900483"><ele>66.25</ele></trkpt>
<trkpt lat="49.60396169999999" lon="0.189995"><ele>66.32</ele></trkpt>
<trkpt lat="49.6039583" lon="0.1899467"><ele>67.05</ele></trkpt>
<trkpt lat="49.6039567" lon="0.189895"><ele>67.41</ele></trkpt>
<trkpt lat="49.603955" lon="0.1898433"><ele>67.76</ele></trkpt>
<trkpt lat="49.6039533" lon="0.1897867"><ele>68.17</ele></trkpt>
<trkpt lat="49.603955" lon="0.189745"><ele>68.27</ele></trkpt>
<trkpt lat="49.60395" lon="0.1896917"><ele>68.61</ele></trkpt>
<trkpt lat="49.6039467" lon="0.1896383"><ele>69.16</ele></trkpt>
<trkpt lat="49.603945" lon="0.1895817"><ele>69.67</ele></trkpt>
<trkpt lat="49.6039417" lon="0.18953"><ele>70.11</ele></trkpt>
<trkpt lat="49.60393669999999" lon="0.18947"><ele>70.31</ele></trkpt>
<trkpt lat="49.6039333" lon="0.1894283"><ele>70.37</ele></trkpt>
<trkpt lat="49.60393500000001" lon="0.1893683"><ele>70.07</ele></trkpt>
<trkpt lat="49.6039333" lon="0.1893083"><ele>69.63</ele></trkpt>
<trkpt lat="49.6039333" lon="0.1892483"><ele>69.11</ele></trkpt>
<trkpt lat="49.6039333" lon="0.1891917"><ele>68.91</ele></trkpt>
<trkpt lat="49.6039333" lon="0.1891333"><ele>68.57</ele></trkpt>
<trkpt lat="49.60392670000001" lon="0.1890817"><ele>68.45</ele></trkpt>
<trkpt lat="49.6039217" lon="0.18903"><ele>68.28</ele></trkpt>
<trkpt lat="49.6039183" lon="0.1889733"><ele>68.3</ele></trkpt>
<trkpt lat="49.60391330000001" lon="0.1889133"><ele>68.15</ele></trkpt>
<trkpt lat="49.6039117" lon="0.1888567"><ele>67.38</ele></trkpt>
<trkpt lat="49.6039067" lon="0.1888"><ele>67.09</ele></trkpt>
<trkpt lat="49.60390170000001" lon="0.1887483"><ele>66.63</ele></trkpt>
<trkpt lat="49.6038983" lon="0.1886917"><ele>66.32</ele></trkpt>
<trkpt lat="49.6039" lon="0.188635"><ele>66.25</ele></trkpt>
<trkpt lat="49.6039" lon="0.188575"><ele>65.83</ele></trkpt>
<trkpt lat="49.6038983" lon="0.188515"><ele>65.94</ele></trkpt>
<trkpt lat="49.6039" lon="0.1884733"><ele>65.79</ele></trkpt>
<trkpt lat="49.6039033" lon="0.1884183"><ele>65.84</ele></trkpt>
<trkpt lat="49.60390170000001" lon="0.1883617"><ele>65.4</ele></trkpt>
<trkpt lat="49.60390170000001" lon="0.188305"><ele>65.09</ele></trkpt>
<trkpt lat="49.6039033" lon="0.1882433"><ele>64.98</ele></trkpt>
<trkpt lat="49.603905" lon="0.1881867"><ele>64.67</ele></trkpt>
<trkpt lat="49.60391000000001" lon="0.1881317"><ele>64.56</ele></trkpt>
<trkpt lat="49.6039183" lon="0.1880733"><ele>64.46</ele></trkpt>
<trkpt lat="49.6039317" lon="0.1880283"><ele>64.19</ele></trkpt>
<trkpt lat="49.60393999999999" lon="0.1879867"><ele>63.91999999999999</ele></trkpt>
<trkpt lat="49.603955" lon="0.18794"><ele>63.93999999999999</ele></trkpt>
<trkpt lat="49.60397329999999" lon="0.1878983"><ele>64.18</ele></trkpt>
<trkpt lat="49.6039917" lon="0.1878517"><ele>64.25</ele></trkpt>
<trkpt lat="49.60401" lon="0.1878133"><ele>63.97</ele></trkpt>
<trkpt lat="49.604035" lon="0.1877917"><ele>63.68</ele></trkpt>
<trkpt lat="49.6040517" lon="0.1877517"><ele>64.7</ele></trkpt>
<trkpt lat="49.60407500000001" lon="0.1877233"><ele>64.58</ele></trkpt>
<trkpt lat="49.6040983" lon="0.1876983"><ele>64.37</ele></trkpt>
<trkpt lat="49.604125" lon="0.1876783"><ele>64.05</ele></trkpt>
<trkpt lat="49.6041567" lon="0.187665"><ele>63.5</ele></trkpt>
<trkpt lat="49.60419330000001" lon="0.18764"><ele>62.81</ele></trkpt>
<trkpt lat="49.6042183" lon="0.18762"><ele>62.52</ele></trkpt>
<trkpt lat="49.6042433" lon="0.1876"><ele>62.29999999999999</ele></trkpt>
<trkpt lat="49.6042783" lon="0.1875683"><ele>61.83000000000001</ele></trkpt>
<trkpt lat="49.6043017" lon="0.1875433"><ele>61.41</ele></trkpt>
<trkpt lat="49.60433" lon="0.1875033"><ele>61</ele></trkpt>
<trkpt lat="49.60435500000001" lon="0.187455"><ele>60.71</ele></trkpt>
<trkpt lat="49.6043717" lon="0.18742"><ele>60.66</ele></trkpt>
<trkpt lat="49.6043867" lon="0.1873833"><ele>60.65</ele></trkpt>
<trkpt lat="49.6044" lon="0.1873467"><ele>60.72</ele></trkpt>
<trkpt lat="49.604415" lon="0.1873083"><ele>60.84</ele></trkpt>
<trkpt lat="49.6044283" lon="0.1872683"><ele>60.93999999999999</ele></trkpt>
<trkpt lat="49.6044417" lon="0.1872317"><ele>61.2</ele></trkpt>
<trkpt lat="49.6044583" lon="0.1871783"><ele>61.65</ele></trkpt>
<trkpt lat="49.6044733" lon="0.1871217"><ele>62.66</ele></trkpt>
<trkpt lat="49.6044867" lon="0.1870833"><ele>63.18</ele></trkpt>
<trkpt lat="49.6045" lon="0.1870283"><ele>63.36999999999999</ele></trkpt>
<trkpt lat="49.60452000000001" lon="0.1869767"><ele>63.02</ele></trkpt>
<trkpt lat="49.6045383" lon="0.186945"><ele>62.47</ele></trkpt>
<trkpt lat="49.6045517" lon="0.1869067"><ele>62.02</ele></trkpt>
<trkpt lat="49.60456" lon="0.1868617"><ele>61.96</ele></trkpt>
<trkpt lat="49.60457169999999" lon="0.1868217"><ele>61.97</ele></trkpt>
<trkpt lat="49.604585" lon="0.1867833"><ele>61.86</ele></trkpt>
<trkpt lat="49.6045983" lon="0.1867433"><ele>61.84999999999999</ele></trkpt>
<trkpt lat="49.6046183" lon="0.1866967"><ele>62.39</ele></trkpt>
<trkpt lat="49.60463499999999" lon="0.18666"><ele>63.09</ele></trkpt>
<trkpt lat="49.60465" lon="0.18661"><ele>63.08</ele></trkpt>
<trkpt lat="49.60466" lon="0.1865633"><ele>63.04999999999999</ele></trkpt>
<trkpt lat="49.6046717" lon="0.1865167"><ele>62.97999999999999</ele></trkpt>
<trkpt lat="49.6046783" lon="0.1864667"><ele>62.9</ele></trkpt>
<trkpt lat="49.60468500000001" lon="0.1864217"><ele>62.77999999999999</ele></trkpt>
<trkpt lat="49.6046917" lon="0.18638"><ele>62.68</ele></trkpt>
<trkpt lat="49.604695" lon="0.1863317"><ele>62.23999999999999</ele></trkpt>
<trkpt lat="49.6046967" lon="0.1862883"><ele>61.83000000000001</ele></trkpt>
<trkpt lat="49.6046967" lon="0.1862433"><ele>61.57</ele></trkpt>
<trkpt lat="49.6046917" lon="0.1861867"><ele>61.54</ele></trkpt>
<trkpt lat="49.60468170000001" lon="0.18614"><ele>61.48</ele></trkpt>
<trkpt lat="49.6046717" lon="0.1860967"><ele>61.38000000000001</ele></trkpt>
<trkpt lat="49.6046617" lon="0.186035"><ele>61.07</ele></trkpt>
<trkpt lat="49.60465" lon="0.185995"><ele>61.11999999999999</ele></trkpt>
<trkpt lat="49.6046383" lon="0.185955"><ele>61.45</ele></trkpt>
<trkpt lat="49.6046233" lon="0.1859"><ele>62.15</ele></trkpt>
<trkpt lat="49.6046117" lon="0.1858617"><ele>62.56</ele></trkpt>
<trkpt lat="49.6046" lon="0.1858083"><ele>62.72</ele></trkpt>
<trkpt lat="49.6045933" lon="0.18576"><ele>63.09999999999999</ele></trkpt>
<trkpt lat="49.6045817" lon="0.1857067"><ele>63.41</ele></trkpt>
<trkpt lat="49.6045683" lon="0.1856533"><ele>63.43</ele></trkpt>
<trkpt lat="49.6045567" lon="0.1856"><ele>63.71</ele></trkpt>
<trkpt lat="49.60454500000001" lon="0.18555"><ele>63.72999999999999</ele></trkpt>
<trkpt lat="49.60454" lon="0.185505"><ele>64.83</ele></trkpt>
<trkpt lat="49.6045217" lon="0.1854483"><ele>64.83</ele></trkpt>
<trkpt lat="49.60451" lon="0.1854"><ele>64.73</ele></trkpt>
<trkpt lat="49.6044967" lon="0.185355"><ele>65.11</ele></trkpt>
<trkpt lat="49.6044833" lon="0.1853033"><ele>65.24</ele></trkpt>
<trkpt lat="49.6044733" lon="0.18525"><ele>65.04</ele></trkpt>
<trkpt lat="49.60446830000001" lon="0.1851917"><ele>64.82</ele></trkpt>
<trkpt lat="49.60446999999999" lon="0.1851467"><ele>65.08</ele></trkpt>
<trkpt lat="49.60446000000001" lon="0.1850967"><ele>64.79</ele></trkpt>
<trkpt lat="49.604445" lon="0.185055"><ele>64.91</ele></trkpt>
<trkpt lat="49.6044367" lon="0.185015"><ele>65.02</ele></trkpt>
<trkpt lat="49.604425" lon="0.1849767"><ele>65.3</ele></trkpt>
<trkpt lat="49.6044133" lon="0.1849333"><ele>65.57</ele></trkpt>
<trkpt lat="49.6043983" lon="0.1848817"><ele>66</ele></trkpt>
<trkpt lat="49.6043883" lon="0.1848283"><ele>66.31</ele></trkpt>
<trkpt lat="49.6043783" lon="0.184775"><ele>66.7</ele></trkpt>
<trkpt lat="49.60436829999999" lon="0.1847167"><ele>66.58</ele></trkpt>
<trkpt lat="49.60435669999999" lon="0.1846583"><ele>66.57</ele></trkpt>
<trkpt lat="49.6043517" lon="0.1846167"><ele>66.64</ele></trkpt>
<trkpt lat="49.60434670000001" lon="0.184575"><ele>66.97</ele></trkpt>
<trkpt lat="49.604335" lon="0.1845167"><ele>67.14</ele></trkpt>
<trkpt lat="49.604325" lon="0.1844567"><ele>67.15</ele></trkpt>
<trkpt lat="49.604315" lon="0.1844167"><ele>66.99</ele></trkpt>
<trkpt lat="49.60430499999999" lon="0.18436"><ele>66.92</ele></trkpt>
<trkpt lat="49.6042917" lon="0.1843017"><ele>66.92</ele></trkpt>
<trkpt lat="49.60428" lon="0.1842417"><ele>66.99</ele></trkpt>
<trkpt lat="49.60427000000001" lon="0.1842017"><ele>67.06</ele></trkpt>
<trkpt lat="49.60426170000001" lon="0.18416"><ele>67.05</ele></trkpt>
<trkpt lat="49.6042517" lon="0.1841183"><ele>67.56</ele></trkpt>
<trkpt lat="49.6042333" lon="0.1840867"><ele>67.62</ele></trkpt>
<trkpt lat="49.6042283" lon="0.1840383"><ele>67.65</ele></trkpt>
<trkpt lat="49.60421999999999" lon="0.1839817"><ele>68.28</ele></trkpt>
<trkpt lat="49.6042067" lon="0.1839333"><ele>68.57</ele></trkpt>
<trkpt lat="49.6041967" lon="0.183885"><ele>69.14</ele></trkpt>
<trkpt lat="49.60418500000001" lon="0.183835"><ele>69.57</ele></trkpt>
<trkpt lat="49.60417" lon="0.1837967"><ele>69.91</ele></trkpt>
<trkpt lat="49.6041467" lon="0.1837683"><ele>70.57</ele></trkpt>
<trkpt lat="49.60417" lon="0.1837367"><ele>70.39</ele></trkpt>
<trkpt lat="49.6042033" lon="0.1837267"><ele>70.54</ele></trkpt>
<trkpt lat="49.6042383" lon="0.1837317"><ele>70.55</ele></trkpt>
<trkpt lat="49.60427169999999" lon="0.1837433"><ele>70.48</ele></trkpt>
<trkpt lat="49.6043067" lon="0.1837517"><ele>70.25</ele></trkpt>
<trkpt lat="49.6043417" lon="0.1837667"><ele>70.06</ele></trkpt>
<trkpt lat="49.60436829999999" lon="0.1837733"><ele>70.05</ele></trkpt>
<trkpt lat="49.604405" lon="0.1837783"><ele>69.72</ele></trkpt>
<trkpt lat="49.60444330000001" lon="0.1837867"><ele>69.04</ele></trkpt>
<trkpt lat="49.60447829999999" lon="0.1837917"><ele>68.59</ele></trkpt>
<trkpt lat="49.60451" lon="0.1837967"><ele>68.1</ele></trkpt>
<trkpt lat="49.6045383" lon="0.1838067"><ele>67.76</ele></trkpt>
<trkpt lat="49.6045733" lon="0.18381"><ele>67.35</ele></trkpt>
<trkpt lat="49.60460830000001" lon="0.1838167"><ele>67.06</ele></trkpt>
<trkpt lat="49.60464329999999" lon="0.183825"><ele>66.88</ele></trkpt>
<trkpt lat="49.60468170000001" lon="0.183835"><ele>66.94</ele></trkpt>
<trkpt lat="49.60471830000001" lon="0.1838433"><ele>66.75</ele></trkpt>
<trkpt lat="49.604755" lon="0.1838517"><ele>66.84</ele></trkpt>
<trkpt lat="49.60479170000001" lon="0.183865"><ele>66.85</ele></trkpt>
<trkpt lat="49.6048183" lon="0.1838733"><ele>66.69</ele></trkpt>
<trkpt lat="49.6048567" lon="0.1838817"><ele>66.39</ele></trkpt>
<trkpt lat="49.6048967" lon="0.1838883"><ele>66.02</ele></trkpt>
<trkpt lat="49.60493169999999" lon="0.18389"><ele>65.69</ele></trkpt>
<trkpt lat="49.6049617" lon="0.1838783"><ele>65.58</ele></trkpt>
<trkpt lat="49.6049783" lon="0.1838433"><ele>65.22</ele></trkpt>
<trkpt lat="49.6049883" lon="0.1837933"><ele>64.63</ele></trkpt>
<trkpt lat="49.60498170000001" lon="0.1837317"><ele>64.01</ele></trkpt>
<trkpt lat="49.60496500000001" lon="0.1836783"><ele>63.98999999999999</ele></trkpt>
<trkpt lat="49.6049483" lon="0.1836433"><ele>64.36</ele></trkpt>
<trkpt lat="49.60493" lon="0.1835933"><ele>64.48</ele></trkpt>
<trkpt lat="49.60491" lon="0.183545"><ele>64.61</ele></trkpt>
<trkpt lat="49.6048917" lon="0.1834967"><ele>64.99</ele></trkpt>
<trkpt lat="49.60487670000001" lon="0.1834483"><ele>65.14</ele></trkpt>
<trkpt lat="49.6048667" lon="0.1834017"><ele>65.4</ele></trkpt>
<trkpt lat="49.6048617" lon="0.1833517"><ele>65.63</ele></trkpt>
<trkpt lat="49.6048567" lon="0.1833017"><ele>65.84</ele></trkpt>
<trkpt lat="49.6048483" lon="0.1832517"><ele>65.97</ele></trkpt>
<trkpt lat="49.6048417" lon="0.183195"><ele>65.76</ele></trkpt>
<trkpt lat="49.6048317" lon="0.1831433"><ele>65.65</ele></trkpt>
<trkpt lat="49.6048233" lon="0.183095"><ele>65.37</ele></trkpt>
<trkpt lat="49.6048117" lon="0.1830433"><ele>64.89</ele></trkpt>
<trkpt lat="49.6048017" lon="0.1829917"><ele>64.5</ele></trkpt>
<trkpt lat="49.60479500000001" lon="0.1829367"><ele>64.19</ele></trkpt>
<trkpt lat="49.60479170000001" lon="0.182885"><ele>63.96</ele></trkpt>
<trkpt lat="49.6047867" lon="0.1828283"><ele>63.68</ele></trkpt>
<trkpt lat="49.6047817" lon="0.1827733"><ele>63.29</ele></trkpt>
<trkpt lat="49.6047733" lon="0.1827183"><ele>63.15</ele></trkpt>
<trkpt lat="49.604765" lon="0.1826617"><ele>62.98999999999999</ele></trkpt>
<trkpt lat="49.60476" lon="0.1826017"><ele>62.75999999999999</ele></trkpt>
<trkpt lat="49.60475" lon="0.182545"><ele>62.57</ele></trkpt>
<trkpt lat="49.60474499999999" lon="0.18249"><ele>62</ele></trkpt>
<trkpt lat="49.6047383" lon="0.1824367"><ele>61.79</ele></trkpt>
<trkpt lat="49.6047333" lon="0.182385"><ele>61.59</ele></trkpt>
<trkpt lat="49.604725" lon="0.1823317"><ele>61.64</ele></trkpt>
<trkpt lat="49.6047217" lon="0.1822783"><ele>62.09</ele></trkpt>
<trkpt lat="49.60471830000001" lon="0.1822267"><ele>62.04</ele></trkpt>
<trkpt lat="49.6047133" lon="0.1821717"><ele>62.04</ele></trkpt>
<trkpt lat="49.60471" lon="0.1821183"><ele>61.91</ele></trkpt>
<trkpt lat="49.604705" lon="0.1820633"><ele>61.98999999999999</ele></trkpt>
<trkpt lat="49.6047" lon="0.182015"><ele>62.21</ele></trkpt>
<trkpt lat="49.604705" lon="0.1819683"><ele>62.79999999999999</ele></trkpt>
<trkpt lat="49.6047367" lon="0.181945"><ele>63.46</ele></trkpt>
<trkpt lat="49.6047717" lon="0.1819417"><ele>64.13</ele></trkpt>
<trkpt lat="49.60480330000001" lon="0.1819483"><ele>64.77</ele></trkpt>
<trkpt lat="49.60483829999999" lon="0.181955"><ele>64.94</ele></trkpt>
<trkpt lat="49.6048717" lon="0.1819583"><ele>64.95</ele></trkpt>
<trkpt lat="49.60490669999999" lon="0.181965"><ele>65.09</ele></trkpt>
<trkpt lat="49.6049467" lon="0.1819783"><ele>65.58</ele></trkpt>
<trkpt lat="49.6049833" lon="0.18199"><ele>66</ele></trkpt>
<trkpt lat="49.6050183" lon="0.181995"><ele>66.05</ele></trkpt>
<trkpt lat="49.60505330000001" lon="0.1819967"><ele>65.95</ele></trkpt>
<trkpt lat="49.6050867" lon="0.182"><ele>66.11</ele></trkpt>
<trkpt lat="49.6051233" lon="0.1819983"><ele>66.31</ele></trkpt>
<trkpt lat="49.60515669999999" lon="0.1819983"><ele>66.63</ele></trkpt>
<trkpt lat="49.6051933" lon="0.1819983"><ele>66.74</ele></trkpt>
<trkpt lat="49.60523" lon="0.1819983"><ele>66.23</ele></trkpt>
<trkpt lat="49.605265" lon="0.1819983"><ele>65.96</ele></trkpt>
<trkpt lat="49.60530000000001" lon="0.1819933"><ele>65.53</ele></trkpt>
<trkpt lat="49.60533499999999" lon="0.1819867"><ele>65.19</ele></trkpt>
<trkpt lat="49.60537" lon="0.18198"><ele>64.89</ele></trkpt>
<trkpt lat="49.6054033" lon="0.1819683"><ele>65.03</ele></trkpt>
<trkpt lat="49.60543669999999" lon="0.1819567"><ele>65.04</ele></trkpt>
<trkpt lat="49.605475" lon="0.18194"><ele>65.37</ele></trkpt>
<trkpt lat="49.60551" lon="0.1819233"><ele>65.67</ele></trkpt>
<trkpt lat="49.6055417" lon="0.1819083"><ele>65.93</ele></trkpt>
<trkpt lat="49.6055783" lon="0.1818967"><ele>66.04</ele></trkpt>
<trkpt lat="49.6056117" lon="0.1818833"><ele>65.97</ele></trkpt>
<trkpt lat="49.6056483" lon="0.18187"><ele>65.69</ele></trkpt>
<trkpt lat="49.6056833" lon="0.1818583"><ele>65.53</ele></trkpt>
<trkpt lat="49.6057183" lon="0.1818417"><ele>65.7</ele></trkpt>
<trkpt lat="49.605755" lon="0.1818367"><ele>65.84</ele></trkpt>
<trkpt lat="49.6057883" lon="0.1818267"><ele>66.17</ele></trkpt>
<trkpt lat="49.60582500000001" lon="0.1818133"><ele>66.6</ele></trkpt>
<trkpt lat="49.60585830000001" lon="0.1817967"><ele>66.36</ele></trkpt>
<trkpt lat="49.60589" lon="0.18178"><ele>66.22</ele></trkpt>
<trkpt lat="49.6059233" lon="0.1817567"><ele>66.38</ele></trkpt>
<trkpt lat="49.6059583" lon="0.181745"><ele>66.57</ele></trkpt>
<trkpt lat="49.6059883" lon="0.1817317"><ele>66.38</ele></trkpt>
<trkpt lat="49.6060167" lon="0.1817133"><ele>66.09</ele></trkpt>
<trkpt lat="49.60604669999999" lon="0.1817"><ele>65.78</ele></trkpt>
<trkpt lat="49.6060783" lon="0.1816867"><ele>65.67</ele></trkpt>
<trkpt lat="49.6061117" lon="0.18168"><ele>65.55</ele></trkpt>
<trkpt lat="49.6061467" lon="0.1816733"><ele>65.22</ele></trkpt>
<trkpt lat="49.60618" lon="0.18166"><ele>64.98</ele></trkpt>
<trkpt lat="49.6062133" lon="0.1816467"><ele>64.69</ele></trkpt>
<trkpt lat="49.60624499999999" lon="0.1816317"><ele>64.49</ele></trkpt>
<trkpt lat="49.60627830000001" lon="0.1816133"><ele>64.37</ele></trkpt>
<trkpt lat="49.60631329999999" lon="0.1815967"><ele>64.27</ele></trkpt>
<trkpt lat="49.60634670000001" lon="0.1815833"><ele>64.12</ele></trkpt>
<trkpt lat="49.60637670000001" lon="0.18157"><ele>64.21</ele></trkpt>
<trkpt lat="49.6064083" lon="0.1815517"><ele>64.4</ele></trkpt>
<trkpt lat="49.6064383" lon="0.18154"><ele>64.44</ele></trkpt>
<trkpt lat="49.60646669999999" lon="0.1815333"><ele>64.79</ele></trkpt>
<trkpt lat="49.6064967" lon="0.1815217"><ele>64.75</ele></trkpt>
<trkpt lat="49.60652830000001" lon="0.1815"><ele>64.72</ele></trkpt>
<trkpt lat="49.6065567" lon="0.181475"><ele>65.1</ele></trkpt>
<trkpt lat="49.606585" lon="0.1814583"><ele>65.32</ele></trkpt>
<trkpt lat="49.60661" lon="0.1814383"><ele>65.69</ele></trkpt>
<trkpt lat="49.6066333" lon="0.1814133"><ele>65.83</ele></trkpt>
<trkpt lat="49.6066667" lon="0.18139"><ele>66.1</ele></trkpt>
<trkpt lat="49.6067033" lon="0.1813633"><ele>66.07</ele></trkpt>
<trkpt lat="49.6067367" lon="0.1813433"><ele>65.78</ele></trkpt>
<trkpt lat="49.6067683" lon="0.18133"><ele>65.55</ele></trkpt>
<trkpt lat="49.606795" lon="0.181305"><ele>65.33</ele></trkpt>
<trkpt lat="49.6068217" lon="0.181285"><ele>65.33</ele></trkpt>
<trkpt lat="49.60685169999999" lon="0.18126"><ele>65.6</ele></trkpt>
<trkpt lat="49.60688" lon="0.1812383"><ele>65.8</ele></trkpt>
<trkpt lat="49.6069083" lon="0.1812217"><ele>65.89</ele></trkpt>
<trkpt lat="49.6069383" lon="0.1812"><ele>66.08</ele></trkpt>
<trkpt lat="49.6069683" lon="0.1811817"><ele>66.13</ele></trkpt>
<trkpt lat="49.6069967" lon="0.1811617"><ele>65.76</ele></trkpt>
<trkpt lat="49.6070283" lon="0.1811333"><ele>65.59</ele></trkpt>
<trkpt lat="49.60705830000001" lon="0.1811117"><ele>65.1</ele></trkpt>
<trkpt lat="49.6070883" lon="0.181085"><ele>64.73</ele></trkpt>
<trkpt lat="49.6071167" lon="0.1810583"><ele>64.43</ele></trkpt>
<trkpt lat="49.6071433" lon="0.181035"><ele>63.64</ele></trkpt>
<trkpt lat="49.60717" lon="0.1810133"><ele>63.68</ele></trkpt>
<trkpt lat="49.6071967" lon="0.18099"><ele>63.73999999999999</ele></trkpt>
<trkpt lat="49.60722329999999" lon="0.1809617"><ele>63.61999999999999</ele></trkpt>
<trkpt lat="49.60724830000001" lon="0.1809317"><ele>63.5</ele></trkpt>
<trkpt lat="49.6072783" lon="0.1809067"><ele>63.72999999999999</ele></trkpt>
<trkpt lat="49.60730829999999" lon="0.18089"><ele>63.58</ele></trkpt>
<trkpt lat="49.6073367" lon="0.1808767"><ele>63.52</ele></trkpt>
<trkpt lat="49.6073667" lon="0.18087"><ele>64.27</ele></trkpt>
<trkpt lat="49.6073967" lon="0.1808767"><ele>64.95</ele></trkpt>
<trkpt lat="49.6074333" lon="0.18088"><ele>65.78</ele></trkpt>
<trkpt lat="49.6074683" lon="0.1808817"><ele>67.23</ele></trkpt>
<trkpt lat="49.6075033" lon="0.1808917"><ele>68.12</ele></trkpt>
<trkpt lat="49.6075383" lon="0.1809067"><ele>68.98</ele></trkpt>
<trkpt lat="49.60757170000001" lon="0.1809233"><ele>70.2</ele></trkpt>
<trkpt lat="49.60759670000001" lon="0.1809533"><ele>71.2</ele></trkpt>
<trkpt lat="49.60761829999999" lon="0.1809867"><ele>72.14</ele></trkpt>
<trkpt lat="49.6076367" lon="0.18102"><ele>72.68</ele></trkpt>
<trkpt lat="49.6076633" lon="0.181055"><ele>73.07</ele></trkpt>
<trkpt lat="49.60768170000001" lon="0.1810883"><ele>73.52</ele></trkpt>
<trkpt lat="49.60771" lon="0.1811183"><ele>73.35</ele></trkpt>
<trkpt lat="49.6077367" lon="0.181135"><ele>73.33</ele></trkpt>
<trkpt lat="49.607765" lon="0.1811517"><ele>73.93</ele></trkpt>
<trkpt lat="49.6077933" lon="0.1811817"><ele>74.67</ele></trkpt>
<trkpt lat="49.6078267" lon="0.1812017"><ele>75.79</ele></trkpt>
<trkpt lat="49.60784670000001" lon="0.1812433"><ele>76.78</ele></trkpt>
<trkpt lat="49.6078683" lon="0.1812783"><ele>77.12</ele></trkpt>
<trkpt lat="49.6078983" lon="0.1812917"><ele>77.3</ele></trkpt>
<trkpt lat="49.60793170000001" lon="0.1813067"><ele>76.51</ele></trkpt>
<trkpt lat="49.60796669999999" lon="0.1813233"><ele>76.08</ele></trkpt>
<trkpt lat="49.60799999999999" lon="0.1813483"><ele>75.44</ele></trkpt>
<trkpt lat="49.6080233" lon="0.18137"><ele>75.19</ele></trkpt>
<trkpt lat="49.60805169999999" lon="0.1813867"><ele>74.74</ele></trkpt>
<trkpt lat="49.6080833" lon="0.1814017"><ele>74.17</ele></trkpt>
<trkpt lat="49.6081083" lon="0.1814217"><ele>74.02</ele></trkpt>
<trkpt lat="49.6081333" lon="0.18144"><ele>73.87</ele></trkpt>
<trkpt lat="49.60816169999999" lon="0.1814617"><ele>73.61</ele></trkpt>
<trkpt lat="49.60819000000001" lon="0.181475"><ele>73.37</ele></trkpt>
<trkpt lat="49.6082167" lon="0.1814883"><ele>73.37</ele></trkpt>
<trkpt lat="49.60824169999999" lon="0.181505"><ele>72.84</ele></trkpt>
<trkpt lat="49.6082717" lon="0.1815117"><ele>72.36</ele></trkpt>
<trkpt lat="49.6083067" lon="0.181525"><ele>72.3</ele></trkpt>
<trkpt lat="49.60833829999999" lon="0.1815317"><ele>72.55</ele></trkpt>
<trkpt lat="49.6083083" lon="0.1815117"><ele>71.43</ele></trkpt>
<trkpt lat="49.6082767" lon="0.1815"><ele>71.1</ele></trkpt>
<trkpt lat="49.60824999999999" lon="0.1814767"><ele>70.99</ele></trkpt>
<trkpt lat="49.60822330000001" lon="0.1814617"><ele>71.24</ele></trkpt>
<trkpt lat="49.6081967" lon="0.1814467"><ele>71.33</ele></trkpt>
<trkpt lat="49.60817" lon="0.1814383"><ele>71.57</ele></trkpt>
<trkpt lat="49.6082033" lon="0.1814383"><ele>73.12</ele></trkpt>
<trkpt lat="49.60822499999999" lon="0.1813933"><ele>73.69</ele></trkpt>
<trkpt lat="49.608245" lon="0.1813417"><ele>73.86</ele></trkpt>
<trkpt lat="49.6082567" lon="0.1813033"><ele>73.63</ele></trkpt>
<trkpt lat="49.60827829999999" lon="0.1812517"><ele>73.26</ele></trkpt>
<trkpt lat="49.6082933" lon="0.1812133"><ele>73.24</ele></trkpt>
<trkpt lat="49.60831329999999" lon="0.1811633"><ele>73.17</ele></trkpt>
<trkpt lat="49.60833" lon="0.1811183"><ele>72.67</ele></trkpt>
<trkpt lat="49.6083467" lon="0.181085"><ele>72.48</ele></trkpt>
<trkpt lat="49.60836329999999" lon="0.1810417"><ele>72.11</ele></trkpt>
<trkpt lat="49.60838500000001" lon="0.181"><ele>71.59</ele></trkpt>
<trkpt lat="49.60840170000001" lon="0.1809667"><ele>71.38</ele></trkpt>
<trkpt lat="49.608425" lon="0.1809167"><ele>71.15</ele></trkpt>
<trkpt lat="49.608445" lon="0.1808767"><ele>71.14</ele></trkpt>
<trkpt lat="49.60846170000001" lon="0.1808433"><ele>71.49</ele></trkpt>
<trkpt lat="49.608475" lon="0.1807983"><ele>71.77</ele></trkpt>
<trkpt lat="49.6084933" lon="0.18075"><ele>72.09</ele></trkpt>
<trkpt lat="49.6085117" lon="0.1807"><ele>72.59</ele></trkpt>
<trkpt lat="49.6085283" lon="0.1806517"><ele>72.9</ele></trkpt>
<trkpt lat="49.608545" lon="0.1806083"><ele>73.36</ele></trkpt>
<trkpt lat="49.6085633" lon="0.1805733"><ele>74.02</ele></trkpt>
<trkpt lat="49.60858" lon="0.1805367"><ele>74.77</ele></trkpt>
<trkpt lat="49.60860169999999" lon="0.180495"><ele>75.28</ele></trkpt>
<trkpt lat="49.6086233" lon="0.1804467"><ele>75.86</ele></trkpt>
<trkpt lat="49.608645" lon="0.1804"><ele>76.36</ele></trkpt>
<trkpt lat="49.60866169999999" lon="0.1803583"><ele>76.85</ele></trkpt>
<trkpt lat="49.60868" lon="0.1803183"><ele>77.43</ele></trkpt>
<trkpt lat="49.60869829999999" lon="0.1802783"><ele>77.7</ele></trkpt>
<trkpt lat="49.6087183" lon="0.18024"><ele>77.65</ele></trkpt>
<trkpt lat="49.608735" lon="0.1802"><ele>77.54</ele></trkpt>
<trkpt lat="49.60875" lon="0.1801567"><ele>77.37</ele></trkpt>
<trkpt lat="49.6087633" lon="0.1801083"><ele>77.53</ele></trkpt>
<trkpt lat="49.6087767" lon="0.1800617"><ele>77.86</ele></trkpt>
<trkpt lat="49.60879" lon="0.1800133"><ele>78.12</ele></trkpt>
<trkpt lat="49.6088033" lon="0.179965"><ele>78.16</ele></trkpt>
<trkpt lat="49.6088183" lon="0.1799133"><ele>78.47</ele></trkpt>
<trkpt lat="49.6088317" lon="0.1798667"><ele>78.37</ele></trkpt>
<trkpt lat="49.60885" lon="0.1798217"><ele>78.4</ele></trkpt>
<trkpt lat="49.608865" lon="0.179775"><ele>78.95</ele></trkpt>
<trkpt lat="49.6088783" lon="0.179725"><ele>79.71</ele></trkpt>
<trkpt lat="49.60889" lon="0.1796817"><ele>80.54</ele></trkpt>
<trkpt lat="49.6088967" lon="0.1796383"><ele>81.22</ele></trkpt>
<trkpt lat="49.6089017" lon="0.179595"><ele>81.71</ele></trkpt>
<trkpt lat="49.60891000000001" lon="0.1795367"><ele>82.02</ele></trkpt>
<trkpt lat="49.6089233" lon="0.179485"><ele>81.84</ele></trkpt>
<trkpt lat="49.6089317" lon="0.1794433"><ele>81.75</ele></trkpt>
<trkpt lat="49.6089417" lon="0.1793867"><ele>81.82</ele></trkpt>
<trkpt lat="49.6089517" lon="0.1793317"><ele>81.75</ele></trkpt>
<trkpt lat="49.60896169999999" lon="0.1792783"><ele>81.71</ele></trkpt>
<trkpt lat="49.6089717" lon="0.179225"><ele>81.62</ele></trkpt>
<trkpt lat="49.608975" lon="0.1791667"><ele>81.51</ele></trkpt>
<trkpt lat="49.6089767" lon="0.17911"><ele>81.44</ele></trkpt>
<trkpt lat="49.6089833" lon="0.1790633"><ele>81.48</ele></trkpt>
<trkpt lat="49.60899" lon="0.179015"><ele>81.79</ele></trkpt>
<trkpt lat="49.60899830000001" lon="0.1789517"><ele>81.38</ele></trkpt>
<trkpt lat="49.6090083" lon="0.178905"><ele>81.18</ele></trkpt>
<trkpt lat="49.60902169999999" lon="0.1788667"><ele>80.89</ele></trkpt>
<trkpt lat="49.609035" lon="0.1788283"><ele>80.5</ele></trkpt>
<trkpt lat="49.6090517" lon="0.1787933"><ele>80.35</ele></trkpt>
<trkpt lat="49.6090783" lon="0.1787517"><ele>79.79</ele></trkpt>
<trkpt lat="49.6090983" lon="0.1787217"><ele>79.83</ele></trkpt>
<trkpt lat="49.60913169999999" lon="0.1786917"><ele>80.23</ele></trkpt>
<trkpt lat="49.60916000000001" lon="0.1786767"><ele>80.79</ele></trkpt>
<trkpt lat="49.6091883" lon="0.178665"><ele>81.17</ele></trkpt>
<trkpt lat="49.609215" lon="0.178655"><ele>81.39</ele></trkpt>
<trkpt lat="49.60925330000001" lon="0.17865"><ele>81.43</ele></trkpt>
<trkpt lat="49.6092917" lon="0.1786467"><ele>81.87999999999998</ele></trkpt>
<trkpt lat="49.60933000000001" lon="0.1786417"><ele>82.26</ele></trkpt>
<trkpt lat="49.60937" lon="0.1786417"><ele>82.59</ele></trkpt>
<trkpt lat="49.60940669999999" lon="0.17865"><ele>82.72</ele></trkpt>
<trkpt lat="49.6094467" lon="0.1786517"><ele>82.63</ele></trkpt>
<trkpt lat="49.609475" lon="0.1786567"><ele>82.38</ele></trkpt>
<trkpt lat="49.609515" lon="0.1786583"><ele>82.22</ele></trkpt>
<trkpt lat="49.60955330000001" lon="0.1786583"><ele>82.47</ele></trkpt>
<trkpt lat="49.60959" lon="0.1786633"><ele>82.49</ele></trkpt>
<trkpt lat="49.60962670000001" lon="0.1786667"><ele>82.35</ele></trkpt>
<trkpt lat="49.6096533" lon="0.1786733"><ele>82.48</ele></trkpt>
<trkpt lat="49.60968170000001" lon="0.17868"><ele>82.78</ele></trkpt>
<trkpt lat="49.6097217" lon="0.178685"><ele>83.28</ele></trkpt>
<trkpt lat="49.60974999999999" lon="0.1786867"><ele>83.56</ele></trkpt>
<trkpt lat="49.60977830000001" lon="0.1786867"><ele>83.85999999999999</ele></trkpt>
<trkpt lat="49.60981670000001" lon="0.1786783"><ele>84.13</ele></trkpt>
<trkpt lat="49.6098433" lon="0.1786667"><ele>84.25</ele></trkpt>
<trkpt lat="49.60987670000001" lon="0.1786417"><ele>84.14</ele></trkpt>
<trkpt lat="49.6099033" lon="0.1786117"><ele>84.42</ele></trkpt>
<trkpt lat="49.6099283" lon="0.1785733"><ele>84.08</ele></trkpt>
<trkpt lat="49.609945" lon="0.17854"><ele>83.88</ele></trkpt>
<trkpt lat="49.60996" lon="0.178505"><ele>83.68</ele></trkpt>
<trkpt lat="49.6099783" lon="0.17845"><ele>83.71</ele></trkpt>
<trkpt lat="49.6100033" lon="0.1784033"><ele>83.64</ele></trkpt>
<trkpt lat="49.6100317" lon="0.1783683"><ele>83.38</ele></trkpt>
<trkpt lat="49.61005830000001" lon="0.1783417"><ele>83.08</ele></trkpt>
<trkpt lat="49.6100817" lon="0.17832"><ele>82.72</ele></trkpt>
<trkpt lat="49.610115" lon="0.17829"><ele>82.61</ele></trkpt>
<trkpt lat="49.61015170000001" lon="0.1782633"><ele>82.78</ele></trkpt>
<trkpt lat="49.61018" lon="0.178245"><ele>83.04</ele></trkpt>
<trkpt lat="49.6102083" lon="0.1782317"><ele>83.19</ele></trkpt>
<trkpt lat="49.610235" lon="0.17822"><ele>83.39</ele></trkpt>
<trkpt lat="49.6102667" lon="0.1782017"><ele>83.76</ele></trkpt>
<trkpt lat="49.61030000000001" lon="0.1781817"><ele>84.1</ele></trkpt>
<trkpt lat="49.61033499999999" lon="0.1781617"><ele>84.09</ele></trkpt>
<trkpt lat="49.6103667" lon="0.178145"><ele>83.94</ele></trkpt>
<trkpt lat="49.61039330000001" lon="0.1781267"><ele>84.02</ele></trkpt>
<trkpt lat="49.61041999999999" lon="0.1781"><ele>83.8</ele></trkpt>
<trkpt lat="49.6104417" lon="0.178065"><ele>83.83</ele></trkpt>
<trkpt lat="49.610465" lon="0.1780317"><ele>84</ele></trkpt>
<trkpt lat="49.6104933" lon="0.17801"><ele>84.48</ele></trkpt>
<trkpt lat="49.61042329999999" lon="0.17797"><ele>84.01</ele></trkpt>
<trkpt lat="49.6104033" lon="0.1779183"><ele>84</ele></trkpt>
<trkpt lat="49.610395" lon="0.177865"><ele>84.05</ele></trkpt>
<trkpt lat="49.61038" lon="0.1778133"><ele>83.94</ele></trkpt>
<trkpt lat="49.61036829999999" lon="0.1777617"><ele>83.58</ele></trkpt>
<trkpt lat="49.61035669999999" lon="0.1777233"><ele>83.63</ele></trkpt>
<trkpt lat="49.6103367" lon="0.1776733"><ele>83.88</ele></trkpt>
<trkpt lat="49.6103233" lon="0.1776233"><ele>84.45</ele></trkpt>
<trkpt lat="49.610315" lon="0.1775767"><ele>84.62</ele></trkpt>
<trkpt lat="49.6103033" lon="0.177525"><ele>84.89</ele></trkpt>
<trkpt lat="49.6102933" lon="0.1774817"><ele>84.77</ele></trkpt>
<trkpt lat="49.6102767" lon="0.1774333"><ele>84.89</ele></trkpt>
<trkpt lat="49.6102633" lon="0.1773967"><ele>85</ele></trkpt>
<trkpt lat="49.61024669999999" lon="0.1773517"><ele>84.96</ele></trkpt>
<trkpt lat="49.6102283" lon="0.1772983"><ele>85.1</ele></trkpt>
<trkpt lat="49.6102133" lon="0.1772433"><ele>85.31</ele></trkpt>
<trkpt lat="49.6101967" lon="0.17719"><ele>84.91</ele></trkpt>
<trkpt lat="49.6101817" lon="0.1771333"><ele>84.51</ele></trkpt>
<trkpt lat="49.61016499999999" lon="0.1770783"><ele>83.92</ele></trkpt>
<trkpt lat="49.61015" lon="0.1770217"><ele>83.49</ele></trkpt>
<trkpt lat="49.6101333" lon="0.1769683"><ele>83.41</ele></trkpt>
<trkpt lat="49.6101183" lon="0.1769133"><ele>83.59</ele></trkpt>
<trkpt lat="49.61010169999999" lon="0.1768683"><ele>83.79</ele></trkpt>
<trkpt lat="49.6100833" lon="0.176825"><ele>83.69</ele></trkpt>
<trkpt lat="49.6100633" lon="0.1767883"><ele>83.54</ele></trkpt>
<trkpt lat="49.6100383" lon="0.17675"><ele>83.3</ele></trkpt>
<trkpt lat="49.6100167" lon="0.176705"><ele>82.86</ele></trkpt>
<trkpt lat="49.6099983" lon="0.176655"><ele>82.62</ele></trkpt>
<trkpt lat="49.60997330000001" lon="0.1766133"><ele>82.73</ele></trkpt>
<trkpt lat="49.6099517" lon="0.1765767"><ele>82.47</ele></trkpt>
<trkpt lat="49.60993" lon="0.1765383"><ele>82.62</ele></trkpt>
<trkpt lat="49.60991" lon="0.176495"><ele>82.89</ele></trkpt>
<trkpt lat="49.60988669999999" lon="0.176455"><ele>83.19</ele></trkpt>
<trkpt lat="49.609865" lon="0.176415"><ele>83.49</ele></trkpt>
<trkpt lat="49.6098433" lon="0.17638"><ele>83.3</ele></trkpt>
<trkpt lat="49.6098117" lon="0.1763483"><ele>83.23</ele></trkpt>
<trkpt lat="49.6097833" lon="0.1763133"><ele>83.49</ele></trkpt>
<trkpt lat="49.60975329999999" lon="0.176275"><ele>83.2</ele></trkpt>
<trkpt lat="49.60972" lon="0.17624"><ele>82.88</ele></trkpt>
<trkpt lat="49.6096867" lon="0.1762083"><ele>82.48</ele></trkpt>
<trkpt lat="49.60966499999999" lon="0.1761833"><ele>82.51</ele></trkpt>
<trkpt lat="49.609635" lon="0.1761517"><ele>82.81</ele></trkpt>
<trkpt lat="49.60960170000001" lon="0.1761233"><ele>83</ele></trkpt>
<trkpt lat="49.6095717" lon="0.1760917"><ele>83.21</ele></trkpt>
<trkpt lat="49.60954" lon="0.17606"><ele>83.56</ele></trkpt>
<trkpt lat="49.6095083" lon="0.1760217"><ele>83.89</ele></trkpt>
<trkpt lat="49.6094817" lon="0.1759967"><ele>84.09</ele></trkpt>
<trkpt lat="49.6094583" lon="0.1759717"><ele>84.06</ele></trkpt>
<trkpt lat="49.6094333" lon="0.17595"><ele>83.97</ele></trkpt>
<trkpt lat="49.6094117" lon="0.175925"><ele>83.94</ele></trkpt>
<trkpt lat="49.6093883" lon="0.1759017"><ele>83.93</ele></trkpt>
<trkpt lat="49.60935669999999" lon="0.175865"><ele>83.68</ele></trkpt>
<trkpt lat="49.609335" lon="0.1758383"><ele>83.55</ele></trkpt>
<trkpt lat="49.6093017" lon="0.1758033"><ele>83.27</ele></trkpt>
<trkpt lat="49.60927000000001" lon="0.1757633"><ele>83.17</ele></trkpt>
<trkpt lat="49.6092383" lon="0.17573"><ele>83.04</ele></trkpt>
<trkpt lat="49.6092067" lon="0.1757033"><ele>82.71</ele></trkpt>
<trkpt lat="49.60918" lon="0.1756733"><ele>82.38</ele></trkpt>
<trkpt lat="49.6091517" lon="0.17564"><ele>82.59</ele></trkpt>
<trkpt lat="49.6091217" lon="0.1756033"><ele>82.55</ele></trkpt>
<trkpt lat="49.60909" lon="0.175565"><ele>82.56</ele></trkpt>
<trkpt lat="49.6090683" lon="0.1755383"><ele>82.37</ele></trkpt>
<trkpt lat="49.60904" lon="0.1755133"><ele>82</ele></trkpt>
<trkpt lat="49.6090167" lon="0.1754617"><ele>81.71</ele></trkpt>
<trkpt lat="49.6090083" lon="0.17542"><ele>81.52</ele></trkpt>
<trkpt lat="49.60899830000001" lon="0.1753767"><ele>81.03</ele></trkpt>
<trkpt lat="49.60899" lon="0.1753317"><ele>80.62</ele></trkpt>
<trkpt lat="49.608985" lon="0.1752867"><ele>80.29</ele></trkpt>
<trkpt lat="49.6089783" lon="0.1752383"><ele>80.08</ele></trkpt>
<trkpt lat="49.6089717" lon="0.1751917"><ele>80.13</ele></trkpt>
<trkpt lat="49.6089717" lon="0.17513"><ele>79.94</ele></trkpt>
<trkpt lat="49.6089717" lon="0.1750833"><ele>79.93</ele></trkpt>
<trkpt lat="49.608975" lon="0.175035"><ele>79.86</ele></trkpt>
<trkpt lat="49.608985" lon="0.1749883"><ele>79.77</ele></trkpt>
<trkpt lat="49.6089933" lon="0.1749467"><ele>79.72</ele></trkpt>
<trkpt lat="49.609005" lon="0.174905"><ele>79.75</ele></trkpt>
<trkpt lat="49.6090183" lon="0.1748483"><ele>79.73</ele></trkpt>
<trkpt lat="49.609035" lon="0.1747933"><ele>79.57</ele></trkpt>
<trkpt lat="49.6090567" lon="0.17474"><ele>79.35</ele></trkpt>
<trkpt lat="49.60907" lon="0.1747"><ele>79.26</ele></trkpt>
<trkpt lat="49.6090917" lon="0.1746483"><ele>79.3</ele></trkpt>
<trkpt lat="49.6091033" lon="0.1745917"><ele>79.62</ele></trkpt>
<trkpt lat="49.60910999999999" lon="0.174535"><ele>79.54</ele></trkpt>
<trkpt lat="49.6091133" lon="0.174475"><ele>79.62</ele></trkpt>
<trkpt lat="49.60910830000001" lon="0.174415"><ele>79.82</ele></trkpt>
<trkpt lat="49.6090933" lon="0.17438"><ele>79.92</ele></trkpt>
<trkpt lat="49.6090783" lon="0.174345"><ele>79.93</ele></trkpt>
<trkpt lat="49.60905499999999" lon="0.174295"><ele>79.95</ele></trkpt>
<trkpt lat="49.6090317" lon="0.174245"><ele>79.91</ele></trkpt>
<trkpt lat="49.60901" lon="0.174195"><ele>79.93</ele></trkpt>
<trkpt lat="49.60898670000001" lon="0.1741533"><ele>79.93</ele></trkpt>
<trkpt lat="49.60896169999999" lon="0.174115"><ele>79.99999999999999</ele></trkpt>
<trkpt lat="49.6089383" lon="0.174075"><ele>79.77</ele></trkpt>
<trkpt lat="49.60891830000001" lon="0.174035"><ele>79.73</ele></trkpt>
<trkpt lat="49.60889330000001" lon="0.1740067"><ele>79.52</ele></trkpt>
<trkpt lat="49.6088733" lon="0.1739667"><ele>79.3</ele></trkpt>
<trkpt lat="49.608855" lon="0.173925"><ele>79.05</ele></trkpt>
<trkpt lat="49.60883330000001" lon="0.1738867"><ele>78.94</ele></trkpt>
<trkpt lat="49.6088117" lon="0.1738417"><ele>79.03</ele></trkpt>
<trkpt lat="49.60879" lon="0.1738"><ele>79.19</ele></trkpt>
<trkpt lat="49.60877" lon="0.1737517"><ele>79.07</ele></trkpt>
<trkpt lat="49.6087517" lon="0.1737017"><ele>78.61</ele></trkpt>
<trkpt lat="49.6087283" lon="0.1736517"><ele>78.12</ele></trkpt>
<trkpt lat="49.608705" lon="0.173605"><ele>77.33</ele></trkpt>
<trkpt lat="49.60868669999999" lon="0.1735583"><ele>76.79</ele></trkpt>
<trkpt lat="49.6086717" lon="0.17351"><ele>76.32</ele></trkpt>
<trkpt lat="49.60865170000001" lon="0.1734683"><ele>75.63</ele></trkpt>
<trkpt lat="49.6086367" lon="0.1734217"><ele>74.92</ele></trkpt>
<trkpt lat="49.608625" lon="0.1733783"><ele>74.47</ele></trkpt>
<trkpt lat="49.60860999999999" lon="0.1733383"><ele>74.44</ele></trkpt>
<trkpt lat="49.60859" lon="0.1732933"><ele>74.2</ele></trkpt>
<trkpt lat="49.60857500000001" lon="0.1732583"><ele>73.66</ele></trkpt>
<trkpt lat="49.6085617" lon="0.1732217"><ele>73.22</ele></trkpt>
<trkpt lat="49.60854670000001" lon="0.173185"><ele>72.82</ele></trkpt>
<trkpt lat="49.6085317" lon="0.1731483"><ele>72.49</ele></trkpt>
<trkpt lat="49.60850829999999" lon="0.1730967"><ele>72.27</ele></trkpt>
<trkpt lat="49.60849169999999" lon="0.1730617"><ele>72.24</ele></trkpt>
<trkpt lat="49.60847330000001" lon="0.1730267"><ele>72.05</ele></trkpt>
<trkpt lat="49.6084567" lon="0.17299"><ele>72.11</ele></trkpt>
<trkpt lat="49.60843999999999" lon="0.1729533"><ele>72.29</ele></trkpt>
<trkpt lat="49.60842" lon="0.1729217"><ele>72.4</ele></trkpt>
<trkpt lat="49.60839829999999" lon="0.1728917"><ele>72.7</ele></trkpt>
<trkpt lat="49.6083783" lon="0.1728617"><ele>72.75</ele></trkpt>
<trkpt lat="49.6083583" lon="0.17283"><ele>72.62</ele></trkpt>
<trkpt lat="49.6083367" lon="0.1727967"><ele>72.63</ele></trkpt>
<trkpt lat="49.60831670000001" lon="0.1727633"><ele>72.54</ele></trkpt>
<trkpt lat="49.60829170000001" lon="0.172715"><ele>73.19</ele></trkpt>
<trkpt lat="49.6082683" lon="0.1726733"><ele>74.03</ele></trkpt>
<trkpt lat="49.6082483" lon="0.17263"><ele>74.58</ele></trkpt>
<trkpt lat="49.60822330000001" lon="0.172585"><ele>74.96</ele></trkpt>
<trkpt lat="49.6082083" lon="0.17255"><ele>75.35</ele></trkpt>
<trkpt lat="49.6081933" lon="0.172515"><ele>75.66</ele></trkpt>
<trkpt lat="49.6081717" lon="0.172465"><ele>76.27</ele></trkpt>
<trkpt lat="49.60815" lon="0.1724133"><ele>76.49</ele></trkpt>
<trkpt lat="49.60812670000001" lon="0.1723683"><ele>76.88</ele></trkpt>
<trkpt lat="49.6081067" lon="0.1723183"><ele>77.38</ele></trkpt>
<trkpt lat="49.60809" lon="0.172285"><ele>77.59</ele></trkpt>
<trkpt lat="49.6080683" lon="0.1722317"><ele>77.73</ele></trkpt>
<trkpt lat="49.60805499999999" lon="0.172195"><ele>77.82</ele></trkpt>
<trkpt lat="49.6080333" lon="0.1721433"><ele>77.83</ele></trkpt>
<trkpt lat="49.6080183" lon="0.172105"><ele>77.65</ele></trkpt>
<trkpt lat="49.60800329999999" lon="0.1720667"><ele>77.38</ele></trkpt>
<trkpt lat="49.6079883" lon="0.1720317"><ele>77.18</ele></trkpt>
<trkpt lat="49.60796669999999" lon="0.1719833"><ele>77.23</ele></trkpt>
<trkpt lat="49.6079417" lon="0.17194"><ele>77.42</ele></trkpt>
<trkpt lat="49.6079217" lon="0.17191"><ele>77.29</ele></trkpt>
<trkpt lat="49.6078883" lon="0.1718783"><ele>76.97</ele></trkpt>
<trkpt lat="49.60785" lon="0.171865"><ele>76.84</ele></trkpt>
<trkpt lat="49.60780829999999" lon="0.1718583"><ele>76.77</ele></trkpt>
<trkpt lat="49.60777830000001" lon="0.1718567"><ele>76.51</ele></trkpt>
<trkpt lat="49.6077467" lon="0.171855"><ele>76.12</ele></trkpt>
<trkpt lat="49.60771669999999" lon="0.171855"><ele>75.79</ele></trkpt>
<trkpt lat="49.6076883" lon="0.1718517"><ele>75.49</ele></trkpt>
<trkpt lat="49.6076583" lon="0.17185"><ele>75.28</ele></trkpt>
<trkpt lat="49.6076283" lon="0.1718567"><ele>75.06</ele></trkpt>
<trkpt lat="49.60759670000001" lon="0.171865"><ele>74.95</ele></trkpt>
<trkpt lat="49.6075633" lon="0.1718733"><ele>74.77</ele></trkpt>
<trkpt lat="49.60753329999999" lon="0.17188"><ele>74.58</ele></trkpt>
<trkpt lat="49.6075017" lon="0.1718883"><ele>74.54</ele></trkpt>
<trkpt lat="49.6074717" lon="0.1718917"><ele>74.37</ele></trkpt>
<trkpt lat="49.60744" lon="0.1718917"><ele>74.32</ele></trkpt>
<trkpt lat="49.60740670000001" lon="0.171895"><ele>74.24</ele></trkpt>
<trkpt lat="49.607375" lon="0.1718967"><ele>74.14</ele></trkpt>
<trkpt lat="49.6073417" lon="0.1718983"><ele>74.11</ele></trkpt>
<trkpt lat="49.6073133" lon="0.1719017"><ele>74.29</ele></trkpt>
<trkpt lat="49.60728329999999" lon="0.1719033"><ele>74.4</ele></trkpt>
<trkpt lat="49.6072533" lon="0.1719067"><ele>74.43</ele></trkpt>
<trkpt lat="49.60722000000001" lon="0.17191"><ele>74.27</ele></trkpt>
<trkpt lat="49.607185" lon="0.171915"><ele>74.01</ele></trkpt>
<trkpt lat="49.6071533" lon="0.1719167"><ele>73.78</ele></trkpt>
<trkpt lat="49.6071217" lon="0.17192"><ele>73.58</ele></trkpt>
<trkpt lat="49.60709" lon="0.171925"><ele>73.45</ele></trkpt>
<trkpt lat="49.60705830000001" lon="0.171935"><ele>73.44</ele></trkpt>
<trkpt lat="49.6070267" lon="0.1719383"><ele>73.46</ele></trkpt>
<trkpt lat="49.606995" lon="0.17194"><ele>73.44</ele></trkpt>
<trkpt lat="49.6069633" lon="0.171945"><ele>73.37</ele></trkpt>
<trkpt lat="49.6069317" lon="0.1719483"><ele>73.2</ele></trkpt>
<trkpt lat="49.60690170000001" lon="0.1719483"><ele>72.98</ele></trkpt>
<trkpt lat="49.6068717" lon="0.1719467"><ele>72.87</ele></trkpt>
<trkpt lat="49.6068417" lon="0.1719383"><ele>72.75</ele></trkpt>
<trkpt lat="49.6068083" lon="0.1719333"><ele>72.65</ele></trkpt>
<trkpt lat="49.6067767" lon="0.17193"><ele>72.64</ele></trkpt>
<trkpt lat="49.6067467" lon="0.1719283"><ele>72.8</ele></trkpt>
<trkpt lat="49.6067167" lon="0.17193"><ele>72.99</ele></trkpt>
<trkpt lat="49.606685" lon="0.171935"><ele>73.03</ele></trkpt>
<trkpt lat="49.6066533" lon="0.171935"><ele>73.04</ele></trkpt>
<trkpt lat="49.6066233" lon="0.1719367"><ele>72.95</ele></trkpt>
<trkpt lat="49.6065933" lon="0.1719367"><ele>72.76</ele></trkpt>
<trkpt lat="49.6065617" lon="0.17194"><ele>72.56</ele></trkpt>
<trkpt lat="49.60652830000001" lon="0.171945"><ele>72.4</ele></trkpt>
<trkpt lat="49.6064983" lon="0.1719483"><ele>72.27</ele></trkpt>
<trkpt lat="49.60646500000001" lon="0.171945"><ele>72.17</ele></trkpt>
<trkpt lat="49.6064383" lon="0.171935"><ele>72.09</ele></trkpt>
<trkpt lat="49.6064" lon="0.171935"><ele>72.11</ele></trkpt>
<trkpt lat="49.6063717" lon="0.1719367"><ele>72.13</ele></trkpt>
<trkpt lat="49.6063317" lon="0.17194"><ele>71.97</ele></trkpt>
<trkpt lat="49.6062933" lon="0.171945"><ele>71.77</ele></trkpt>
<trkpt lat="49.606255" lon="0.171955"><ele>71.81</ele></trkpt>
<trkpt lat="49.60622829999999" lon="0.1719617"><ele>71.74</ele></trkpt>
<trkpt lat="49.6062" lon="0.1719667"><ele>71.67</ele></trkpt>
<trkpt lat="49.6061733" lon="0.1719733"><ele>71.8</ele></trkpt>
<trkpt lat="49.6061467" lon="0.17198"><ele>71.9</ele></trkpt>
<trkpt lat="49.60610830000001" lon="0.17199"><ele>71.85</ele></trkpt>
<trkpt lat="49.6060817" lon="0.1719983"><ele>72</ele></trkpt>
<trkpt lat="49.60605499999999" lon="0.1720083"><ele>72.13</ele></trkpt>
<trkpt lat="49.6060167" lon="0.172025"><ele>72.47</ele></trkpt>
<trkpt lat="49.6059917" lon="0.1720417"><ele>72.69</ele></trkpt>
<trkpt lat="49.6059567" lon="0.1720633"><ele>73.16</ele></trkpt>
<trkpt lat="49.60592" lon="0.17208"><ele>72.98</ele></trkpt>
<trkpt lat="49.6058883" lon="0.1721067"><ele>72.65</ele></trkpt>
<trkpt lat="49.6058617" lon="0.1721467"><ele>72.64</ele></trkpt>
<trkpt lat="49.6058383" lon="0.17217"><ele>72.55</ele></trkpt>
<trkpt lat="49.60580829999999" lon="0.1721917"><ele>72.91</ele></trkpt>
<trkpt lat="49.6057767" lon="0.1722233"><ele>73.49</ele></trkpt>
<trkpt lat="49.60575" lon="0.1722533"><ele>74.05</ele></trkpt>
<trkpt lat="49.605725" lon="0.1722733"><ele>74.16</ele></trkpt>
<trkpt lat="49.6056933" lon="0.172295"><ele>73.46</ele></trkpt>
<trkpt lat="49.60566000000001" lon="0.1723267"><ele>72.84</ele></trkpt>
<trkpt lat="49.60563" lon="0.1723633"><ele>73.17</ele></trkpt>
<trkpt lat="49.60560169999999" lon="0.1723983"><ele>73.26</ele></trkpt>
<trkpt lat="49.60557" lon="0.17243"><ele>72.88</ele></trkpt>
<trkpt lat="49.605535" lon="0.17246"><ele>72.65</ele></trkpt>
<trkpt lat="49.60551170000001" lon="0.1724817"><ele>72.94</ele></trkpt>
<trkpt lat="49.605485" lon="0.1725017"><ele>73.28</ele></trkpt>
<trkpt lat="49.60546" lon="0.1725233"><ele>73.59</ele></trkpt>
<trkpt lat="49.605435" lon="0.172545"><ele>73.8</ele></trkpt>
<trkpt lat="49.60541000000001" lon="0.1725617"><ele>74.25</ele></trkpt>
<trkpt lat="49.6053783" lon="0.1725833"><ele>74.66</ele></trkpt>
<trkpt lat="49.6053467" lon="0.1726117"><ele>75.25</ele></trkpt>
<trkpt lat="49.6053133" lon="0.1726383"><ele>75.76</ele></trkpt>
<trkpt lat="49.6052767" lon="0.1726567"><ele>76.26</ele></trkpt>
<trkpt lat="49.6052517" lon="0.1726733"><ele>76.4</ele></trkpt>
<trkpt lat="49.6052267" lon="0.1726933"><ele>76.76</ele></trkpt>
<trkpt lat="49.6051917" lon="0.172715"><ele>77.17</ele></trkpt>
<trkpt lat="49.60515500000001" lon="0.1727367"><ele>77.52</ele></trkpt>
<trkpt lat="49.6051283" lon="0.17275"><ele>77.38</ele></trkpt>
<trkpt lat="49.60510169999999" lon="0.1727633"><ele>77.43</ele></trkpt>
<trkpt lat="49.60507669999999" lon="0.17278"><ele>77.53</ele></trkpt>
<trkpt lat="49.6050433" lon="0.1728033"><ele>77.32</ele></trkpt>
<trkpt lat="49.6050067" lon="0.17282"><ele>77.24</ele></trkpt>
<trkpt lat="49.6049717" lon="0.1728383"><ele>77.24</ele></trkpt>
<trkpt lat="49.6049367" lon="0.17286"><ele>76.88</ele></trkpt>
<trkpt lat="49.60491" lon="0.1728717"><ele>76.75</ele></trkpt>
<trkpt lat="49.6048717" lon="0.1728867"><ele>77.35</ele></trkpt>
<trkpt lat="49.604845" lon="0.1729017"><ele>77.66</ele></trkpt>
<trkpt lat="49.6048067" lon="0.1729167"><ele>77.7</ele></trkpt>
<trkpt lat="49.60478" lon="0.1729317"><ele>77.79</ele></trkpt>
<trkpt lat="49.60475" lon="0.172945"><ele>77.96</ele></trkpt>
<trkpt lat="49.60471500000001" lon="0.17296"><ele>77.59</ele></trkpt>
<trkpt lat="49.60468" lon="0.172985"><ele>77.57</ele></trkpt>
<trkpt lat="49.6046533" lon="0.1730017"><ele>77.63</ele></trkpt>
<trkpt lat="49.604625" lon="0.1730183"><ele>77.48</ele></trkpt>
<trkpt lat="49.6045983" lon="0.17303"><ele>77.35</ele></trkpt>
<trkpt lat="49.6045633" lon="0.173045"><ele>77.43</ele></trkpt>
<trkpt lat="49.6045267" lon="0.1730583"><ele>77.7</ele></trkpt>
<trkpt lat="49.6044867" lon="0.17307"><ele>78.28</ele></trkpt>
<trkpt lat="49.6044567" lon="0.1730783"><ele>78.43</ele></trkpt>
<trkpt lat="49.6044283" lon="0.1730867"><ele>78.49</ele></trkpt>
<trkpt lat="49.6044017" lon="0.1730983"><ele>78.79</ele></trkpt>
<trkpt lat="49.604375" lon="0.1731117"><ele>78.68</ele></trkpt>
<trkpt lat="49.60434670000001" lon="0.1731233"><ele>78.55</ele></trkpt>
<trkpt lat="49.60430829999999" lon="0.1731383"><ele>78.7</ele></trkpt>
<trkpt lat="49.60427330000001" lon="0.1731583"><ele>78.65</ele></trkpt>
<trkpt lat="49.60424" lon="0.17318"><ele>78.64</ele></trkpt>
<trkpt lat="49.604205" lon="0.173195"><ele>78.55</ele></trkpt>
<trkpt lat="49.6041683" lon="0.173205"><ele>78.8</ele></trkpt>
<trkpt lat="49.60413" lon="0.1732167"><ele>79.29</ele></trkpt>
<trkpt lat="49.6041033" lon="0.1732233"><ele>79.43</ele></trkpt>
<trkpt lat="49.6040633" lon="0.1732267"><ele>79.69</ele></trkpt>
<trkpt lat="49.60402499999999" lon="0.1732333"><ele>79.98</ele></trkpt>
<trkpt lat="49.60399000000001" lon="0.173245"><ele>79.87</ele></trkpt>
<trkpt lat="49.6039533" lon="0.1732517"><ele>79.91</ele></trkpt>
<trkpt lat="49.603915" lon="0.17326"><ele>80.21</ele></trkpt>
<trkpt lat="49.603875" lon="0.1732667"><ele>80.07</ele></trkpt>
<trkpt lat="49.6038483" lon="0.173275"><ele>79.81</ele></trkpt>
<trkpt lat="49.6038217" lon="0.1732817"><ele>79.52</ele></trkpt>
<trkpt lat="49.6037917" lon="0.1732933"><ele>78.97</ele></trkpt>
<trkpt lat="49.60375329999999" lon="0.1733033"><ele>78.94</ele></trkpt>
<trkpt lat="49.60371500000001" lon="0.1733067"><ele>78.94</ele></trkpt>
<trkpt lat="49.60368669999999" lon="0.1733083"><ele>79.08</ele></trkpt>
<trkpt lat="49.6036583" lon="0.17331"><ele>79.23</ele></trkpt>
<trkpt lat="49.60362" lon="0.1733167"><ele>79.24</ele></trkpt>
<trkpt lat="49.6035817" lon="0.173325"><ele>79.17</ele></trkpt>
<trkpt lat="49.603545" lon="0.1733367"><ele>79.33</ele></trkpt>
<trkpt lat="49.6035083" lon="0.1733417"><ele>79.67</ele></trkpt>
<trkpt lat="49.60347" lon="0.1733433"><ele>80.26</ele></trkpt>
<trkpt lat="49.60343169999999" lon="0.1733467"><ele>80.41</ele></trkpt>
<trkpt lat="49.6033933" lon="0.1733583"><ele>80.63</ele></trkpt>
<trkpt lat="49.6033567" lon="0.1733717"><ele>81.08</ele></trkpt>
<trkpt lat="49.6033183" lon="0.17338"><ele>81.82</ele></trkpt>
<trkpt lat="49.60329170000001" lon="0.1733883"><ele>82.32</ele></trkpt>
<trkpt lat="49.6032567" lon="0.1733933"><ele>82.7</ele></trkpt>
<trkpt lat="49.60321999999999" lon="0.1733983"><ele>83.01</ele></trkpt>
<trkpt lat="49.60318" lon="0.1734033"><ele>83.2</ele></trkpt>
<trkpt lat="49.6031417" lon="0.1734117"><ele>83.69</ele></trkpt>
<trkpt lat="49.603115" lon="0.17342"><ele>83.88</ele></trkpt>
<trkpt lat="49.603075" lon="0.1734233"><ele>84.29</ele></trkpt>
<trkpt lat="49.60304170000001" lon="0.173435"><ele>84.41</ele></trkpt>
<trkpt lat="49.6030083" lon="0.1734483"><ele>84.51</ele></trkpt>
<trkpt lat="49.6029733" lon="0.1734617"><ele>84.45</ele></trkpt>
<trkpt lat="49.6029383" lon="0.1734767"><ele>84.44</ele></trkpt>
<trkpt lat="49.602905" lon="0.1734967"><ele>84.38</ele></trkpt>
<trkpt lat="49.60287170000001" lon="0.17351"><ele>84.25</ele></trkpt>
<trkpt lat="49.602835" lon="0.1735317"><ele>84.24</ele></trkpt>
<trkpt lat="49.60279669999999" lon="0.1735517"><ele>84.57</ele></trkpt>
<trkpt lat="49.60277000000001" lon="0.17356"><ele>84.71</ele></trkpt>
<trkpt lat="49.6027433" lon="0.1735717"><ele>84.9</ele></trkpt>
<trkpt lat="49.6027167" lon="0.1735883"><ele>85.1</ele></trkpt>
<trkpt lat="49.60268170000001" lon="0.1736067"><ele>85.37</ele></trkpt>
<trkpt lat="49.602645" lon="0.17363"><ele>85.77</ele></trkpt>
<trkpt lat="49.6026183" lon="0.1736417"><ele>86</ele></trkpt>
<trkpt lat="49.60259" lon="0.173655"><ele>86.2</ele></trkpt>
<trkpt lat="49.6025633" lon="0.1736717"><ele>86.4</ele></trkpt>
<trkpt lat="49.602535" lon="0.173685"><ele>86.62</ele></trkpt>
<trkpt lat="49.602495" lon="0.1737033"><ele>87.1</ele></trkpt>
<trkpt lat="49.60246" lon="0.1737283"><ele>87.76</ele></trkpt>
<trkpt lat="49.6024333" lon="0.1737417"><ele>87.66</ele></trkpt>
<trkpt lat="49.6023983" lon="0.1737583"><ele>87.65</ele></trkpt>
<trkpt lat="49.6023617" lon="0.1737717"><ele>87.65</ele></trkpt>
<trkpt lat="49.60232830000001" lon="0.173785"><ele>87.48</ele></trkpt>
<trkpt lat="49.60229169999999" lon="0.1738067"><ele>87.61</ele></trkpt>
<trkpt lat="49.602255" lon="0.1738333"><ele>88.1</ele></trkpt>
<trkpt lat="49.60223" lon="0.17385"><ele>88.39</ele></trkpt>
<trkpt lat="49.602195" lon="0.1738783"><ele>88.44</ele></trkpt>
<trkpt lat="49.60216" lon="0.17391"><ele>88.12</ele></trkpt>
<trkpt lat="49.602125" lon="0.1739283"><ele>87.89</ele></trkpt>
<trkpt lat="49.60209" lon="0.1739483"><ele>87.43</ele></trkpt>
<trkpt lat="49.602055" lon="0.1739617"><ele>87.17</ele></trkpt>
<trkpt lat="49.6020217" lon="0.1739767"><ele>86.92</ele></trkpt>
<trkpt lat="49.601995" lon="0.1739883"><ele>86.62</ele></trkpt>
<trkpt lat="49.6019583" lon="0.1740117"><ele>86.36</ele></trkpt>
<trkpt lat="49.6019233" lon="0.1740333"><ele>86.08999999999999</ele></trkpt>
<trkpt lat="49.60188830000001" lon="0.1740533"><ele>85.98</ele></trkpt>
<trkpt lat="49.6018617" lon="0.1740617"><ele>85.72</ele></trkpt>
<trkpt lat="49.60182669999999" lon="0.1740683"><ele>85.46</ele></trkpt>
<trkpt lat="49.6018017" lon="0.174085"><ele>85.68</ele></trkpt>
<trkpt lat="49.601765" lon="0.174105"><ele>86.03</ele></trkpt>
<trkpt lat="49.6017367" lon="0.17412"><ele>86.05</ele></trkpt>
<trkpt lat="49.60170670000001" lon="0.1741383"><ele>85.82</ele></trkpt>
<trkpt lat="49.601675" lon="0.1741517"><ele>85.43</ele></trkpt>
<trkpt lat="49.6016483" lon="0.17416"><ele>84.94</ele></trkpt>
<trkpt lat="49.60162170000001" lon="0.1741683"><ele>84.62</ele></trkpt>
<trkpt lat="49.6015817" lon="0.174165"><ele>84.47</ele></trkpt>
<trkpt lat="49.6015383" lon="0.1741567"><ele>84.07</ele></trkpt>
<trkpt lat="49.601505" lon="0.1741417"><ele>83.8</ele></trkpt>
<trkpt lat="49.60146830000001" lon="0.17414"><ele>82.91</ele></trkpt>
<trkpt lat="49.6014333" lon="0.1741333"><ele>82.87</ele></trkpt>
<trkpt lat="49.601395" lon="0.17411"><ele>83.36</ele></trkpt>
<trkpt lat="49.60137" lon="0.1740933"><ele>83.53</ele></trkpt>
<trkpt lat="49.6013317" lon="0.1740717"><ele>83.73</ele></trkpt>
<trkpt lat="49.6012933" lon="0.1740567"><ele>83.79</ele></trkpt>
<trkpt lat="49.6012567" lon="0.17404"><ele>84</ele></trkpt>
<trkpt lat="49.6012217" lon="0.1740233"><ele>84.14</ele></trkpt>
<trkpt lat="49.6011833" lon="0.17401"><ele>84.28</ele></trkpt>
<trkpt lat="49.601145" lon="0.1739933"><ele>85.04</ele></trkpt>
<trkpt lat="49.6011183" lon="0.1739817"><ele>85.07</ele></trkpt>
<trkpt lat="49.60109" lon="0.1739683"><ele>84.89</ele></trkpt>
<trkpt lat="49.60105829999999" lon="0.1739583"><ele>84.46</ele></trkpt>
<trkpt lat="49.6010317" lon="0.17395"><ele>83.64</ele></trkpt>
<trkpt lat="49.6009917" lon="0.1739367"><ele>82.38</ele></trkpt>
<trkpt lat="49.600965" lon="0.173925"><ele>81.94</ele></trkpt>
<trkpt lat="49.60093830000001" lon="0.1739117"><ele>81.53</ele></trkpt>
<trkpt lat="49.6009117" lon="0.1738983"><ele>81.44</ele></trkpt>
<trkpt lat="49.60088499999999" lon="0.1738867"><ele>81.52</ele></trkpt>
<trkpt lat="49.6008567" lon="0.1738733"><ele>81.55</ele></trkpt>
<trkpt lat="49.60083" lon="0.1738617"><ele>81.78</ele></trkpt>
<trkpt lat="49.6008017" lon="0.1738517"><ele>81.97999999999999</ele></trkpt>
<trkpt lat="49.6007633" lon="0.17385"><ele>82.54</ele></trkpt>
<trkpt lat="49.600725" lon="0.1738533"><ele>83.42</ele></trkpt>
<trkpt lat="49.600685" lon="0.17386"><ele>83.99</ele></trkpt>
<trkpt lat="49.6006567" lon="0.17387"><ele>84.27</ele></trkpt>
<trkpt lat="49.6006183" lon="0.1738783"><ele>84.79</ele></trkpt>
<trkpt lat="49.60059170000001" lon="0.1738883"><ele>84.94</ele></trkpt>
<trkpt lat="49.6005633" lon="0.1739017"><ele>85.02</ele></trkpt>
<trkpt lat="49.6005233" lon="0.1739167"><ele>85.03</ele></trkpt>
<trkpt lat="49.6004967" lon="0.17393"><ele>85.05</ele></trkpt>
<trkpt lat="49.6004583" lon="0.1739433"><ele>84.96</ele></trkpt>
<trkpt lat="49.60043" lon="0.173955"><ele>85.09</ele></trkpt>
<trkpt lat="49.6003917" lon="0.173975"><ele>85.52</ele></trkpt>
<trkpt lat="49.60035499999999" lon="0.1740083"><ele>85.8</ele></trkpt>
<trkpt lat="49.60032830000001" lon="0.1740367"><ele>86.15</ele></trkpt>
<trkpt lat="49.600305" lon="0.17406"><ele>86.47</ele></trkpt>
<trkpt lat="49.6002717" lon="0.1740933"><ele>86.46</ele></trkpt>
<trkpt lat="49.60024169999999" lon="0.174125"><ele>86.43</ele></trkpt>
<trkpt lat="49.6002133" lon="0.174155"><ele>86.53</ele></trkpt>
<trkpt lat="49.6001883" lon="0.17419"><ele>86.53</ele></trkpt>
<trkpt lat="49.6001583" lon="0.174225"><ele>86.46</ele></trkpt>
<trkpt lat="49.60013330000001" lon="0.1742467"><ele>86.61</ele></trkpt>
<trkpt lat="49.60011" lon="0.1742733"><ele>86.88</ele></trkpt>
<trkpt lat="49.6000867" lon="0.1743"><ele>87.1</ele></trkpt>
<trkpt lat="49.6000633" lon="0.1743267"><ele>87.31</ele></trkpt>
<trkpt lat="49.60004170000001" lon="0.1743517"><ele>87.58</ele></trkpt>
<trkpt lat="49.6000083" lon="0.174385"><ele>87.67</ele></trkpt>
<trkpt lat="49.5999867" lon="0.1744133"><ele>87.58</ele></trkpt>
<trkpt lat="49.59995670000001" lon="0.174445"><ele>87.56</ele></trkpt>
<trkpt lat="49.5999333" lon="0.1744667"><ele>87.64</ele></trkpt>
<trkpt lat="49.5999017" lon="0.1745"><ele>87.32</ele></trkpt>
<trkpt lat="49.5998733" lon="0.1745333"><ele>87.16</ele></trkpt>
<trkpt lat="49.5998483" lon="0.1745583"><ele>86.83</ele></trkpt>
<trkpt lat="49.599825" lon="0.1745833"><ele>86.67</ele></trkpt>
<trkpt lat="49.5998017" lon="0.1746083"><ele>86.58</ele></trkpt>
<trkpt lat="49.59978" lon="0.1746333"><ele>86.41</ele></trkpt>
<trkpt lat="49.5997567" lon="0.17466"><ele>86.27</ele></trkpt>
<trkpt lat="49.599735" lon="0.1746867"><ele>86.39</ele></trkpt>
<trkpt lat="49.5997133" lon="0.1747183"><ele>86.45</ele></trkpt>
<trkpt lat="49.5996917" lon="0.1747483"><ele>86.61</ele></trkpt>
<trkpt lat="49.59967" lon="0.174775"><ele>86.74</ele></trkpt>
<trkpt lat="49.5996467" lon="0.1747967"><ele>86.84</ele></trkpt>
<trkpt lat="49.59962500000001" lon="0.1748217"><ele>86.94</ele></trkpt>
<trkpt lat="49.5996017" lon="0.174845"><ele>87.18</ele></trkpt>
<trkpt lat="49.5995767" lon="0.174865"><ele>87.57</ele></trkpt>
<trkpt lat="49.5995533" lon="0.1748883"><ele>87.8</ele></trkpt>
<trkpt lat="49.59953" lon="0.1749117"><ele>87.85</ele></trkpt>
<trkpt lat="49.5995067" lon="0.1749333"><ele>87.67</ele></trkpt>
<trkpt lat="49.5994717" lon="0.1749617"><ele>87.53</ele></trkpt>
<trkpt lat="49.59943830000001" lon="0.1749917"><ele>87.69</ele></trkpt>
<trkpt lat="49.599405" lon="0.1750233"><ele>87.62</ele></trkpt>
<trkpt lat="49.5993733" lon="0.1750517"><ele>87.72</ele></trkpt>
<trkpt lat="49.5993383" lon="0.1750783"><ele>87.75</ele></trkpt>
<trkpt lat="49.5993033" lon="0.175105"><ele>87.73</ele></trkpt>
<trkpt lat="49.59927829999999" lon="0.1751233"><ele>87.66</ele></trkpt>
<trkpt lat="49.5992433" lon="0.1751483"><ele>87.9</ele></trkpt>
<trkpt lat="49.5992083" lon="0.1751717"><ele>88.18</ele></trkpt>
<trkpt lat="49.5991717" lon="0.1751917"><ele>88.35</ele></trkpt>
<trkpt lat="49.5991367" lon="0.1752117"><ele>88.23</ele></trkpt>
<trkpt lat="49.59910000000001" lon="0.175225"><ele>88.34</ele></trkpt>
<trkpt lat="49.5990633" lon="0.1752383"><ele>88.54</ele></trkpt>
<trkpt lat="49.59902499999999" lon="0.17526"><ele>88.64</ele></trkpt>
<trkpt lat="49.59899999999999" lon="0.1752817"><ele>88.42</ele></trkpt>
<trkpt lat="49.5989733" lon="0.1753"><ele>88.09</ele></trkpt>
<trkpt lat="49.598935" lon="0.1753217"><ele>87.61</ele></trkpt>
<trkpt lat="49.5989" lon="0.1753383"><ele>87.87</ele></trkpt>
<trkpt lat="49.5988667" lon="0.1753517"><ele>88.4</ele></trkpt>
<trkpt lat="49.59882999999999" lon="0.175365"><ele>88.71</ele></trkpt>
<trkpt lat="49.59880330000001" lon="0.1753733"><ele>88.98</ele></trkpt>
<trkpt lat="49.59876999999999" lon="0.1753833"><ele>89.31</ele></trkpt>
<trkpt lat="49.5987367" lon="0.1753983"><ele>89.39</ele></trkpt>
<trkpt lat="49.5987017" lon="0.175415"><ele>89.39</ele></trkpt>
<trkpt lat="49.59867" lon="0.1754217"><ele>89.32</ele></trkpt>
<trkpt lat="49.5986367" lon="0.175425"><ele>89.09</ele></trkpt>
<trkpt lat="49.5986033" lon="0.1754367"><ele>88.73</ele></trkpt>
<trkpt lat="49.59857000000001" lon="0.1754517"><ele>88.75</ele></trkpt>
<trkpt lat="49.59854170000001" lon="0.1754567"><ele>87.8</ele></trkpt>
<trkpt lat="49.5985117" lon="0.1754667"><ele>87.14</ele></trkpt>
<trkpt lat="49.59848170000001" lon="0.1754683"><ele>87.31</ele></trkpt>
<trkpt lat="49.59845" lon="0.1754817"><ele>87.81</ele></trkpt>
<trkpt lat="49.5984217" lon="0.1754933"><ele>87.95</ele></trkpt>
<trkpt lat="49.5983883" lon="0.17551"><ele>87.88</ele></trkpt>
<trkpt lat="49.5983533" lon="0.1755317"><ele>88.21</ele></trkpt>
<trkpt lat="49.5983167" lon="0.175545"><ele>88.51</ele></trkpt>
<trkpt lat="49.5982817" lon="0.17556"><ele>89.11</ele></trkpt>
<trkpt lat="49.59825" lon="0.1755833"><ele>90.09999999999998</ele></trkpt>
<trkpt lat="49.598215" lon="0.175605"><ele>90.96</ele></trkpt>
<trkpt lat="49.5981833" lon="0.1756183"><ele>91.31</ele></trkpt>
<trkpt lat="49.5981517" lon="0.1756333"><ele>91.19</ele></trkpt>
<trkpt lat="49.5981133" lon="0.1756483"><ele>91.65</ele></trkpt>
<trkpt lat="49.5980817" lon="0.17566"><ele>92.24</ele></trkpt>
<trkpt lat="49.59804669999999" lon="0.1756667"><ele>92.14</ele></trkpt>
<trkpt lat="49.59802000000001" lon="0.1756767"><ele>92.13</ele></trkpt>
<trkpt lat="49.5979933" lon="0.17569"><ele>92.22</ele></trkpt>
<trkpt lat="49.597955" lon="0.1757083"><ele>92.25</ele></trkpt>
<trkpt lat="49.5979283" lon="0.17572"><ele>92.42</ele></trkpt>
<trkpt lat="49.59790169999999" lon="0.1757283"><ele>92.54</ele></trkpt>
<trkpt lat="49.5978683" lon="0.175745"><ele>92.91</ele></trkpt>
<trkpt lat="49.5978417" lon="0.175755"><ele>93.11</ele></trkpt>
<trkpt lat="49.597805" lon="0.1757633"><ele>93.32</ele></trkpt>
<trkpt lat="49.5977783" lon="0.175775"><ele>93.4</ele></trkpt>
<trkpt lat="49.59773999999999" lon="0.1757967"><ele>93.46</ele></trkpt>
<trkpt lat="49.59771330000001" lon="0.1758083"><ele>93.3</ele></trkpt>
<trkpt lat="49.59768500000001" lon="0.1758167"><ele>93.17</ele></trkpt>
<trkpt lat="49.5976467" lon="0.17583"><ele>92.9</ele></trkpt>
<trkpt lat="49.59762" lon="0.1758433"><ele>92.86</ele></trkpt>
<trkpt lat="49.5975833" lon="0.1758667"><ele>92.6</ele></trkpt>
<trkpt lat="49.5975517" lon="0.175895"><ele>92.32</ele></trkpt>
<trkpt lat="49.59754" lon="0.175935"><ele>92.19</ele></trkpt>
<trkpt lat="49.59752330000001" lon="0.175985"><ele>92.09</ele></trkpt>
<trkpt lat="49.597495" lon="0.176015"><ele>91.54</ele></trkpt>
<trkpt lat="49.5974633" lon="0.1760283"><ele>91.01</ele></trkpt>
<trkpt lat="49.5974333" lon="0.1760267"><ele>90.44</ele></trkpt>
<trkpt lat="49.5974067" lon="0.1760383"><ele>90.16</ele></trkpt>
<trkpt lat="49.5973733" lon="0.1760667"><ele>90.51</ele></trkpt>
<trkpt lat="49.5973367" lon="0.1760567"><ele>90.23</ele></trkpt>
<trkpt lat="49.59731" lon="0.17604"><ele>89.4</ele></trkpt>
<trkpt lat="49.5972833" lon="0.1760483"><ele>89.13</ele></trkpt>
<trkpt lat="49.59725670000001" lon="0.1760617"><ele>88.83</ele></trkpt>
<trkpt lat="49.59722" lon="0.1760633"><ele>88.82</ele></trkpt>
<trkpt lat="49.59719329999999" lon="0.1760567"><ele>89.25</ele></trkpt>
<trkpt lat="49.5971567" lon="0.17605"><ele>89.96</ele></trkpt>
<trkpt lat="49.5971183" lon="0.17605"><ele>90.53</ele></trkpt>
<trkpt lat="49.59709" lon="0.1760517"><ele>91.04</ele></trkpt>
<trkpt lat="49.5970617" lon="0.1760483"><ele>91.29</ele></trkpt>
<trkpt lat="49.5970267" lon="0.1760383"><ele>91.52</ele></trkpt>
<trkpt lat="49.59699330000001" lon="0.17604"><ele>91.55</ele></trkpt>
<trkpt lat="49.59696000000001" lon="0.1760433"><ele>91.81</ele></trkpt>
<trkpt lat="49.5969217" lon="0.176045"><ele>91.69</ele></trkpt>
<trkpt lat="49.596895" lon="0.1760517"><ele>91.57</ele></trkpt>
<trkpt lat="49.59686" lon="0.176055"><ele>91.66</ele></trkpt>
<trkpt lat="49.5968233" lon="0.176065"><ele>91.66</ele></trkpt>
<trkpt lat="49.5967833" lon="0.1760633"><ele>92.06</ele></trkpt>
<trkpt lat="49.5967517" lon="0.1760583"><ele>92.54</ele></trkpt>
<trkpt lat="49.5967233" lon="0.176055"><ele>92.97</ele></trkpt>
<trkpt lat="49.596695" lon="0.17606"><ele>93.37</ele></trkpt>
<trkpt lat="49.596655" lon="0.1760667"><ele>93.9</ele></trkpt>
<trkpt lat="49.5966183" lon="0.1760683"><ele>94.38</ele></trkpt>
<trkpt lat="49.5965883" lon="0.1760567"><ele>94.71</ele></trkpt>
<trkpt lat="49.59654999999999" lon="0.1760483"><ele>94.86</ele></trkpt>
<trkpt lat="49.59651" lon="0.1760467"><ele>94.83</ele></trkpt>
<trkpt lat="49.59646999999999" lon="0.1760433"><ele>95.05</ele></trkpt>
<trkpt lat="49.5964317" lon="0.1760383"><ele>95.04</ele></trkpt>
<trkpt lat="49.5964" lon="0.17604"><ele>94.78</ele></trkpt>
<trkpt lat="49.5963733" lon="0.1760483"><ele>94.57</ele></trkpt>
<trkpt lat="49.59634170000001" lon="0.1760483"><ele>94.45999999999998</ele></trkpt>
<trkpt lat="49.59631" lon="0.1760483"><ele>94.3</ele></trkpt>
<trkpt lat="49.59627330000001" lon="0.1760383"><ele>94.68</ele></trkpt>
<trkpt lat="49.5962333" lon="0.1760417"><ele>95.01</ele></trkpt>
<trkpt lat="49.5962067" lon="0.17605"><ele>95.15</ele></trkpt>
<trkpt lat="49.5961783" lon="0.1760517"><ele>95</ele></trkpt>
<trkpt lat="49.59614" lon="0.1760567"><ele>94.89</ele></trkpt>
<trkpt lat="49.5961067" lon="0.1760767"><ele>94.88</ele></trkpt>
<trkpt lat="49.59607829999999" lon="0.17611"><ele>94.77</ele></trkpt>
<trkpt lat="49.5960583" lon="0.1761567"><ele>95</ele></trkpt>
<trkpt lat="49.596045" lon="0.1762083"><ele>95.34</ele></trkpt>
<trkpt lat="49.5960467" lon="0.1762517"><ele>95.43</ele></trkpt>
<trkpt lat="49.5960517" lon="0.1763067"><ele>95.36</ele></trkpt>
<trkpt lat="49.5960617" lon="0.1763633"><ele>95.45</ele></trkpt>
<trkpt lat="49.5960717" lon="0.1764083"><ele>95.44</ele></trkpt>
<trkpt lat="49.59607500000001" lon="0.1764567"><ele>95.93</ele></trkpt>
<trkpt lat="49.59607" lon="0.17651"><ele>96.71</ele></trkpt>
<trkpt lat="49.5960683" lon="0.1765517"><ele>97.47</ele></trkpt>
<trkpt lat="49.5960617" lon="0.1766117"><ele>98.52</ele></trkpt>
<trkpt lat="49.5960517" lon="0.176655"><ele>99.03999999999999</ele></trkpt>
<trkpt lat="49.59604" lon="0.176705"><ele>99.71999999999998</ele></trkpt>
<trkpt lat="49.59602330000001" lon="0.176755"><ele>100.27</ele></trkpt>
<trkpt lat="49.5960033" lon="0.176805"><ele>100.99</ele></trkpt>
<trkpt lat="49.59599000000001" lon="0.1768417"><ele>100.87</ele></trkpt>
<trkpt lat="49.595975" lon="0.17688"><ele>100.4</ele></trkpt>
<trkpt lat="49.5959583" lon="0.17693"><ele>99.4</ele></trkpt>
<trkpt lat="49.595935" lon="0.1769817"><ele>98.70999999999998</ele></trkpt>
<trkpt lat="49.5959167" lon="0.177035"><ele>98.92</ele></trkpt>
<trkpt lat="49.5959" lon="0.17707"><ele>98.93999999999998</ele></trkpt>
<trkpt lat="49.5958783" lon="0.1771183"><ele>98.82</ele></trkpt>
<trkpt lat="49.5958583" lon="0.1771533"><ele>98.56</ele></trkpt>
<trkpt lat="49.59584" lon="0.1771883"><ele>98.38</ele></trkpt>
<trkpt lat="49.59582000000001" lon="0.1772217"><ele>98.44999999999999</ele></trkpt>
<trkpt lat="49.59579999999999" lon="0.177255"><ele>98.70999999999998</ele></trkpt>
<trkpt lat="49.5957817" lon="0.17729"><ele>99.07999999999998</ele></trkpt>
<trkpt lat="49.5957633" lon="0.17734"><ele>99.43999999999998</ele></trkpt>
<trkpt lat="49.59574000000001" lon="0.1773867"><ele>100.07</ele></trkpt>
<trkpt lat="49.59572" lon="0.1774367"><ele>100.26</ele></trkpt>
<trkpt lat="49.595705" lon="0.17748"><ele>100.13</ele></trkpt>
<trkpt lat="49.59568169999999" lon="0.1775267"><ele>99.79999999999998</ele></trkpt>
<trkpt lat="49.59566330000001" lon="0.1775667"><ele>99.76</ele></trkpt>
<trkpt lat="49.59564670000001" lon="0.1776017"><ele>100.01</ele></trkpt>
<trkpt lat="49.5956317" lon="0.1776517"><ele>100.08</ele></trkpt>
<trkpt lat="49.5956283" lon="0.1776967"><ele>99.44999999999999</ele></trkpt>
<trkpt lat="49.59561329999999" lon="0.17774"><ele>98.80999999999999</ele></trkpt>
<trkpt lat="49.5955933" lon="0.1777717"><ele>98.66999999999999</ele></trkpt>
<trkpt lat="49.5955717" lon="0.1778033"><ele>98.75</ele></trkpt>
<trkpt lat="49.59555330000001" lon="0.1778367"><ele>98.66999999999999</ele></trkpt>
<trkpt lat="49.5955267" lon="0.1778833"><ele>98.63000000000001</ele></trkpt>
<trkpt lat="49.5955067" lon="0.17793"><ele>98.56999999999998</ele></trkpt>
<trkpt lat="49.59549169999999" lon="0.1779667"><ele>98.63000000000001</ele></trkpt>
<trkpt lat="49.59546830000001" lon="0.1779967"><ele>98.89</ele></trkpt>
<trkpt lat="49.5954483" lon="0.1780267"><ele>99.37</ele></trkpt>
<trkpt lat="49.59543169999999" lon="0.17806"><ele>99.84</ele></trkpt>
<trkpt lat="49.595415" lon="0.1780933"><ele>100.13</ele></trkpt>
<trkpt lat="49.5953933" lon="0.17814"><ele>100.09</ele></trkpt>
<trkpt lat="49.59537" lon="0.178185"><ele>99.89</ele></trkpt>
<trkpt lat="49.5953483" lon="0.1782333"><ele>99.77</ele></trkpt>
<trkpt lat="49.59532999999999" lon="0.1782717"><ele>99.84999999999998</ele></trkpt>
<trkpt lat="49.595305" lon="0.1783133"><ele>99.66999999999999</ele></trkpt>
<trkpt lat="49.5952833" lon="0.1783583"><ele>99.56999999999998</ele></trkpt>
<trkpt lat="49.595265" lon="0.178405"><ele>99.23000000000002</ele></trkpt>
<trkpt lat="49.5952383" lon="0.1784467"><ele>98.39</ele></trkpt>
<trkpt lat="49.595215" lon="0.17849"><ele>98.07999999999998</ele></trkpt>
<trkpt lat="49.5951917" lon="0.17854"><ele>98.30999999999999</ele></trkpt>
<trkpt lat="49.5951733" lon="0.178575"><ele>98.58999999999999</ele></trkpt>
<trkpt lat="49.5951517" lon="0.178615"><ele>99.2</ele></trkpt>
<trkpt lat="49.59513" lon="0.1786567"><ele>99.62</ele></trkpt>
<trkpt lat="49.5951067" lon="0.1786917"><ele>99.84999999999998</ele></trkpt>
<trkpt lat="49.5950767" lon="0.1787317"><ele>99.94999999999999</ele></trkpt>
<trkpt lat="49.5950517" lon="0.178775"><ele>100.12</ele></trkpt>
<trkpt lat="49.59503" lon="0.1788017"><ele>99.91</ele></trkpt>
<trkpt lat="49.5950033" lon="0.1788417"><ele>99.7</ele></trkpt>
<trkpt lat="49.5949767" lon="0.1788883"><ele>99.56999999999998</ele></trkpt>
<trkpt lat="49.5949567" lon="0.1789233"><ele>99.48999999999998</ele></trkpt>
<trkpt lat="49.5949233" lon="0.1789733"><ele>99.23000000000002</ele></trkpt>
<trkpt lat="49.59490000000001" lon="0.1790117"><ele>99.43999999999998</ele></trkpt>
<trkpt lat="49.5948783" lon="0.1790467"><ele>99.62</ele></trkpt>
<trkpt lat="49.59486" lon="0.1790817"><ele>99.76</ele></trkpt>
<trkpt lat="49.5948433" lon="0.1791233"><ele>99.53</ele></trkpt>
<trkpt lat="49.5948233" lon="0.1791733"><ele>99.12</ele></trkpt>
<trkpt lat="49.5948033" lon="0.17921"><ele>99.23000000000002</ele></trkpt>
<trkpt lat="49.594785" lon="0.1792633"><ele>99.53999999999999</ele></trkpt>
<trkpt lat="49.5947683" lon="0.1792983"><ele>99.4</ele></trkpt>
<trkpt lat="49.5947533" lon="0.1793333"><ele>99.20999999999998</ele></trkpt>
<trkpt lat="49.594735" lon="0.17937"><ele>99.1</ele></trkpt>
<trkpt lat="49.59471000000001" lon="0.1794167"><ele>99.3</ele></trkpt>
<trkpt lat="49.59468500000001" lon="0.1794633"><ele>99.56</ele></trkpt>
<trkpt lat="49.5946683" lon="0.1794983"><ele>99.65</ele></trkpt>
<trkpt lat="49.59465169999999" lon="0.1795317"><ele>99.91</ele></trkpt>
<trkpt lat="49.59463499999999" lon="0.1795667"><ele>100.19</ele></trkpt>
<trkpt lat="49.594615" lon="0.1796167"><ele>100.77</ele></trkpt>
<trkpt lat="49.5945983" lon="0.17965"><ele>101.02</ele></trkpt>
<trkpt lat="49.5945833" lon="0.1796883"><ele>101.06</ele></trkpt>
<trkpt lat="49.59457" lon="0.1797283"><ele>100.99</ele></trkpt>
<trkpt lat="49.5945583" lon="0.1797667"><ele>100.97</ele></trkpt>
<trkpt lat="49.59453670000001" lon="0.1798133"><ele>100.8</ele></trkpt>
<trkpt lat="49.5945183" lon="0.17987"><ele>100.67</ele></trkpt>
<trkpt lat="49.5945017" lon="0.1799233"><ele>101.11</ele></trkpt>
<trkpt lat="49.5944883" lon="0.17996"><ele>101.09</ele></trkpt>
<trkpt lat="49.594475" lon="0.1799983"><ele>101.16</ele></trkpt>
<trkpt lat="49.5944533" lon="0.18005"><ele>101.19</ele></trkpt>
<trkpt lat="49.594435" lon="0.1801"><ele>100.55</ele></trkpt>
<trkpt lat="49.594415" lon="0.18015"><ele>100.28</ele></trkpt>
<trkpt lat="49.59440170000001" lon="0.180205"><ele>100.52</ele></trkpt>
<trkpt lat="49.5943867" lon="0.1802617"><ele>100.49</ele></trkpt>
<trkpt lat="49.594375" lon="0.1803"><ele>100.47</ele></trkpt>
<trkpt lat="49.59435169999999" lon="0.1803317"><ele>100.91</ele></trkpt>
<trkpt lat="49.594335" lon="0.1803733"><ele>101.07</ele></trkpt>
<trkpt lat="49.5943233" lon="0.18043"><ele>101.06</ele></trkpt>
<trkpt lat="49.594315" lon="0.1804717"><ele>101.06</ele></trkpt>
<trkpt lat="49.5943017" lon="0.18053"><ele>100.97</ele></trkpt>
<trkpt lat="49.5942883" lon="0.1805817"><ele>100.97</ele></trkpt>
<trkpt lat="49.5942767" lon="0.1806233"><ele>101.13</ele></trkpt>
<trkpt lat="49.5942633" lon="0.18068"><ele>101.35</ele></trkpt>
<trkpt lat="49.594255" lon="0.18072"><ele>101.59</ele></trkpt>
<trkpt lat="49.59424000000001" lon="0.1807717"><ele>101.67</ele></trkpt>
<trkpt lat="49.5942267" lon="0.1808283"><ele>101.6</ele></trkpt>
<trkpt lat="49.59421499999999" lon="0.180885"><ele>101.24</ele></trkpt>
<trkpt lat="49.594205" lon="0.1809417"><ele>101.1</ele></trkpt>
<trkpt lat="49.59419329999999" lon="0.180995"><ele>100.95</ele></trkpt>
<trkpt lat="49.59418000000001" lon="0.1810467"><ele>100.96</ele></trkpt>
<trkpt lat="49.5941667" lon="0.1810983"><ele>100.78</ele></trkpt>
<trkpt lat="49.5941533" lon="0.1811533"><ele>100.95</ele></trkpt>
<trkpt lat="49.59414" lon="0.18121"><ele>101.15</ele></trkpt>
<trkpt lat="49.59412669999999" lon="0.1812633"><ele>101.4</ele></trkpt>
<trkpt lat="49.5941183" lon="0.1813133"><ele>101.56</ele></trkpt>
<trkpt lat="49.5941067" lon="0.18137"><ele>101.4</ele></trkpt>
<trkpt lat="49.5940983" lon="0.1814233"><ele>101.21</ele></trkpt>
<trkpt lat="49.5940833" lon="0.18146"><ele>101</ele></trkpt>
<trkpt lat="49.5940567" lon="0.1814833"><ele>100.8</ele></trkpt>
<trkpt lat="49.594065" lon="0.1815233"><ele>101.92</ele></trkpt>
<trkpt lat="49.59405" lon="0.1815717"><ele>102.06</ele></trkpt>
<trkpt lat="49.59404" lon="0.1816267"><ele>102.23</ele></trkpt>
<trkpt lat="49.59403" lon="0.1816667"><ele>102.26</ele></trkpt>
<trkpt lat="49.5940117" lon="0.1817217"><ele>102.26</ele></trkpt>
<trkpt lat="49.593995" lon="0.1817767"><ele>102.08</ele></trkpt>
<trkpt lat="49.59398" lon="0.181835"><ele>101.99</ele></trkpt>
<trkpt lat="49.593965" lon="0.1818883"><ele>101.8</ele></trkpt>
<trkpt lat="49.5939517" lon="0.1819267"><ele>101.61</ele></trkpt>
<trkpt lat="49.59394" lon="0.181965"><ele>101.34</ele></trkpt>
<trkpt lat="49.5939267" lon="0.182015"><ele>101.08</ele></trkpt>
<trkpt lat="49.5939167" lon="0.1820667"><ele>101</ele></trkpt>
<trkpt lat="49.5938983" lon="0.1821183"><ele>101.06</ele></trkpt>
<trkpt lat="49.59388329999999" lon="0.1821667"><ele>101.07</ele></trkpt>
<trkpt lat="49.5938667" lon="0.1822133"><ele>100.78</ele></trkpt>
<trkpt lat="49.59385" lon="0.1822583"><ele>100.67</ele></trkpt>
<trkpt lat="49.5938333" lon="0.1822983"><ele>100.74</ele></trkpt>
<trkpt lat="49.593815" lon="0.182345"><ele>100.77</ele></trkpt>
<trkpt lat="49.5937983" lon="0.1823917"><ele>100.61</ele></trkpt>
<trkpt lat="49.5937817" lon="0.182445"><ele>100.73</ele></trkpt>
<trkpt lat="49.593765" lon="0.1824967"><ele>100.86</ele></trkpt>
<trkpt lat="49.59375" lon="0.182545"><ele>101.13</ele></trkpt>
<trkpt lat="49.5937333" lon="0.18259"><ele>101.32</ele></trkpt>
<trkpt lat="49.5937167" lon="0.1826283"><ele>101.36</ele></trkpt>
<trkpt lat="49.5937" lon="0.1826667"><ele>101.44</ele></trkpt>
<trkpt lat="49.5936783" lon="0.182715"><ele>101.79</ele></trkpt>
<trkpt lat="49.59365830000001" lon="0.182765"><ele>102.15</ele></trkpt>
<trkpt lat="49.5936433" lon="0.1828"><ele>102.17</ele></trkpt>
<trkpt lat="49.59362500000001" lon="0.1828483"><ele>102.24</ele></trkpt>
<trkpt lat="49.59361" lon="0.1828983"><ele>102.71</ele></trkpt>
<trkpt lat="49.5935933" lon="0.1829467"><ele>102.95</ele></trkpt>
<trkpt lat="49.5935767" lon="0.1829967"><ele>102.87</ele></trkpt>
<trkpt lat="49.5935567" lon="0.1830433"><ele>102.87</ele></trkpt>
<trkpt lat="49.593535" lon="0.1830917"><ele>102.87</ele></trkpt>
<trkpt lat="49.593515" lon="0.18314"><ele>102.97</ele></trkpt>
<trkpt lat="49.59349829999999" lon="0.1831833"><ele>102.97</ele></trkpt>
<trkpt lat="49.59348" lon="0.1832317"><ele>102.68</ele></trkpt>
<trkpt lat="49.59346000000001" lon="0.1832833"><ele>102.4</ele></trkpt>
<trkpt lat="49.5934383" lon="0.1833317"><ele>102.2</ele></trkpt>
<trkpt lat="49.5934167" lon="0.1833783"><ele>101.99</ele></trkpt>
<trkpt lat="49.5933967" lon="0.183425"><ele>101.78</ele></trkpt>
<trkpt lat="49.5933767" lon="0.1834733"><ele>102.02</ele></trkpt>
<trkpt lat="49.59336" lon="0.1835217"><ele>102.33</ele></trkpt>
<trkpt lat="49.5933367" lon="0.1835717"><ele>102.63</ele></trkpt>
<trkpt lat="49.59332" lon="0.1836067"><ele>102.99</ele></trkpt>
<trkpt lat="49.59329830000001" lon="0.18366"><ele>102.85</ele></trkpt>
<trkpt lat="49.5932817" lon="0.183695"><ele>102.96</ele></trkpt>
<trkpt lat="49.59326170000001" lon="0.1837433"><ele>103.14</ele></trkpt>
<trkpt lat="49.5932417" lon="0.1837933"><ele>103.4</ele></trkpt>
<trkpt lat="49.5932217" lon="0.1838433"><ele>103.82</ele></trkpt>
<trkpt lat="49.5932033" lon="0.183895"><ele>104.03</ele></trkpt>
<trkpt lat="49.5931867" lon="0.18394"><ele>104.26</ele></trkpt>
<trkpt lat="49.59317" lon="0.183975"><ele>104.34</ele></trkpt>
<trkpt lat="49.59315169999999" lon="0.1840233"><ele>104.43</ele></trkpt>
<trkpt lat="49.59313" lon="0.18407"><ele>104.73</ele></trkpt>
<trkpt lat="49.59311670000001" lon="0.1841067"><ele>104.86</ele></trkpt>
<trkpt lat="49.5930967" lon="0.1841583"><ele>104.84</ele></trkpt>
<trkpt lat="49.5930767" lon="0.1842133"><ele>104.94</ele></trkpt>
<trkpt lat="49.5930567" lon="0.1842633"><ele>105.23</ele></trkpt>
<trkpt lat="49.59304169999999" lon="0.1843017"><ele>105.34</ele></trkpt>
<trkpt lat="49.59302" lon="0.1843517"><ele>105.2</ele></trkpt>
<trkpt lat="49.593" lon="0.1844"><ele>105.07</ele></trkpt>
<trkpt lat="49.59298" lon="0.1844483"><ele>105.07</ele></trkpt>
<trkpt lat="49.59296000000001" lon="0.1845"><ele>105.23</ele></trkpt>
<trkpt lat="49.5929417" lon="0.1845567"><ele>105.55</ele></trkpt>
<trkpt lat="49.5929233" lon="0.1845933"><ele>105.66</ele></trkpt>
<trkpt lat="49.5929" lon="0.1846417"><ele>105.93</ele></trkpt>
<trkpt lat="49.5928817" lon="0.1846817"><ele>106.13</ele></trkpt>
<trkpt lat="49.592865" lon="0.1847283"><ele>106.33</ele></trkpt>
<trkpt lat="49.592845" lon="0.1847783"><ele>106.38</ele></trkpt>
<trkpt lat="49.5928267" lon="0.1848333"><ele>106.11</ele></trkpt>
<trkpt lat="49.592805" lon="0.1848867"><ele>105.62</ele></trkpt>
<trkpt lat="49.59279169999999" lon="0.1849233"><ele>105.34</ele></trkpt>
<trkpt lat="49.59277829999999" lon="0.18496"><ele>105.35</ele></trkpt>
<trkpt lat="49.59276" lon="0.185015"><ele>105.36</ele></trkpt>
<trkpt lat="49.59275" lon="0.185055"><ele>105.46</ele></trkpt>
<trkpt lat="49.5927383" lon="0.1850933"><ele>105.56</ele></trkpt>
<trkpt lat="49.5927233" lon="0.18513"><ele>105.73</ele></trkpt>
<trkpt lat="49.59270669999999" lon="0.18518"><ele>105.71</ele></trkpt>
<trkpt lat="49.59268999999999" lon="0.1852317"><ele>105.83</ele></trkpt>
<trkpt lat="49.59267670000001" lon="0.1852683"><ele>106.05</ele></trkpt>
<trkpt lat="49.592665" lon="0.1853067"><ele>106.07</ele></trkpt>
<trkpt lat="49.5926483" lon="0.18536"><ele>105.93</ele></trkpt>
<trkpt lat="49.5926317" lon="0.185415"><ele>105.54</ele></trkpt>
<trkpt lat="49.59261329999999" lon="0.1854667"><ele>105.31</ele></trkpt>
<trkpt lat="49.5925933" lon="0.1855183"><ele>104.94</ele></trkpt>
<trkpt lat="49.592575" lon="0.1855717"><ele>104.71</ele></trkpt>
<trkpt lat="49.5925567" lon="0.18562"><ele>104.81</ele></trkpt>
<trkpt lat="49.5925383" lon="0.1856717"><ele>104.94</ele></trkpt>
<trkpt lat="49.5925233" lon="0.1857217"><ele>105.14</ele></trkpt>
<trkpt lat="49.59250670000001" lon="0.1857733"><ele>105.08</ele></trkpt>
<trkpt lat="49.5924917" lon="0.1858233"><ele>105.3</ele></trkpt>
<trkpt lat="49.592475" lon="0.185875"><ele>105.37</ele></trkpt>
<trkpt lat="49.5924617" lon="0.1859117"><ele>105.3</ele></trkpt>
<trkpt lat="49.5924483" lon="0.1859483"><ele>105.18</ele></trkpt>
<trkpt lat="49.59243000000001" lon="0.186005"><ele>105.1</ele></trkpt>
<trkpt lat="49.592415" lon="0.1860417"><ele>105</ele></trkpt>
<trkpt lat="49.5924" lon="0.1860783"><ele>104.95</ele></trkpt>
<trkpt lat="49.59237999999999" lon="0.18613"><ele>104.94</ele></trkpt>
<trkpt lat="49.5923617" lon="0.1861833"><ele>105.42</ele></trkpt>
<trkpt lat="49.59234500000001" lon="0.186235"><ele>105.44</ele></trkpt>
<trkpt lat="49.5923317" lon="0.186275"><ele>105.63</ele></trkpt>
<trkpt lat="49.5923183" lon="0.186315"><ele>105.76</ele></trkpt>
<trkpt lat="49.5923017" lon="0.1863717"><ele>106.1</ele></trkpt>
<trkpt lat="49.5922833" lon="0.1864283"><ele>106.5</ele></trkpt>
<trkpt lat="49.5922733" lon="0.1864683"><ele>106.57</ele></trkpt>
<trkpt lat="49.59226169999999" lon="0.1865067"><ele>106.5</ele></trkpt>
<trkpt lat="49.59224330000001" lon="0.18656"><ele>105.79</ele></trkpt>
<trkpt lat="49.59223170000001" lon="0.1865983"><ele>105.59</ele></trkpt>
<trkpt lat="49.592215" lon="0.186645"><ele>105.83</ele></trkpt>
<trkpt lat="49.5922" lon="0.186685"><ele>106.1</ele></trkpt>
<trkpt lat="49.59218169999999" lon="0.1867333"><ele>106.05</ele></trkpt>
<trkpt lat="49.59216829999999" lon="0.186775"><ele>105.98</ele></trkpt>
<trkpt lat="49.59215669999999" lon="0.1868167"><ele>105.72</ele></trkpt>
<trkpt lat="49.592145" lon="0.18686"><ele>105.43</ele></trkpt>
<trkpt lat="49.59213330000001" lon="0.1869033"><ele>105.2</ele></trkpt>
<trkpt lat="49.59212170000001" lon="0.1869433"><ele>105.01</ele></trkpt>
<trkpt lat="49.59211" lon="0.1869833"><ele>104.82</ele></trkpt>
<trkpt lat="49.592095" lon="0.1870217"><ele>104.45</ele></trkpt>
<trkpt lat="49.59208" lon="0.1870733"><ele>104.21</ele></trkpt>
<trkpt lat="49.592065" lon="0.1871317"><ele>103.66</ele></trkpt>
<trkpt lat="49.5920533" lon="0.187175"><ele>103.26</ele></trkpt>
<trkpt lat="49.59204" lon="0.1872183"><ele>102.95</ele></trkpt>
<trkpt lat="49.5920283" lon="0.1872633"><ele>102.7</ele></trkpt>
<trkpt lat="49.5920133" lon="0.187315"><ele>102.84</ele></trkpt>
<trkpt lat="49.592" lon="0.1873517"><ele>103.1</ele></trkpt>
<trkpt lat="49.59198500000001" lon="0.18739"><ele>103.42</ele></trkpt>
<trkpt lat="49.5919683" lon="0.1874233"><ele>103.72</ele></trkpt>
<trkpt lat="49.5919483" lon="0.1874667"><ele>104.19</ele></trkpt>
<trkpt lat="49.5919333" lon="0.1875183"><ele>104.56</ele></trkpt>
<trkpt lat="49.59192669999999" lon="0.1875717"><ele>104.63</ele></trkpt>
<trkpt lat="49.5919217" lon="0.1876217"><ele>104.74</ele></trkpt>
<trkpt lat="49.5919067" lon="0.1876633"><ele>104.84</ele></trkpt>
<trkpt lat="49.59189" lon="0.1877017"><ele>104.81</ele></trkpt>
<trkpt lat="49.5918733" lon="0.1877533"><ele>104.7</ele></trkpt>
<trkpt lat="49.5918567" lon="0.1878017"><ele>105.05</ele></trkpt>
<trkpt lat="49.591845" lon="0.1878467"><ele>105</ele></trkpt>
<trkpt lat="49.5918267" lon="0.1878917"><ele>104.37</ele></trkpt>
<trkpt lat="49.5918167" lon="0.1879333"><ele>103.91</ele></trkpt>
<trkpt lat="49.5918017" lon="0.1879683"><ele>104.04</ele></trkpt>
<trkpt lat="49.591795" lon="0.1880183"><ele>107.39</ele></trkpt>
<trkpt lat="49.5917683" lon="0.188065"><ele>107.54</ele></trkpt>
<trkpt lat="49.59174829999999" lon="0.1880967"><ele>107.73</ele></trkpt>
<trkpt lat="49.591725" lon="0.1881383"><ele>108.19</ele></trkpt>
<trkpt lat="49.5917083" lon="0.1881733"><ele>108.55</ele></trkpt>
<trkpt lat="49.59169" lon="0.18823"><ele>108.57</ele></trkpt>
<trkpt lat="49.5916733" lon="0.188265"><ele>108.5</ele></trkpt>
<trkpt lat="49.591655" lon="0.1883167"><ele>108.41</ele></trkpt>
<trkpt lat="49.5916417" lon="0.18836"><ele>107.8</ele></trkpt>
<trkpt lat="49.59162500000001" lon="0.1884067"><ele>106.52</ele></trkpt>
<trkpt lat="49.59161670000001" lon="0.1884483"><ele>105.67</ele></trkpt>
<trkpt lat="49.5916017" lon="0.1884967"><ele>105.03</ele></trkpt>
<trkpt lat="49.5915867" lon="0.18854"><ele>104.55</ele></trkpt>
<trkpt lat="49.591565" lon="0.1885867"><ele>103.94</ele></trkpt>
<trkpt lat="49.5915433" lon="0.1886383"><ele>103.78</ele></trkpt>
<trkpt lat="49.5915283" lon="0.188675"><ele>103.78</ele></trkpt>
<trkpt lat="49.59151170000001" lon="0.1887267"><ele>103.52</ele></trkpt>
<trkpt lat="49.5914933" lon="0.1887783"><ele>103.39</ele></trkpt>
<trkpt lat="49.5914783" lon="0.188825"><ele>103.38</ele></trkpt>
<trkpt lat="49.59146" lon="0.188875"><ele>103.38</ele></trkpt>
<trkpt lat="49.59144" lon="0.1889283"><ele>103.37</ele></trkpt>
<trkpt lat="49.5914183" lon="0.1889767"><ele>103.47</ele></trkpt>
<trkpt lat="49.5914033" lon="0.1890117"><ele>103.55</ele></trkpt>
<trkpt lat="49.5913867" lon="0.189065"><ele>103.99</ele></trkpt>
<trkpt lat="49.59137" lon="0.1890983"><ele>104.23</ele></trkpt>
<trkpt lat="49.5913517" lon="0.1891483"><ele>104.62</ele></trkpt>
<trkpt lat="49.59133" lon="0.1891983"><ele>104.51</ele></trkpt>
<trkpt lat="49.5913083" lon="0.1892483"><ele>104.39</ele></trkpt>
<trkpt lat="49.5912867" lon="0.1892983"><ele>104.28</ele></trkpt>
<trkpt lat="49.5912717" lon="0.1893333"><ele>104.35</ele></trkpt>
<trkpt lat="49.59125670000001" lon="0.1893717"><ele>104.21</ele></trkpt>
<trkpt lat="49.59123999999999" lon="0.1894117"><ele>104.25</ele></trkpt>
<trkpt lat="49.5912267" lon="0.1894533"><ele>104.2</ele></trkpt>
<trkpt lat="49.59121" lon="0.1894917"><ele>104.18</ele></trkpt>
<trkpt lat="49.59118830000001" lon="0.1895433"><ele>104.25</ele></trkpt>
<trkpt lat="49.5911683" lon="0.1895933"><ele>104.35</ele></trkpt>
<trkpt lat="49.5911517" lon="0.1896433"><ele>104.54</ele></trkpt>
<trkpt lat="49.5911333" lon="0.18969"><ele>104.55</ele></trkpt>
<trkpt lat="49.5911133" lon="0.1897417"><ele>104.64</ele></trkpt>
<trkpt lat="49.59109" lon="0.1897917"><ele>104.8</ele></trkpt>
<trkpt lat="49.59106999999999" lon="0.1898433"><ele>104.69</ele></trkpt>
<trkpt lat="49.5910517" lon="0.189895"><ele>104.49</ele></trkpt>
<trkpt lat="49.5910383" lon="0.1899317"><ele>104.48</ele></trkpt>
<trkpt lat="49.59101830000001" lon="0.18998"><ele>104.39</ele></trkpt>
<trkpt lat="49.5909967" lon="0.1900283"><ele>104.47</ele></trkpt>
<trkpt lat="49.59098170000001" lon="0.190065"><ele>104.57</ele></trkpt>
<trkpt lat="49.59096" lon="0.19012"><ele>104.49</ele></trkpt>
<trkpt lat="49.5909417" lon="0.1901683"><ele>104.48</ele></trkpt>
<trkpt lat="49.59092170000001" lon="0.190215"><ele>104.32</ele></trkpt>
<trkpt lat="49.5908983" lon="0.19026"><ele>104.21</ele></trkpt>
<trkpt lat="49.59087999999999" lon="0.1903083"><ele>104.27</ele></trkpt>
<trkpt lat="49.59086" lon="0.1903583"><ele>104.19</ele></trkpt>
<trkpt lat="49.5908367" lon="0.1904067"><ele>104.09</ele></trkpt>
<trkpt lat="49.5908167" lon="0.1904583"><ele>104.1</ele></trkpt>
<trkpt lat="49.59079499999999" lon="0.1905033"><ele>103.75</ele></trkpt>
<trkpt lat="49.5907733" lon="0.1905517"><ele>103.34</ele></trkpt>
<trkpt lat="49.5907517" lon="0.1906017"><ele>103.12</ele></trkpt>
<trkpt lat="49.5907383" lon="0.1906383"><ele>103.15</ele></trkpt>
<trkpt lat="49.59071829999999" lon="0.19069"><ele>103.18</ele></trkpt>
<trkpt lat="49.5906983" lon="0.1907417"><ele>103.34</ele></trkpt>
<trkpt lat="49.5906767" lon="0.1907883"><ele>103.8</ele></trkpt>
<trkpt lat="49.59066" lon="0.1908233"><ele>104.19</ele></trkpt>
<trkpt lat="49.5906417" lon="0.190855"><ele>104.52</ele></trkpt>
<trkpt lat="49.590625" lon="0.1908883"><ele>104.64</ele></trkpt>
<trkpt lat="49.5906067" lon="0.190925"><ele>105</ele></trkpt>
<trkpt lat="49.59058670000001" lon="0.1909767"><ele>105.33</ele></trkpt>
<trkpt lat="49.59057330000001" lon="0.1910133"><ele>105.3</ele></trkpt>
<trkpt lat="49.5905517" lon="0.1910633"><ele>105.19</ele></trkpt>
<trkpt lat="49.59053" lon="0.19111"><ele>105.32</ele></trkpt>
<trkpt lat="49.590505" lon="0.1911583"><ele>105.31</ele></trkpt>
<trkpt lat="49.5904883" lon="0.1911933"><ele>105.37</ele></trkpt>
<trkpt lat="49.5904683" lon="0.1912417"><ele>105.29</ele></trkpt>
<trkpt lat="49.5904483" lon="0.1912867"><ele>105.22</ele></trkpt>
<trkpt lat="49.59043" lon="0.1913383"><ele>104.95</ele></trkpt>
<trkpt lat="49.59040999999999" lon="0.1913883"><ele>104.74</ele></trkpt>
<trkpt lat="49.5903883" lon="0.1914367"><ele>105.04</ele></trkpt>
<trkpt lat="49.5903683" lon="0.19148"><ele>105.43</ele></trkpt>
<trkpt lat="49.5903517" lon="0.1915283"><ele>105.74</ele></trkpt>
<trkpt lat="49.5903417" lon="0.1915783"><ele>106.13</ele></trkpt>
<trkpt lat="49.59032499999999" lon="0.19163"><ele>106.44</ele></trkpt>
<trkpt lat="49.5903067" lon="0.191675"><ele>106.76</ele></trkpt>
<trkpt lat="49.590285" lon="0.1917233"><ele>107.04</ele></trkpt>
<trkpt lat="49.590265" lon="0.191765"><ele>107.15</ele></trkpt>
<trkpt lat="49.5902467" lon="0.1918133"><ele>107.34</ele></trkpt>
<trkpt lat="49.5902283" lon="0.1918633"><ele>107.45</ele></trkpt>
<trkpt lat="49.59021330000001" lon="0.1918983"><ele>107.48</ele></trkpt>
<trkpt lat="49.5901933" lon="0.191945"><ele>107.58</ele></trkpt>
<trkpt lat="49.59017" lon="0.1919933"><ele>107.65</ele></trkpt>
<trkpt lat="49.5901483" lon="0.1920383"><ele>107.91</ele></trkpt>
<trkpt lat="49.5901267" lon="0.1920867"><ele>108.33</ele></trkpt>
<trkpt lat="49.59011" lon="0.1921233"><ele>108.12</ele></trkpt>
<trkpt lat="49.5900867" lon="0.192175"><ele>107.38</ele></trkpt>
<trkpt lat="49.5900633" lon="0.1922233"><ele>106.95</ele></trkpt>
<trkpt lat="49.59004000000001" lon="0.1922683"><ele>106.55</ele></trkpt>
<trkpt lat="49.59002330000001" lon="0.1923017"><ele>106.4</ele></trkpt>
<trkpt lat="49.5900067" lon="0.1923367"><ele>106.45</ele></trkpt>
<trkpt lat="49.589985" lon="0.192385"><ele>106.39</ele></trkpt>
<trkpt lat="49.5899683" lon="0.1924183"><ele>106.38</ele></trkpt>
<trkpt lat="49.5899433" lon="0.192465"><ele>106.48</ele></trkpt>
<trkpt lat="49.5899183" lon="0.19251"><ele>106.67</ele></trkpt>
<trkpt lat="49.5898983" lon="0.1925417"><ele>106.84</ele></trkpt>
<trkpt lat="49.58987500000001" lon="0.19259"><ele>107.05</ele></trkpt>
<trkpt lat="49.5898517" lon="0.1926367"><ele>107.1</ele></trkpt>
<trkpt lat="49.5898267" lon="0.1926817"><ele>107.27</ele></trkpt>
<trkpt lat="49.5898017" lon="0.1927283"><ele>107.54</ele></trkpt>
<trkpt lat="49.589775" lon="0.192775"><ele>107.65</ele></trkpt>
<trkpt lat="49.58974829999999" lon="0.1928167"><ele>107.45</ele></trkpt>
<trkpt lat="49.5897233" lon="0.1928633"><ele>106.96</ele></trkpt>
<trkpt lat="49.5896967" lon="0.1929067"><ele>106.53</ele></trkpt>
<trkpt lat="49.5896733" lon="0.1929483"><ele>106.46</ele></trkpt>
<trkpt lat="49.5896467" lon="0.1929883"><ele>106.65</ele></trkpt>
<trkpt lat="49.5896233" lon="0.1930317"><ele>106.97</ele></trkpt>
<trkpt lat="49.58959500000001" lon="0.1930767"><ele>107.07</ele></trkpt>
<trkpt lat="49.5895717" lon="0.19312"><ele>107.25</ele></trkpt>
<trkpt lat="49.58955" lon="0.19316"><ele>107.56</ele></trkpt>
<trkpt lat="49.589525" lon="0.193195"><ele>107.58</ele></trkpt>
<trkpt lat="49.5894967" lon="0.1932417"><ele>107.58</ele></trkpt>
<trkpt lat="49.5894767" lon="0.19327"><ele>107.67</ele></trkpt>
<trkpt lat="49.58945" lon="0.1933067"><ele>107.85</ele></trkpt>
<trkpt lat="49.58942170000001" lon="0.1933483"><ele>108.39</ele></trkpt>
<trkpt lat="49.58939669999999" lon="0.19339"><ele>108.65</ele></trkpt>
<trkpt lat="49.58937169999999" lon="0.193435"><ele>108.84</ele></trkpt>
<trkpt lat="49.5893483" lon="0.1934817"><ele>108.91</ele></trkpt>
<trkpt lat="49.5893267" lon="0.1935233"><ele>108.95</ele></trkpt>
<trkpt lat="49.589305" lon="0.19356"><ele>109.05</ele></trkpt>
<trkpt lat="49.5892767" lon="0.1936"><ele>109.18</ele></trkpt>
<trkpt lat="49.58925" lon="0.19364"><ele>109</ele></trkpt>
<trkpt lat="49.5892283" lon="0.1936833"><ele>108.89</ele></trkpt>
<trkpt lat="49.5892017" lon="0.193725"><ele>108.69</ele></trkpt>
<trkpt lat="49.5891767" lon="0.193765"><ele>108.43</ele></trkpt>
<trkpt lat="49.5891533" lon="0.1938083"><ele>108.03</ele></trkpt>
<trkpt lat="49.5891283" lon="0.1938517"><ele>107.89</ele></trkpt>
<trkpt lat="49.589105" lon="0.1938967"><ele>107.79</ele></trkpt>
<trkpt lat="49.5890767" lon="0.19394"><ele>107.86</ele></trkpt>
<trkpt lat="49.58904829999999" lon="0.193985"><ele>108.07</ele></trkpt>
<trkpt lat="49.5890217" lon="0.1940283"><ele>107.99</ele></trkpt>
<trkpt lat="49.588995" lon="0.1940733"><ele>107.92</ele></trkpt>
<trkpt lat="49.5889717" lon="0.1941183"><ele>107.95</ele></trkpt>
<trkpt lat="49.58895" lon="0.1941583"><ele>108.24</ele></trkpt>
<trkpt lat="49.58893330000001" lon="0.1941967"><ele>108.29</ele></trkpt>
<trkpt lat="49.5889117" lon="0.19424"><ele>107.91</ele></trkpt>
<trkpt lat="49.5888867" lon="0.19428"><ele>107.95</ele></trkpt>
<trkpt lat="49.5888667" lon="0.194325"><ele>108.17</ele></trkpt>
<trkpt lat="49.5888433" lon="0.194365"><ele>108.06</ele></trkpt>
<trkpt lat="49.58882169999999" lon="0.1944083"><ele>108.08</ele></trkpt>
<trkpt lat="49.588795" lon="0.1944483"><ele>108.18</ele></trkpt>
<trkpt lat="49.5887783" lon="0.1944817"><ele>108.27</ele></trkpt>
<trkpt lat="49.5887567" lon="0.19453"><ele>108.28</ele></trkpt>
<trkpt lat="49.58873669999999" lon="0.1945783"><ele>108.12</ele></trkpt>
<trkpt lat="49.5887233" lon="0.194615"><ele>108.09</ele></trkpt>
<trkpt lat="49.588705" lon="0.1946583"><ele>107.95</ele></trkpt>
<trkpt lat="49.5886817" lon="0.1947033"><ele>107.52</ele></trkpt>
<trkpt lat="49.58865169999999" lon="0.1947333"><ele>107.06</ele></trkpt>
<trkpt lat="49.588615" lon="0.19475"><ele>106.66</ele></trkpt>
<trkpt lat="49.5885867" lon="0.1947567"><ele>106.36</ele></trkpt>
<trkpt lat="49.58854830000001" lon="0.1947583"><ele>105.77</ele></trkpt>
<trkpt lat="49.5885133" lon="0.1947533"><ele>105.03</ele></trkpt>
<trkpt lat="49.58848" lon="0.1947617"><ele>104.3</ele></trkpt>
<trkpt lat="49.5884433" lon="0.1947667"><ele>104.03</ele></trkpt>
<trkpt lat="49.58841" lon="0.194765"><ele>103.98</ele></trkpt>
<trkpt lat="49.5883817" lon="0.19476"><ele>103.98</ele></trkpt>
<trkpt lat="49.58834169999999" lon="0.194755"><ele>103.98</ele></trkpt>
<trkpt lat="49.588305" lon="0.1947517"><ele>103.66</ele></trkpt>
<trkpt lat="49.58827" lon="0.1947533"><ele>102.91</ele></trkpt>
<trkpt lat="49.588235" lon="0.194755"><ele>102.18</ele></trkpt>
<trkpt lat="49.5881983" lon="0.1947517"><ele>101.58</ele></trkpt>
<trkpt lat="49.58817" lon="0.1947517"><ele>101.31</ele></trkpt>
<trkpt lat="49.5881317" lon="0.19475"><ele>100.96</ele></trkpt>
<trkpt lat="49.5880967" lon="0.1947517"><ele>100.37</ele></trkpt>
<trkpt lat="49.5880583" lon="0.194755"><ele>100.03</ele></trkpt>
<trkpt lat="49.5880233" lon="0.194755"><ele>99.71999999999998</ele></trkpt>
<trkpt lat="49.587985" lon="0.1947517"><ele>99.41</ele></trkpt>
<trkpt lat="49.58794670000001" lon="0.1947567"><ele>99.37</ele></trkpt>
<trkpt lat="49.5879083" lon="0.1947633"><ele>99.41</ele></trkpt>
<trkpt lat="49.5878683" lon="0.194765"><ele>99.27</ele></trkpt>
<trkpt lat="49.58783" lon="0.1947667"><ele>98.89</ele></trkpt>
<trkpt lat="49.5878017" lon="0.1947667"><ele>98.7</ele></trkpt>
<trkpt lat="49.5877617" lon="0.194765"><ele>98.48</ele></trkpt>
<trkpt lat="49.5877267" lon="0.1947617"><ele>97.75</ele></trkpt>
<trkpt lat="49.5876983" lon="0.194755"><ele>97.84999999999998</ele></trkpt>
<trkpt lat="49.58765830000001" lon="0.194755"><ele>98.42</ele></trkpt>
<trkpt lat="49.58762" lon="0.194755"><ele>98.65</ele></trkpt>
<trkpt lat="49.5875783" lon="0.194755"><ele>98.94999999999999</ele></trkpt>
<trkpt lat="49.58753669999999" lon="0.1947533"><ele>98.92</ele></trkpt>
<trkpt lat="49.5874967" lon="0.1947567"><ele>98.73000000000002</ele></trkpt>
<trkpt lat="49.58746829999999" lon="0.1947567"><ele>98.53</ele></trkpt>
<trkpt lat="49.5874283" lon="0.1947517"><ele>98.71999999999998</ele></trkpt>
<trkpt lat="49.5873883" lon="0.19475"><ele>99.39</ele></trkpt>
<trkpt lat="49.58734830000001" lon="0.19475"><ele>99.67999999999999</ele></trkpt>
<trkpt lat="49.58731170000001" lon="0.1947483"><ele>100.03</ele></trkpt>
<trkpt lat="49.587275" lon="0.1947517"><ele>100.43</ele></trkpt>
<trkpt lat="49.58723669999999" lon="0.1947533"><ele>100.48</ele></trkpt>
<trkpt lat="49.5872" lon="0.1947517"><ele>100.56</ele></trkpt>
<trkpt lat="49.587165" lon="0.194745"><ele>101.21</ele></trkpt>
<trkpt lat="49.5871267" lon="0.19474"><ele>101.47</ele></trkpt>
<trkpt lat="49.587095" lon="0.1947367"><ele>101.3</ele></trkpt>
<trkpt lat="49.58706" lon="0.1947383"><ele>101</ele></trkpt>
<trkpt lat="49.5870267" lon="0.1947383"><ele>100.96</ele></trkpt>
<trkpt lat="49.5869967" lon="0.19474"><ele>101.68</ele></trkpt>
<trkpt lat="49.58696330000001" lon="0.19473"><ele>102.39</ele></trkpt>
<trkpt lat="49.58693" lon="0.194735"><ele>102.32</ele></trkpt>
<trkpt lat="49.58690169999999" lon="0.1947367"><ele>102.13</ele></trkpt>
<trkpt lat="49.5868633" lon="0.1947333"><ele>101.64</ele></trkpt>
<trkpt lat="49.58682330000001" lon="0.194735"><ele>101.24</ele></trkpt>
<trkpt lat="49.5867833" lon="0.1947383"><ele>100.93</ele></trkpt>
<trkpt lat="49.586755" lon="0.1947383"><ele>100.57</ele></trkpt>
<trkpt lat="49.5867267" lon="0.1947367"><ele>100.24</ele></trkpt>
<trkpt lat="49.5866967" lon="0.194735"><ele>100.05</ele></trkpt>
<trkpt lat="49.5866667" lon="0.194735"><ele>99.98999999999998</ele></trkpt>
<trkpt lat="49.58662669999999" lon="0.194735"><ele>99.83</ele></trkpt>
<trkpt lat="49.5865883" lon="0.1947333"><ele>99.71999999999998</ele></trkpt>
<trkpt lat="49.5865483" lon="0.19473"><ele>99.55</ele></trkpt>
<trkpt lat="49.58652" lon="0.19473"><ele>99.48999999999998</ele></trkpt>
<trkpt lat="49.58648" lon="0.1947333"><ele>99.61</ele></trkpt>
<trkpt lat="49.5864417" lon="0.1947433"><ele>99.25</ele></trkpt>
<trkpt lat="49.58640499999999" lon="0.19474"><ele>99.15</ele></trkpt>
<trkpt lat="49.5863683" lon="0.1947367"><ele>98.92</ele></trkpt>
<trkpt lat="49.58634" lon="0.194735"><ele>98.64</ele></trkpt>
<trkpt lat="49.5863" lon="0.19473"><ele>98.67999999999999</ele></trkpt>
<trkpt lat="49.5862633" lon="0.1947283"><ele>98.97</ele></trkpt>
<trkpt lat="49.5862267" lon="0.1947283"><ele>99.06</ele></trkpt>
<trkpt lat="49.5861883" lon="0.19473"><ele>99.34999999999998</ele></trkpt>
<trkpt lat="49.5861567" lon="0.1947283"><ele>99.03999999999999</ele></trkpt>
<trkpt lat="49.5861183" lon="0.19473"><ele>99.07999999999998</ele></trkpt>
<trkpt lat="49.5860833" lon="0.1947317"><ele>99.02</ele></trkpt>
<trkpt lat="49.58604829999999" lon="0.1947333"><ele>98.70999999999998</ele></trkpt>
<trkpt lat="49.5860117" lon="0.1947417"><ele>98.6</ele></trkpt>
<trkpt lat="49.5859733" lon="0.1947517"><ele>98.2</ele></trkpt>
<trkpt lat="49.5859383" lon="0.1947617"><ele>97.84</ele></trkpt>
<trkpt lat="49.585905" lon="0.194775"><ele>97.70999999999998</ele></trkpt>
<trkpt lat="49.5858683" lon="0.1947983"><ele>97.84999999999998</ele></trkpt>
<trkpt lat="49.58584" lon="0.1948067"><ele>98.25</ele></trkpt>
<trkpt lat="49.58585829999999" lon="0.1948467"><ele>98.2</ele></trkpt>
<trkpt lat="49.5858533" lon="0.1948917"><ele>97.75</ele></trkpt>
<trkpt lat="49.58585829999999" lon="0.194935"><ele>97.69</ele></trkpt>
<trkpt lat="49.5858567" lon="0.1949833"><ele>97.62</ele></trkpt>
<trkpt lat="49.58585829999999" lon="0.1950367"><ele>97.33</ele></trkpt>
<trkpt lat="49.58586" lon="0.195095"><ele>97</ele></trkpt>
<trkpt lat="49.58586" lon="0.1951367"><ele>96.92</ele></trkpt>
<trkpt lat="49.5858633" lon="0.1952033"><ele>96.68</ele></trkpt>
<trkpt lat="49.5858617" lon="0.1952483"><ele>96.37</ele></trkpt>
<trkpt lat="49.58585829999999" lon="0.1952917"><ele>96.16</ele></trkpt>
<trkpt lat="49.5858567" lon="0.195345"><ele>96</ele></trkpt>
<trkpt lat="49.58584999999999" lon="0.195395"><ele>95.63</ele></trkpt>
<trkpt lat="49.5858417" lon="0.1954433"><ele>95.21</ele></trkpt>
<trkpt lat="49.585835" lon="0.1955"><ele>94.77</ele></trkpt>
<trkpt lat="49.5858283" lon="0.1955533"><ele>94.11</ele></trkpt>
<trkpt lat="49.58582330000001" lon="0.1955983"><ele>93.59</ele></trkpt>
<trkpt lat="49.5858183" lon="0.1956433"><ele>93.25</ele></trkpt>
<trkpt lat="49.5858167" lon="0.1956867"><ele>92.78</ele></trkpt>
<trkpt lat="49.58581170000001" lon="0.1957467"><ele>92.32</ele></trkpt>
<trkpt lat="49.5858133" lon="0.195805"><ele>91.8</ele></trkpt>
<trkpt lat="49.58581170000001" lon="0.1958617"><ele>91.48</ele></trkpt>
<trkpt lat="49.5858067" lon="0.1959183"><ele>91.42</ele></trkpt>
<trkpt lat="49.585805" lon="0.1959683"><ele>91.29</ele></trkpt>
<trkpt lat="49.5858" lon="0.19602"><ele>91.06</ele></trkpt>
<trkpt lat="49.5858" lon="0.196075"><ele>90.64</ele></trkpt>
<trkpt lat="49.5858" lon="0.1961283"><ele>90.59</ele></trkpt>
<trkpt lat="49.58579829999999" lon="0.1961817"><ele>90.59</ele></trkpt>
<trkpt lat="49.58579829999999" lon="0.196235"><ele>90.85</ele></trkpt>
<trkpt lat="49.5858" lon="0.1962883"><ele>91.08</ele></trkpt>
<trkpt lat="49.58579829999999" lon="0.19634"><ele>90.99</ele></trkpt>
<trkpt lat="49.58579829999999" lon="0.1964"><ele>91.42</ele></trkpt>
<trkpt lat="49.5858" lon="0.196455"><ele>91.68</ele></trkpt>
<trkpt lat="49.58579829999999" lon="0.196515"><ele>91.34</ele></trkpt>
<trkpt lat="49.5857933" lon="0.196565"><ele>91.13</ele></trkpt>
<trkpt lat="49.58579" lon="0.19662"><ele>91.16</ele></trkpt>
<trkpt lat="49.5857883" lon="0.1966767"><ele>91.02</ele></trkpt>
<trkpt lat="49.585785" lon="0.1967267"><ele>90.9</ele></trkpt>
<trkpt lat="49.5857833" lon="0.1967717"><ele>90.66</ele></trkpt>
<trkpt lat="49.5857817" lon="0.1968167"><ele>90.19999999999999</ele></trkpt>
<trkpt lat="49.5857817" lon="0.19686"><ele>89.87</ele></trkpt>
<trkpt lat="49.58578" lon="0.1969017"><ele>89.71</ele></trkpt>
<trkpt lat="49.58578" lon="0.1969567"><ele>89.63</ele></trkpt>
<trkpt lat="49.5857817" lon="0.1970167"><ele>89.7</ele></trkpt>
<trkpt lat="49.585785" lon="0.1970767"><ele>89.36</ele></trkpt>
<trkpt lat="49.58578669999999" lon="0.1971383"><ele>89.27</ele></trkpt>
<trkpt lat="49.58579" lon="0.1972"><ele>89.46</ele></trkpt>
<trkpt lat="49.58579829999999" lon="0.1972567"><ele>88.88</ele></trkpt>
<trkpt lat="49.5858033" lon="0.1973167"><ele>88.7</ele></trkpt>
<trkpt lat="49.5858083" lon="0.1973617"><ele>88.37</ele></trkpt>
<trkpt lat="49.5858133" lon="0.197425"><ele>87.69</ele></trkpt>
<trkpt lat="49.5858167" lon="0.1974667"><ele>87.35</ele></trkpt>
<trkpt lat="49.5858167" lon="0.1975083"><ele>86.9</ele></trkpt>
<trkpt lat="49.5858217" lon="0.197565"><ele>86.87</ele></trkpt>
<trkpt lat="49.58582330000001" lon="0.1976217"><ele>87.24</ele></trkpt>
<trkpt lat="49.5858283" lon="0.197665"><ele>87.36</ele></trkpt>
<trkpt lat="49.5858333" lon="0.1977233"><ele>87.75</ele></trkpt>
<trkpt lat="49.5858383" lon="0.1977817"><ele>87.98</ele></trkpt>
<trkpt lat="49.5858433" lon="0.1978233"><ele>88.06</ele></trkpt>
<trkpt lat="49.5858517" lon="0.19788"><ele>88.15</ele></trkpt>
<trkpt lat="49.58586" lon="0.19794"><ele>88.2</ele></trkpt>
<trkpt lat="49.5858667" lon="0.197995"><ele>88.15</ele></trkpt>
<trkpt lat="49.5858783" lon="0.1980483"><ele>87.93</ele></trkpt>
<trkpt lat="49.585885" lon="0.1981083"><ele>87.82</ele></trkpt>
<trkpt lat="49.585895" lon="0.1981667"><ele>87.96999999999998</ele></trkpt>
<trkpt lat="49.585905" lon="0.1982183"><ele>88.09</ele></trkpt>
<trkpt lat="49.585915" lon="0.1982733"><ele>87.95</ele></trkpt>
<trkpt lat="49.5859233" lon="0.1983283"><ele>87.99</ele></trkpt>
<trkpt lat="49.58593499999999" lon="0.1983833"><ele>87.74</ele></trkpt>
<trkpt lat="49.585945" lon="0.1984383"><ele>87.34</ele></trkpt>
<trkpt lat="49.5859533" lon="0.1985"><ele>87.54</ele></trkpt>
<trkpt lat="49.58595999999999" lon="0.1985583"><ele>87.59</ele></trkpt>
<trkpt lat="49.5859667" lon="0.198615"><ele>87.76</ele></trkpt>
<trkpt lat="49.5859767" lon="0.19867"><ele>87.79</ele></trkpt>
<trkpt lat="49.5859833" lon="0.198715"><ele>88.34</ele></trkpt>
<trkpt lat="49.5859883" lon="0.1987567"><ele>88.64</ele></trkpt>
<trkpt lat="49.5859967" lon="0.1988133"><ele>88.76</ele></trkpt>
<trkpt lat="49.5860017" lon="0.1988733"><ele>88.8</ele></trkpt>
<trkpt lat="49.5860083" lon="0.1989167"><ele>89.09</ele></trkpt>
<trkpt lat="49.58601830000001" lon="0.19897"><ele>89.2</ele></trkpt>
<trkpt lat="49.5860283" lon="0.1990217"><ele>89.19</ele></trkpt>
<trkpt lat="49.58603500000001" lon="0.1990733"><ele>88.96</ele></trkpt>
<trkpt lat="49.5860433" lon="0.1991283"><ele>88.82</ele></trkpt>
<trkpt lat="49.5860533" lon="0.1991833"><ele>88.51</ele></trkpt>
<trkpt lat="49.5860633" lon="0.199235"><ele>88.67</ele></trkpt>
<trkpt lat="49.5860767" lon="0.1992817"><ele>88.17</ele></trkpt>
<trkpt lat="49.58608670000001" lon="0.1993283"><ele>87.16</ele></trkpt>
<trkpt lat="49.58609500000001" lon="0.199385"><ele>86.53</ele></trkpt>
<trkpt lat="49.5861033" lon="0.19944"><ele>86.36</ele></trkpt>
<trkpt lat="49.5861167" lon="0.1994967"><ele>86.04</ele></trkpt>
<trkpt lat="49.5861267" lon="0.199555"><ele>85.56</ele></trkpt>
<trkpt lat="49.5861367" lon="0.1996067"><ele>85.59</ele></trkpt>
<trkpt lat="49.5861433" lon="0.1996617"><ele>86.01</ele></trkpt>
<trkpt lat="49.58615" lon="0.1997033"><ele>86.64</ele></trkpt>
<trkpt lat="49.5861617" lon="0.1997617"><ele>87.37</ele></trkpt>
<trkpt lat="49.5861667" lon="0.199805"><ele>87.82</ele></trkpt>
<trkpt lat="49.5861767" lon="0.1998467"><ele>88.14</ele></trkpt>
<trkpt lat="49.586185" lon="0.1999067"><ele>88.7</ele></trkpt>
<trkpt lat="49.58619329999999" lon="0.19996"><ele>88.7</ele></trkpt>
<trkpt lat="49.58620830000001" lon="0.2000117"><ele>88.11</ele></trkpt>
<trkpt lat="49.58621829999999" lon="0.2000583"><ele>87.44</ele></trkpt>
<trkpt lat="49.5862233" lon="0.2001167"><ele>87.11</ele></trkpt>
<trkpt lat="49.5862333" lon="0.2001583"><ele>86.93</ele></trkpt>
<trkpt lat="49.58624" lon="0.2002033"><ele>86.73</ele></trkpt>
<trkpt lat="49.58624" lon="0.2002633"><ele>87.19</ele></trkpt>
<trkpt lat="49.5862467" lon="0.20031"><ele>87.76</ele></trkpt>
<trkpt lat="49.5862633" lon="0.2003633"><ele>88.17</ele></trkpt>
<trkpt lat="49.58627" lon="0.2004183"><ele>87.74</ele></trkpt>
<trkpt lat="49.58628" lon="0.2004617"><ele>87.88</ele></trkpt>
<trkpt lat="49.5862883" lon="0.2005017"><ele>87.73</ele></trkpt>
<trkpt lat="49.5862967" lon="0.200555"><ele>87.25</ele></trkpt>
<trkpt lat="49.58630329999999" lon="0.2005967"><ele>87.2</ele></trkpt>
<trkpt lat="49.58631669999999" lon="0.200655"><ele>86.96</ele></trkpt>
<trkpt lat="49.5863267" lon="0.2007117"><ele>85.98</ele></trkpt>
<trkpt lat="49.5863383" lon="0.20076"><ele>84.83</ele></trkpt>
<trkpt lat="49.5863483" lon="0.2008067"><ele>84.09</ele></trkpt>
<trkpt lat="49.58634500000001" lon="0.2008583"><ele>84.25</ele></trkpt>
<trkpt lat="49.5863383" lon="0.2009067"><ele>84.54</ele></trkpt>
<trkpt lat="49.5863383" lon="0.2009633"><ele>84.33</ele></trkpt>
<trkpt lat="49.5863317" lon="0.201015"><ele>84.1</ele></trkpt>
<trkpt lat="49.5863233" lon="0.2010583"><ele>84.18</ele></trkpt>
<trkpt lat="49.58631669999999" lon="0.2011017"><ele>84.1</ele></trkpt>
<trkpt lat="49.5863217" lon="0.2011617"><ele>84.10999999999999</ele></trkpt>
<trkpt lat="49.586315" lon="0.2012117"><ele>83.75</ele></trkpt>
<trkpt lat="49.5863067" lon="0.20126"><ele>83.62</ele></trkpt>
<trkpt lat="49.5863083" lon="0.2013083"><ele>82.88</ele></trkpt>
<trkpt lat="49.5863083" lon="0.20136"><ele>82.2</ele></trkpt>
<trkpt lat="49.5863117" lon="0.2014117"><ele>81.49</ele></trkpt>
<trkpt lat="49.5863067" lon="0.2014583"><ele>81.06</ele></trkpt>
<trkpt lat="49.5863" lon="0.2015"><ele>80.91</ele></trkpt>
<trkpt lat="49.58629499999999" lon="0.2015567"><ele>80.4</ele></trkpt>
<trkpt lat="49.58629000000001" lon="0.20161"><ele>79.94</ele></trkpt>
<trkpt lat="49.58628" lon="0.2016667"><ele>79.47</ele></trkpt>
<trkpt lat="49.5862717" lon="0.201725"><ele>78.92</ele></trkpt>
<trkpt lat="49.5862633" lon="0.2017783"><ele>79.17</ele></trkpt>
<trkpt lat="49.5862517" lon="0.201835"><ele>79.36</ele></trkpt>
<trkpt lat="49.5862483" lon="0.2018917"><ele>79.7</ele></trkpt>
<trkpt lat="49.586245" lon="0.2019367"><ele>79.46</ele></trkpt>
<trkpt lat="49.58623499999999" lon="0.2019883"><ele>79.1</ele></trkpt>
<trkpt lat="49.5862233" lon="0.2020467"><ele>78.83</ele></trkpt>
<trkpt lat="49.5862133" lon="0.2021017"><ele>78.72</ele></trkpt>
<trkpt lat="49.5862033" lon="0.2021417"><ele>78.58</ele></trkpt>
<trkpt lat="49.58619329999999" lon="0.2022"><ele>78.64</ele></trkpt>
<trkpt lat="49.58619" lon="0.2022433"><ele>78.37</ele></trkpt>
<trkpt lat="49.5861817" lon="0.202295"><ele>78.18</ele></trkpt>
<trkpt lat="49.5861683" lon="0.2023317"><ele>78.19</ele></trkpt>
<trkpt lat="49.5861483" lon="0.2023783"><ele>77.84</ele></trkpt>
<trkpt lat="49.5861233" lon="0.2024217"><ele>77.7</ele></trkpt>
<trkpt lat="49.586105" lon="0.2024733"><ele>77.18</ele></trkpt>
<trkpt lat="49.58608670000001" lon="0.2025183"><ele>76.66</ele></trkpt>
<trkpt lat="49.58608" lon="0.20256"><ele>76.42</ele></trkpt>
<trkpt lat="49.586065" lon="0.2026017"><ele>76.47</ele></trkpt>
<trkpt lat="49.58604829999999" lon="0.20265"><ele>76.56</ele></trkpt>
<trkpt lat="49.5860333" lon="0.2027017"><ele>77.02</ele></trkpt>
<trkpt lat="49.58602329999999" lon="0.2027417"><ele>77.18</ele></trkpt>
<trkpt lat="49.58601000000001" lon="0.2027833"><ele>77.19</ele></trkpt>
<trkpt lat="49.585995" lon="0.2028383"><ele>76.99</ele></trkpt>
<trkpt lat="49.5859817" lon="0.202875"><ele>76.99</ele></trkpt>
<trkpt lat="49.58597" lon="0.2029167"><ele>76.67</ele></trkpt>
<trkpt lat="49.58595669999999" lon="0.2029567"><ele>76.35</ele></trkpt>
<trkpt lat="49.5859483" lon="0.2030133"><ele>76.02</ele></trkpt>
<trkpt lat="49.5859383" lon="0.2030567"><ele>75.83</ele></trkpt>
<trkpt lat="49.5859267" lon="0.2030967"><ele>75.38</ele></trkpt>
<trkpt lat="49.58591" lon="0.20315"><ele>74.48</ele></trkpt>
<trkpt lat="49.585895" lon="0.203205"><ele>73.08</ele></trkpt>
<trkpt lat="49.58588329999999" lon="0.2032433"><ele>72.59</ele></trkpt>
<trkpt lat="49.58587" lon="0.2032983"><ele>71.63</ele></trkpt>
<trkpt lat="49.585855" lon="0.20334"><ele>71.35</ele></trkpt>
<trkpt lat="49.5858383" lon="0.2033733"><ele>71.21</ele></trkpt>
<trkpt lat="49.58582330000001" lon="0.20341"><ele>71.2</ele></trkpt>
<trkpt lat="49.58581" lon="0.2034483"><ele>71.19</ele></trkpt>
<trkpt lat="49.58579829999999" lon="0.2034883"><ele>71.12</ele></trkpt>
<trkpt lat="49.5857817" lon="0.2035433"><ele>71.28</ele></trkpt>
<trkpt lat="49.5857683" lon="0.2036"><ele>71.39</ele></trkpt>
<trkpt lat="49.585755" lon="0.2036567"><ele>71.3</ele></trkpt>
<trkpt lat="49.5857417" lon="0.203695"><ele>71.13</ele></trkpt>
<trkpt lat="49.5857217" lon="0.2037467"><ele>70.68</ele></trkpt>
<trkpt lat="49.58570169999999" lon="0.2037967"><ele>70.19</ele></trkpt>
<trkpt lat="49.58568829999999" lon="0.203835"><ele>70.26</ele></trkpt>
<trkpt lat="49.5856667" lon="0.20388"><ele>69.85</ele></trkpt>
<trkpt lat="49.58564670000001" lon="0.20393"><ele>69.54</ele></trkpt>
<trkpt lat="49.5856267" lon="0.20398"><ele>69.15</ele></trkpt>
<trkpt lat="49.5856067" lon="0.2040283"><ele>68.56</ele></trkpt>
<trkpt lat="49.5855817" lon="0.2040783"><ele>68.59</ele></trkpt>
<trkpt lat="49.58556170000001" lon="0.2041267"><ele>68.34</ele></trkpt>
<trkpt lat="49.58553999999999" lon="0.2041733"><ele>68.37</ele></trkpt>
<trkpt lat="49.5855167" lon="0.2042233"><ele>68.59</ele></trkpt>
<trkpt lat="49.58550170000001" lon="0.2042583"><ele>68.66</ele></trkpt>
<trkpt lat="49.5854833" lon="0.20431"><ele>68.95</ele></trkpt>
<trkpt lat="49.5854667" lon="0.2043617"><ele>68.99</ele></trkpt>
<trkpt lat="49.5854533" lon="0.2044117"><ele>68.93</ele></trkpt>
<trkpt lat="49.5854333" lon="0.204465"><ele>69.08</ele></trkpt>
<trkpt lat="49.585415" lon="0.20452"><ele>69.26</ele></trkpt>
<trkpt lat="49.585395" lon="0.20457"><ele>69.68</ele></trkpt>
<trkpt lat="49.5853767" lon="0.2046233"><ele>69.76</ele></trkpt>
<trkpt lat="49.5853617" lon="0.2046817"><ele>69.61</ele></trkpt>
<trkpt lat="49.5853467" lon="0.2047383"><ele>70</ele></trkpt>
<trkpt lat="49.58532829999999" lon="0.2047917"><ele>70.48</ele></trkpt>
<trkpt lat="49.58531170000001" lon="0.2048417"><ele>70.45</ele></trkpt>
<trkpt lat="49.5852967" lon="0.2048917"><ele>70.07</ele></trkpt>
<trkpt lat="49.585285" lon="0.204945"><ele>69.58</ele></trkpt>
<trkpt lat="49.585275" lon="0.205"><ele>68.4</ele></trkpt>
<trkpt lat="49.5852583" lon="0.20506"><ele>67.3</ele></trkpt>
<trkpt lat="49.585245" lon="0.2051167"><ele>66.68</ele></trkpt>
<trkpt lat="49.58523000000001" lon="0.205175"><ele>65.98</ele></trkpt>
<trkpt lat="49.585215" lon="0.2052283"><ele>65.68</ele></trkpt>
<trkpt lat="49.58520170000001" lon="0.205285"><ele>65.18</ele></trkpt>
<trkpt lat="49.58518829999999" lon="0.20534"><ele>64.83</ele></trkpt>
<trkpt lat="49.58517669999999" lon="0.2053967"><ele>64.73</ele></trkpt>
<trkpt lat="49.5851667" lon="0.20545"><ele>64.57</ele></trkpt>
<trkpt lat="49.58515" lon="0.2055067"><ele>64.71</ele></trkpt>
<trkpt lat="49.585135" lon="0.2055633"><ele>64.88</ele></trkpt>
<trkpt lat="49.5851217" lon="0.20562"><ele>64.9</ele></trkpt>
<trkpt lat="49.5851117" lon="0.205675"><ele>65.23</ele></trkpt>
<trkpt lat="49.5851" lon="0.20573"><ele>65.97</ele></trkpt>
<trkpt lat="49.5850883" lon="0.2057817"><ele>66.61</ele></trkpt>
<trkpt lat="49.585075" lon="0.2058383"><ele>67.14</ele></trkpt>
<trkpt lat="49.58506669999999" lon="0.2058783"><ele>67.42</ele></trkpt>
<trkpt lat="49.5850583" lon="0.2059367"><ele>67.43</ele></trkpt>
<trkpt lat="49.58505" lon="0.205995"><ele>67.16</ele></trkpt>
<trkpt lat="49.5850367" lon="0.2060517"><ele>67.07</ele></trkpt>
<trkpt lat="49.585025" lon="0.2061067"><ele>66.86</ele></trkpt>
<trkpt lat="49.5850133" lon="0.20616"><ele>66.7</ele></trkpt>
<trkpt lat="49.585005" lon="0.2062017"><ele>66.54</ele></trkpt>
<trkpt lat="49.584995" lon="0.2062567"><ele>66.67</ele></trkpt>
<trkpt lat="49.584985" lon="0.2063117"><ele>66.54</ele></trkpt>
<trkpt lat="49.5849767" lon="0.206365"><ele>66.24</ele></trkpt>
<trkpt lat="49.5849667" lon="0.206415"><ele>66.39</ele></trkpt>
<trkpt lat="49.58495500000001" lon="0.2064667"><ele>66.01</ele></trkpt>
<trkpt lat="49.58494" lon="0.2065183"><ele>65.03</ele></trkpt>
<trkpt lat="49.5849233" lon="0.2065683"><ele>64.45</ele></trkpt>
<trkpt lat="49.5849067" lon="0.2066167"><ele>63.66999999999999</ele></trkpt>
<trkpt lat="49.5848917" lon="0.2066717"><ele>63.59</ele></trkpt>
<trkpt lat="49.5848733" lon="0.2067267"><ele>63.52999999999999</ele></trkpt>
<trkpt lat="49.58486" lon="0.2067633"><ele>63.27</ele></trkpt>
<trkpt lat="49.58484170000001" lon="0.2068167"><ele>62.68</ele></trkpt>
<trkpt lat="49.58482829999999" lon="0.2068717"><ele>61.83000000000001</ele></trkpt>
<trkpt lat="49.5848183" lon="0.2069117"><ele>61.53</ele></trkpt>
<trkpt lat="49.58480329999999" lon="0.2069617"><ele>61.4</ele></trkpt>
<trkpt lat="49.5847867" lon="0.2070117"><ele>61.66</ele></trkpt>
<trkpt lat="49.58476830000001" lon="0.2070633"><ele>61.97999999999999</ele></trkpt>
<trkpt lat="49.5847483" lon="0.207115"><ele>62.27999999999999</ele></trkpt>
<trkpt lat="49.58473" lon="0.2071683"><ele>62.33</ele></trkpt>
<trkpt lat="49.58470999999999" lon="0.2072183"><ele>61.61999999999999</ele></trkpt>
<trkpt lat="49.5846883" lon="0.2072633"><ele>60.63</ele></trkpt>
<trkpt lat="49.58467" lon="0.2072967"><ele>60.41999999999999</ele></trkpt>
<trkpt lat="49.58464" lon="0.2073383"><ele>60.04</ele></trkpt>
<trkpt lat="49.5846183" lon="0.2073683"><ele>59.77</ele></trkpt>
<trkpt lat="49.5845917" lon="0.2073983"><ele>59.28</ele></trkpt>
<trkpt lat="49.5845533" lon="0.207425"><ele>59.22</ele></trkpt>
<trkpt lat="49.58451830000001" lon="0.2074317"><ele>58.95000000000001</ele></trkpt>
<trkpt lat="49.5844817" lon="0.2074217"><ele>58.56</ele></trkpt>
<trkpt lat="49.5844517" lon="0.20741"><ele>58.27000000000001</ele></trkpt>
<trkpt lat="49.5844267" lon="0.2073917"><ele>58.57999999999999</ele></trkpt>
<trkpt lat="49.584405" lon="0.2073517"><ele>58.61</ele></trkpt>
<trkpt lat="49.5843867" lon="0.20732"><ele>58.5</ele></trkpt>
<trkpt lat="49.5843633" lon="0.2072967"><ele>60.11</ele></trkpt>
<trkpt lat="49.5843417" lon="0.207265"><ele>61.29999999999999</ele></trkpt>
<trkpt lat="49.58432000000001" lon="0.2072217"><ele>61.43999999999999</ele></trkpt>
<trkpt lat="49.58429829999999" lon="0.2071767"><ele>61.29999999999999</ele></trkpt>
<trkpt lat="49.58428" lon="0.2071433"><ele>61.2</ele></trkpt>
<trkpt lat="49.58426830000001" lon="0.207105"><ele>61.2</ele></trkpt>
<trkpt lat="49.5842417" lon="0.2070617"><ele>61.25999999999999</ele></trkpt>
<trkpt lat="49.5842083" lon="0.2070267"><ele>61.4</ele></trkpt>
<trkpt lat="49.58417500000001" lon="0.2069967"><ele>61.43</ele></trkpt>
<trkpt lat="49.58413329999999" lon="0.206985"><ele>61.11999999999999</ele></trkpt>
<trkpt lat="49.5841017" lon="0.206975"><ele>61.25999999999999</ele></trkpt>
<trkpt lat="49.58406500000001" lon="0.20698"><ele>61.21</ele></trkpt>
<trkpt lat="49.58403" lon="0.2069983"><ele>61.00999999999999</ele></trkpt>
<trkpt lat="49.5840033" lon="0.2070183"><ele>61.02</ele></trkpt>
<trkpt lat="49.583975" lon="0.207045"><ele>60.77</ele></trkpt>
<trkpt lat="49.5839467" lon="0.2070683"><ele>60.38</ele></trkpt>
<trkpt lat="49.5839183" lon="0.2070867"><ele>60.38</ele></trkpt>
<trkpt lat="49.58389170000001" lon="0.2071017"><ele>60.7</ele></trkpt>
<trkpt lat="49.5838617" lon="0.2071283"><ele>61.2</ele></trkpt>
<trkpt lat="49.5838483" lon="0.207195"><ele>61.54999999999999</ele></trkpt>
<trkpt lat="49.5838483" lon="0.2072383"><ele>61.9</ele></trkpt>
<trkpt lat="49.583855" lon="0.2072917"><ele>62.15</ele></trkpt>
<trkpt lat="49.5838717" lon="0.2073383"><ele>62.2</ele></trkpt>
<trkpt lat="49.58389" lon="0.207375"><ele>62.2</ele></trkpt>
<trkpt lat="49.5839067" lon="0.2074117"><ele>61.95</ele></trkpt>
<trkpt lat="49.5839283" lon="0.2074517"><ele>61.23999999999999</ele></trkpt>
<trkpt lat="49.5839467" lon="0.2074983"><ele>60.53</ele></trkpt>
<trkpt lat="49.58396329999999" lon="0.2075317"><ele>60.23</ele></trkpt>
<trkpt lat="49.58397670000001" lon="0.2075683"><ele>60.18</ele></trkpt>
<trkpt lat="49.58399" lon="0.207605"><ele>60.22</ele></trkpt>
<trkpt lat="49.58401000000001" lon="0.20766"><ele>60.00999999999999</ele></trkpt>
<trkpt lat="49.5840333" lon="0.2077083"><ele>59.97</ele></trkpt>
<trkpt lat="49.58405" lon="0.2077583"><ele>60.4</ele></trkpt>
<trkpt lat="49.5840667" lon="0.20781"><ele>60.98999999999999</ele></trkpt>
<trkpt lat="49.5840783" lon="0.2078483"><ele>61.25</ele></trkpt>
<trkpt lat="49.58409000000001" lon="0.2078883"><ele>61.54999999999999</ele></trkpt>
<trkpt lat="49.5841033" lon="0.2079267"><ele>62.15</ele></trkpt>
<trkpt lat="49.5841117" lon="0.2079817"><ele>63.04</ele></trkpt>
<trkpt lat="49.5841133" lon="0.208025"><ele>63.41999999999999</ele></trkpt>
<trkpt lat="49.5841183" lon="0.20807"><ele>63.88</ele></trkpt>
<trkpt lat="49.58412169999999" lon="0.2081233"><ele>64.58</ele></trkpt>
<trkpt lat="49.5841167" lon="0.20818"><ele>64.85</ele></trkpt>
<trkpt lat="49.5841117" lon="0.2082283"><ele>64.52</ele></trkpt>
<trkpt lat="49.5841033" lon="0.2082817"><ele>64.09</ele></trkpt>
<trkpt lat="49.58409000000001" lon="0.20833"><ele>64.24</ele></trkpt>
<trkpt lat="49.5840767" lon="0.2083733"><ele>64.46</ele></trkpt>
<trkpt lat="49.58406" lon="0.20841"><ele>64.43</ele></trkpt>
<trkpt lat="49.5840433" lon="0.2084467"><ele>64.47</ele></trkpt>
<trkpt lat="49.58402" lon="0.2084783"><ele>64.41</ele></trkpt>
<trkpt lat="49.5839967" lon="0.20851"><ele>64.1</ele></trkpt>
<trkpt lat="49.5839667" lon="0.2085433"><ele>63.32</ele></trkpt>
<trkpt lat="49.58393499999999" lon="0.20858"><ele>62.73999999999999</ele></trkpt>
<trkpt lat="49.5839117" lon="0.2086117"><ele>62.63</ele></trkpt>
<trkpt lat="49.5838883" lon="0.2086367"><ele>62.58</ele></trkpt>
<trkpt lat="49.5838567" lon="0.208665"><ele>62.77</ele></trkpt>
<trkpt lat="49.583835" lon="0.2086917"><ele>62.96</ele></trkpt>
<trkpt lat="49.583805" lon="0.20872"><ele>62.97999999999999</ele></trkpt>
<trkpt lat="49.5837783" lon="0.2087567"><ele>62.84</ele></trkpt>
<trkpt lat="49.58375" lon="0.2087867"><ele>62.64</ele></trkpt>
<trkpt lat="49.58373000000001" lon="0.208815"><ele>62.27999999999999</ele></trkpt>
<trkpt lat="49.58370500000001" lon="0.208855"><ele>62.02999999999999</ele></trkpt>
<trkpt lat="49.5836833" lon="0.2088817"><ele>62.11999999999999</ele></trkpt>
<trkpt lat="49.5836567" lon="0.208915"><ele>61.52</ele></trkpt>
<trkpt lat="49.58363" lon="0.2089433"><ele>60.79999999999999</ele></trkpt>
<trkpt lat="49.5836067" lon="0.2089667"><ele>60.48</ele></trkpt>
<trkpt lat="49.5835817" lon="0.20899"><ele>60.25</ele></trkpt>
<trkpt lat="49.583555" lon="0.2090133"><ele>60.04</ele></trkpt>
<trkpt lat="49.5835217" lon="0.2090467"><ele>59.35</ele></trkpt>
<trkpt lat="49.5834983" lon="0.209075"><ele>58.89</ele></trkpt>
<trkpt lat="49.583475" lon="0.2090967"><ele>58.65000000000001</ele></trkpt>
<trkpt lat="49.58345" lon="0.2091167"><ele>58.41999999999999</ele></trkpt>
<trkpt lat="49.58342" lon="0.2091467"><ele>58.32999999999999</ele></trkpt>
<trkpt lat="49.5833883" lon="0.2091767"><ele>58.5</ele></trkpt>
<trkpt lat="49.5833583" lon="0.2092067"><ele>57.73</ele></trkpt>
<trkpt lat="49.583325" lon="0.2092383"><ele>56.73</ele></trkpt>
<trkpt lat="49.583305" lon="0.2092667"><ele>56.31</ele></trkpt>
<trkpt lat="49.583285" lon="0.2093"><ele>56.14</ele></trkpt>
<trkpt lat="49.583255" lon="0.2093367"><ele>55.52</ele></trkpt>
<trkpt lat="49.5832333" lon="0.209365"><ele>55.25</ele></trkpt>
<trkpt lat="49.58320500000001" lon="0.2094117"><ele>54.94</ele></trkpt>
<trkpt lat="49.5831817" lon="0.2094383"><ele>54.68</ele></trkpt>
<trkpt lat="49.58315" lon="0.209475"><ele>53.93</ele></trkpt>
<trkpt lat="49.5831317" lon="0.20951"><ele>53.49</ele></trkpt>
<trkpt lat="49.583115" lon="0.2095467"><ele>53.09</ele></trkpt>
<trkpt lat="49.5830933" lon="0.2095733"><ele>52.69</ele></trkpt>
<trkpt lat="49.5830667" lon="0.209615"><ele>51.78999999999999</ele></trkpt>
<trkpt lat="49.5830383" lon="0.2096483"><ele>50.2</ele></trkpt>
<trkpt lat="49.58301000000001" lon="0.2096817"><ele>48.78999999999999</ele></trkpt>
<trkpt lat="49.5829883" lon="0.2097117"><ele>48.51</ele></trkpt>
<trkpt lat="49.582965" lon="0.2097517"><ele>48.55</ele></trkpt>
<trkpt lat="49.5829383" lon="0.2097817"><ele>49.01</ele></trkpt>
<trkpt lat="49.5829167" lon="0.2098083"><ele>49.1</ele></trkpt>
<trkpt lat="49.58289669999999" lon="0.2098433"><ele>49.15</ele></trkpt>
<trkpt lat="49.58287330000001" lon="0.209875"><ele>49.35999999999999</ele></trkpt>
<trkpt lat="49.5828533" lon="0.2099067"><ele>49.56</ele></trkpt>
<trkpt lat="49.5828283" lon="0.2099517"><ele>50.18000000000001</ele></trkpt>
<trkpt lat="49.5828" lon="0.2099917"><ele>51.31</ele></trkpt>
<trkpt lat="49.58278" lon="0.2100233"><ele>52.03999999999999</ele></trkpt>
<trkpt lat="49.5827483" lon="0.2100667"><ele>52.77</ele></trkpt>
<trkpt lat="49.5827283" lon="0.2100967"><ele>53.32999999999999</ele></trkpt>
<trkpt lat="49.58270999999999" lon="0.210135"><ele>53.31</ele></trkpt>
<trkpt lat="49.58268330000001" lon="0.2101817"><ele>52.88</ele></trkpt>
<trkpt lat="49.58265830000001" lon="0.2102167"><ele>52.64999999999999</ele></trkpt>
<trkpt lat="49.5826367" lon="0.2102483"><ele>52.43</ele></trkpt>
<trkpt lat="49.58260829999999" lon="0.2102917"><ele>52.39999999999999</ele></trkpt>
<trkpt lat="49.582585" lon="0.2103233"><ele>52.45</ele></trkpt>
<trkpt lat="49.58256170000001" lon="0.2103517"><ele>52.78999999999999</ele></trkpt>
<trkpt lat="49.58253999999999" lon="0.2103833"><ele>52.87</ele></trkpt>
<trkpt lat="49.58252" lon="0.210415"><ele>52.67</ele></trkpt>
<trkpt lat="49.5824983" lon="0.210445"><ele>52.36000000000001</ele></trkpt>
<trkpt lat="49.58247670000001" lon="0.2104717"><ele>52.45</ele></trkpt>
<trkpt lat="49.58245169999999" lon="0.2104967"><ele>52.66</ele></trkpt>
<trkpt lat="49.5824283" lon="0.210525"><ele>52.46999999999999</ele></trkpt>
<trkpt lat="49.582405" lon="0.2105467"><ele>52.2</ele></trkpt>
<trkpt lat="49.5823817" lon="0.21057"><ele>51.89999999999999</ele></trkpt>
<trkpt lat="49.5823567" lon="0.2106083"><ele>50.84</ele></trkpt>
<trkpt lat="49.5823317" lon="0.210645"><ele>50.07</ele></trkpt>
<trkpt lat="49.58231170000001" lon="0.2106733"><ele>49.85</ele></trkpt>
<trkpt lat="49.5822917" lon="0.2107017"><ele>49.88</ele></trkpt>
<trkpt lat="49.5822667" lon="0.21073"><ele>49.89999999999999</ele></trkpt>
<trkpt lat="49.5822333" lon="0.2107617"><ele>49.23</ele></trkpt>
<trkpt lat="49.5822083" lon="0.2107833"><ele>48.85999999999999</ele></trkpt>
<trkpt lat="49.5821867" lon="0.21081"><ele>48.63</ele></trkpt>
<trkpt lat="49.5821617" lon="0.2108467"><ele>47.99</ele></trkpt>
<trkpt lat="49.5821317" lon="0.21088"><ele>47.25</ele></trkpt>
<trkpt lat="49.5821017" lon="0.2109167"><ele>47.21</ele></trkpt>
<trkpt lat="49.58211670000001" lon="0.21097"><ele>47.95</ele></trkpt>
<trkpt lat="49.5821433" lon="0.2109917"><ele>48.16</ele></trkpt>
<trkpt lat="49.5821667" lon="0.2110133"><ele>48.5</ele></trkpt>
<trkpt lat="49.58220170000001" lon="0.2110367"><ele>48.69</ele></trkpt>
<trkpt lat="49.5822283" lon="0.2110817"><ele>48.38</ele></trkpt>
<trkpt lat="49.58225" lon="0.2111083"><ele>48.15</ele></trkpt>
<trkpt lat="49.5822667" lon="0.2111433"><ele>47.95</ele></trkpt>
<trkpt lat="49.582285" lon="0.2111783"><ele>48.09</ele></trkpt>
<trkpt lat="49.5823083" lon="0.2112217"><ele>48.27</ele></trkpt>
<trkpt lat="49.5823317" lon="0.2112617"><ele>48.82</ele></trkpt>
<trkpt lat="49.582355" lon="0.211305"><ele>50.03</ele></trkpt>
<trkpt lat="49.5823733" lon="0.2113433"><ele>51.64999999999999</ele></trkpt>
<trkpt lat="49.5823883" lon="0.2113783"><ele>49.81</ele></trkpt>
<trkpt lat="49.5823633" lon="0.2113533"><ele>49.96999999999999</ele></trkpt>
</trkseg></trk>
</gpx>