<?xml version="1.0" encoding="UTF-8"?>
<gpx version="1.1" creator="Marando" xmlns="http://www.topografix.com/GPX/1/1">
<wpt lat="49.5827733" lon="0.2142133"><ele>51.49</ele><name>Départ</name></wpt>
<wpt lat="49.60737" lon="0.2344417"><ele>97.39</ele><name>Eglise Turretot</name></wpt>
<wpt lat="49.60746169999999" lon="0.23353"><ele>91.25</ele><name>Mare</name></wpt>
<wpt lat="49.60755499999999" lon="0.2331883"><ele>89.78</ele><name>Canards</name></wpt>
<wpt lat="49.6080017" lon="0.224955"><ele>95.66</ele><name>Chaumiere</name></wpt>
<wpt lat="49.6053017" lon="0.220085"><ele>83.8</ele><name>Bifurcation</name></wpt>
<wpt lat="49.605355" lon="0.2197067"><ele>82.46</ele><name>Petit Train</name></wpt>
<wpt lat="49.6017217" lon="0.2091283"><ele>75.01</ele><name>Eglise St Martin</name></wpt>
<wpt lat="49.5934333" lon="0.2126883"><ele>47.29</ele><name>Eglise Notre Dame</name></wpt>
<wpt lat="49.58781158554109" lon="0.2118791261593733"><ele>0</ele><name>Moulin du Vey</name></wpt>
<wpt lat="49.5828517" lon="0.21399"><ele>36.46</ele><name>Arrivée</name><desc>Nom: Segment: 1Type: Grande randonnéeHeure de départ: 14:02 20 août 2026Heure d'arrivée: 16:17 20 août 2026Distance: 10,6km (02:15)Temps déplacement: 02:11Vitesse moyenne: 4,68 km/hVitesse en mouvement: 4,82 km/hVitesse Max.: 9,84 km/hAltitude minimale: 30 mAltitude maximale: 108 mVitesse de montée: 144,1 m/hVitesse de descente: 184,6 m/hDénivelé positif: 133 mDénivelé négatif: 146 mTemps de montée: 00:55Temps de descente: 00:47</desc></wpt>
<trk><name>Turretot</name><trkseg>
<trkpt lat="49.5827733" lon="0.2142133"><ele>51.49</ele></trkpt>
<trkpt lat="49.5827717" lon="0.2142033"><ele>50.82</ele></trkpt>
<trkpt lat="49.5827733" lon="0.214145"><ele>49.07</ele></trkpt>
<trkpt lat="49.5827783" lon="0.2141017"><ele>48.14</ele></trkpt>
<trkpt lat="49.5827917" lon="0.2140583"><ele>47.16</ele></trkpt>
<trkpt lat="49.5828217" lon="0.2140217"><ele>46.49</ele></trkpt>
<trkpt lat="49.58285" lon="0.2140117"><ele>44.73</ele></trkpt>
<trkpt lat="49.582885" lon="0.21401"><ele>42.96</ele></trkpt>
<trkpt lat="49.58292" lon="0.2140083"><ele>41.1</ele></trkpt>
<trkpt lat="49.58295830000001" lon="0.2139883"><ele>39.43</ele></trkpt>
<trkpt lat="49.582995" lon="0.2139767"><ele>38.15</ele></trkpt>
<trkpt lat="49.5830283" lon="0.213975"><ele>36.96</ele></trkpt>
<trkpt lat="49.5830633" lon="0.2139767"><ele>35.76</ele></trkpt>
<trkpt lat="49.58309830000001" lon="0.2139783"><ele>34.09</ele></trkpt>
<trkpt lat="49.58312999999999" lon="0.213975"><ele>33.09</ele></trkpt>
<trkpt lat="49.5831567" lon="0.2139633"><ele>32.76</ele></trkpt>
<trkpt lat="49.5831867" lon="0.213945"><ele>32.48</ele></trkpt>
<trkpt lat="49.5832133" lon="0.2139183"><ele>32.11</ele></trkpt>
<trkpt lat="49.5832483" lon="0.2138983"><ele>31.71</ele></trkpt>
<trkpt lat="49.5832783" lon="0.213895"><ele>31.2</ele></trkpt>
<trkpt lat="49.58330670000001" lon="0.2138883"><ele>30.7</ele></trkpt>
<trkpt lat="49.58334170000001" lon="0.2138817"><ele>30.62</ele></trkpt>
<trkpt lat="49.5833833" lon="0.21388"><ele>30.63</ele></trkpt>
<trkpt lat="49.583415" lon="0.2138717"><ele>30.14</ele></trkpt>
<trkpt lat="49.5834433" lon="0.2138717"><ele>29.77</ele></trkpt>
<trkpt lat="49.58348000000001" lon="0.2138633"><ele>29.94</ele></trkpt>
<trkpt lat="49.58351499999999" lon="0.2138483"><ele>30.35</ele></trkpt>
<trkpt lat="49.5835517" lon="0.213845"><ele>30.42</ele></trkpt>
<trkpt lat="49.58357829999999" lon="0.2138317"><ele>30.12</ele></trkpt>
<trkpt lat="49.5836083" lon="0.213815"><ele>29.78</ele></trkpt>
<trkpt lat="49.583645" lon="0.2137933"><ele>29.67</ele></trkpt>
<trkpt lat="49.5836783" lon="0.213765"><ele>30.68</ele></trkpt>
<trkpt lat="49.5837033" lon="0.2137417"><ele>31.21</ele></trkpt>
<trkpt lat="49.583735" lon="0.2137167"><ele>31.53</ele></trkpt>
<trkpt lat="49.58376169999999" lon="0.213705"><ele>31.44</ele></trkpt>
<trkpt lat="49.58379830000001" lon="0.21369"><ele>31.03</ele></trkpt>
<trkpt lat="49.5838317" lon="0.21367"><ele>30.91</ele></trkpt>
<trkpt lat="49.58387" lon="0.2136567"><ele>30.83</ele></trkpt>
<trkpt lat="49.5838967" lon="0.2136417"><ele>30.79</ele></trkpt>
<trkpt lat="49.5839333" lon="0.21362"><ele>30.54</ele></trkpt>
<trkpt lat="49.5839683" lon="0.21362"><ele>30.76</ele></trkpt>
<trkpt lat="49.58399829999999" lon="0.21363"><ele>30.89</ele></trkpt>
<trkpt lat="49.584035" lon="0.2136383"><ele>31.32</ele></trkpt>
<trkpt lat="49.5840717" lon="0.21364"><ele>32.06</ele></trkpt>
<trkpt lat="49.58410829999999" lon="0.2136333"><ele>33.05</ele></trkpt>
<trkpt lat="49.584145" lon="0.2136267"><ele>33.52</ele></trkpt>
<trkpt lat="49.58418330000001" lon="0.2136233"><ele>33.7</ele></trkpt>
<trkpt lat="49.5842183" lon="0.2136283"><ele>33.31</ele></trkpt>
<trkpt lat="49.584255" lon="0.2136267"><ele>32.69</ele></trkpt>
<trkpt lat="49.5842917" lon="0.2136183"><ele>32.81</ele></trkpt>
<trkpt lat="49.58432330000001" lon="0.213605"><ele>33.51</ele></trkpt>
<trkpt lat="49.58436" lon="0.2135917"><ele>33.54</ele></trkpt>
<trkpt lat="49.5843933" lon="0.2135867"><ele>33.55</ele></trkpt>
<trkpt lat="49.5844317" lon="0.2135717"><ele>33.67</ele></trkpt>
<trkpt lat="49.58447" lon="0.2135633"><ele>34.08</ele></trkpt>
<trkpt lat="49.5845" lon="0.213555"><ele>34.1</ele></trkpt>
<trkpt lat="49.5845283" lon="0.2135467"><ele>34.1</ele></trkpt>
<trkpt lat="49.5845633" lon="0.2135183"><ele>34.55</ele></trkpt>
<trkpt lat="49.58459" lon="0.2134983"><ele>35.08</ele></trkpt>
<trkpt lat="49.58462169999999" lon="0.21347"><ele>35.72</ele></trkpt>
<trkpt lat="49.5846433" lon="0.21344"><ele>36.16</ele></trkpt>
<trkpt lat="49.5846733" lon="0.213405"><ele>36.91</ele></trkpt>
<trkpt lat="49.5847033" lon="0.2133683"><ele>37.59</ele></trkpt>
<trkpt lat="49.5847283" lon="0.2133167"><ele>38.5</ele></trkpt>
<trkpt lat="49.5847583" lon="0.213275"><ele>38.84</ele></trkpt>
<trkpt lat="49.58479000000001" lon="0.21324"><ele>39.19</ele></trkpt>
<trkpt lat="49.5848133" lon="0.2132117"><ele>39.45</ele></trkpt>
<trkpt lat="49.58484170000001" lon="0.2131683"><ele>39.27</ele></trkpt>
<trkpt lat="49.58486670000001" lon="0.2131267"><ele>38.99</ele></trkpt>
<trkpt lat="49.5848933" lon="0.2130817"><ele>38.75</ele></trkpt>
<trkpt lat="49.5849117" lon="0.2130483"><ele>38.54</ele></trkpt>
<trkpt lat="49.584935" lon="0.2130083"><ele>38.95</ele></trkpt>
<trkpt lat="49.58496" lon="0.2129867"><ele>39.05</ele></trkpt>
<trkpt lat="49.5849917" lon="0.2129683"><ele>39.14</ele></trkpt>
<trkpt lat="49.5850283" lon="0.212945"><ele>39.49</ele></trkpt>
<trkpt lat="49.5850617" lon="0.2129217"><ele>39.43</ele></trkpt>
<trkpt lat="49.5850933" lon="0.2128933"><ele>38.89</ele></trkpt>
<trkpt lat="49.58512500000001" lon="0.212875"><ele>37.98</ele></trkpt>
<trkpt lat="49.58516" lon="0.21285"><ele>36.83</ele></trkpt>
<trkpt lat="49.5851833" lon="0.2128233"><ele>35.85</ele></trkpt>
<trkpt lat="49.58520500000001" lon="0.2127967"><ele>34.64</ele></trkpt>
<trkpt lat="49.58523169999999" lon="0.212775"><ele>33.74</ele></trkpt>
<trkpt lat="49.5852633" lon="0.2127533"><ele>33.44</ele></trkpt>
<trkpt lat="49.5852917" lon="0.2127317"><ele>32.63</ele></trkpt>
<trkpt lat="49.58532" lon="0.2127"><ele>31.7</ele></trkpt>
<trkpt lat="49.58534999999999" lon="0.21267"><ele>31.51</ele></trkpt>
<trkpt lat="49.5853733" lon="0.2126483"><ele>31.73</ele></trkpt>
<trkpt lat="49.5854083" lon="0.2126183"><ele>31.83</ele></trkpt>
<trkpt lat="49.58544" lon="0.2125983"><ele>31.83</ele></trkpt>
<trkpt lat="49.58547670000001" lon="0.21258"><ele>31.87</ele></trkpt>
<trkpt lat="49.58551169999999" lon="0.2125583"><ele>32.32</ele></trkpt>
<trkpt lat="49.5855433" lon="0.2125383"><ele>33.39</ele></trkpt>
<trkpt lat="49.58557499999999" lon="0.2125133"><ele>33.9</ele></trkpt>
<trkpt lat="49.58560829999999" lon="0.2124983"><ele>34.28</ele></trkpt>
<trkpt lat="49.5856367" lon="0.2124883"><ele>34.56</ele></trkpt>
<trkpt lat="49.5856617" lon="0.21247"><ele>34.69</ele></trkpt>
<trkpt lat="49.58568829999999" lon="0.2124583"><ele>34.41</ele></trkpt>
<trkpt lat="49.5857183" lon="0.2124317"><ele>34.97</ele></trkpt>
<trkpt lat="49.5857467" lon="0.2124167"><ele>35.89</ele></trkpt>
<trkpt lat="49.58578" lon="0.2123967"><ele>36.49</ele></trkpt>
<trkpt lat="49.5858133" lon="0.2123733"><ele>37.11</ele></trkpt>
<trkpt lat="49.5858417" lon="0.2123467"><ele>37.97</ele></trkpt>
<trkpt lat="49.5858683" lon="0.212325"><ele>38.33</ele></trkpt>
<trkpt lat="49.58589670000001" lon="0.212295"><ele>39.01</ele></trkpt>
<trkpt lat="49.5859233" lon="0.2122633"><ele>39.54</ele></trkpt>
<trkpt lat="49.58595" lon="0.212235"><ele>39.67</ele></trkpt>
<trkpt lat="49.58598" lon="0.2122183"><ele>39.77</ele></trkpt>
<trkpt lat="49.5860117" lon="0.2121983"><ele>39.26</ele></trkpt>
<trkpt lat="49.58604829999999" lon="0.21218"><ele>38.5</ele></trkpt>
<trkpt lat="49.58608" lon="0.2121683"><ele>38.02</ele></trkpt>
<trkpt lat="49.5861133" lon="0.2121567"><ele>37.76</ele></trkpt>
<trkpt lat="49.5861417" lon="0.2121533"><ele>37.94</ele></trkpt>
<trkpt lat="49.58617" lon="0.2121383"><ele>38.08</ele></trkpt>
<trkpt lat="49.58620669999999" lon="0.212125"><ele>38.29</ele></trkpt>
<trkpt lat="49.58624329999999" lon="0.21211"><ele>38.2</ele></trkpt>
<trkpt lat="49.586275" lon="0.2121033"><ele>38.05</ele></trkpt>
<trkpt lat="49.58631" lon="0.2121"><ele>37.64</ele></trkpt>
<trkpt lat="49.5863367" lon="0.21209"><ele>37.46</ele></trkpt>
<trkpt lat="49.58637000000001" lon="0.2120733"><ele>36.97</ele></trkpt>
<trkpt lat="49.5864017" lon="0.2120683"><ele>36.45</ele></trkpt>
<trkpt lat="49.58643330000001" lon="0.2120683"><ele>36.17</ele></trkpt>
<trkpt lat="49.58646829999999" lon="0.2120767"><ele>36.02</ele></trkpt>
<trkpt lat="49.5864983" lon="0.2121083"><ele>35.1</ele></trkpt>
<trkpt lat="49.58653170000001" lon="0.2121283"><ele>34.26</ele></trkpt>
<trkpt lat="49.586565" lon="0.2121517"><ele>34.01</ele></trkpt>
<trkpt lat="49.5865983" lon="0.2121717"><ele>34</ele></trkpt>
<trkpt lat="49.58663" lon="0.2121967"><ele>34.17</ele></trkpt>
<trkpt lat="49.5866583" lon="0.2122217"><ele>34.41</ele></trkpt>
<trkpt lat="49.58668830000001" lon="0.21222"><ele>34.11</ele></trkpt>
<trkpt lat="49.586715" lon="0.2122"><ele>33.78</ele></trkpt>
<trkpt lat="49.58673830000001" lon="0.2121783"><ele>33.45</ele></trkpt>
<trkpt lat="49.58677" lon="0.2121667"><ele>33.3</ele></trkpt>
<trkpt lat="49.5868083" lon="0.21217"><ele>33.16</ele></trkpt>
<trkpt lat="49.5868433" lon="0.212175"><ele>32.63</ele></trkpt>
<trkpt lat="49.58688" lon="0.212175"><ele>32.43</ele></trkpt>
<trkpt lat="49.5869067" lon="0.2121817"><ele>32.15</ele></trkpt>
<trkpt lat="49.58693499999999" lon="0.2121917"><ele>31.94</ele></trkpt>
<trkpt lat="49.5869717" lon="0.2122133"><ele>31.81</ele></trkpt>
<trkpt lat="49.58699829999999" lon="0.212225"><ele>31.73</ele></trkpt>
<trkpt lat="49.587035" lon="0.2122417"><ele>31.77</ele></trkpt>
<trkpt lat="49.5870717" lon="0.2122567"><ele>31.75</ele></trkpt>
<trkpt lat="49.58710829999999" lon="0.21227"><ele>31.46</ele></trkpt>
<trkpt lat="49.587145" lon="0.2122833"><ele>31.23</ele></trkpt>
<trkpt lat="49.58717669999999" lon="0.2122933"><ele>31.04</ele></trkpt>
<trkpt lat="49.5872167" lon="0.2122967"><ele>31.04</ele></trkpt>
<trkpt lat="49.58725" lon="0.2122933"><ele>31.26</ele></trkpt>
<trkpt lat="49.5872817" lon="0.2122983"><ele>31.95</ele></trkpt>
<trkpt lat="49.58731170000001" lon="0.2123067"><ele>32.61</ele></trkpt>
<trkpt lat="49.58734830000001" lon="0.2123117"><ele>32.86</ele></trkpt>
<trkpt lat="49.587385" lon="0.2122983"><ele>33.27</ele></trkpt>
<trkpt lat="49.58742170000001" lon="0.21228"><ele>33.53</ele></trkpt>
<trkpt lat="49.5874583" lon="0.2122467"><ele>33.54</ele></trkpt>
<trkpt lat="49.58749330000001" lon="0.2122217"><ele>34.2</ele></trkpt>
<trkpt lat="49.58753" lon="0.212195"><ele>34.58</ele></trkpt>
<trkpt lat="49.587555" lon="0.212175"><ele>34.48</ele></trkpt>
<trkpt lat="49.58758" lon="0.2121533"><ele>34.49</ele></trkpt>
<trkpt lat="49.5876133" lon="0.212125"><ele>34.26</ele></trkpt>
<trkpt lat="49.5876483" lon="0.2121017"><ele>34.71</ele></trkpt>
<trkpt lat="49.5876733" lon="0.212085"><ele>34.81</ele></trkpt>
<trkpt lat="49.5877017" lon="0.2120667"><ele>34.64</ele></trkpt>
<trkpt lat="49.58773" lon="0.2120567"><ele>34.67</ele></trkpt>
<trkpt lat="49.5877633" lon="0.212035"><ele>34.93</ele></trkpt>
<trkpt lat="49.58779" lon="0.21202"><ele>35.31</ele></trkpt>
<trkpt lat="49.5878167" lon="0.2120117"><ele>35.23</ele></trkpt>
<trkpt lat="49.58784500000001" lon="0.211995"><ele>34.95</ele></trkpt>
<trkpt lat="49.5878767" lon="0.2119817"><ele>34.85</ele></trkpt>
<trkpt lat="49.5879083" lon="0.2119583"><ele>34.32</ele></trkpt>
<trkpt lat="49.587945" lon="0.2119283"><ele>34.06</ele></trkpt>
<trkpt lat="49.587975" lon="0.2118983"><ele>34.51</ele></trkpt>
<trkpt lat="49.58800670000001" lon="0.2118683"><ele>34.95</ele></trkpt>
<trkpt lat="49.58803" lon="0.2118417"><ele>35.37</ele></trkpt>
<trkpt lat="49.588065" lon="0.2118183"><ele>35.72</ele></trkpt>
<trkpt lat="49.5880983" lon="0.2117967"><ele>36.41</ele></trkpt>
<trkpt lat="49.5881333" lon="0.2117717"><ele>36.75</ele></trkpt>
<trkpt lat="49.5881617" lon="0.2117467"><ele>37.15</ele></trkpt>
<trkpt lat="49.5881967" lon="0.21173"><ele>37.03</ele></trkpt>
<trkpt lat="49.5882233" lon="0.211715"><ele>37.48</ele></trkpt>
<trkpt lat="49.5882617" lon="0.2116917"><ele>37.66</ele></trkpt>
<trkpt lat="49.58829830000001" lon="0.2116733"><ele>37.44</ele></trkpt>
<trkpt lat="49.5883317" lon="0.211655"><ele>36.87</ele></trkpt>
<trkpt lat="49.5883683" lon="0.2116367"><ele>36.7</ele></trkpt>
<trkpt lat="49.5884067" lon="0.2116233"><ele>36.11</ele></trkpt>
<trkpt lat="49.58844" lon="0.2116083"><ele>35.74</ele></trkpt>
<trkpt lat="49.58847670000001" lon="0.21159"><ele>35.44</ele></trkpt>
<trkpt lat="49.58851499999999" lon="0.21158"><ele>34.46</ele></trkpt>
<trkpt lat="49.58855" lon="0.2115733"><ele>33.76</ele></trkpt>
<trkpt lat="49.588585" lon="0.2115717"><ele>33.27</ele></trkpt>
<trkpt lat="49.5886233" lon="0.211565"><ele>32.96</ele></trkpt>
<trkpt lat="49.5886567" lon="0.2115633"><ele>33.04</ele></trkpt>
<trkpt lat="49.5886917" lon="0.2115667"><ele>32.67</ele></trkpt>
<trkpt lat="49.58872670000001" lon="0.2115733"><ele>32.69</ele></trkpt>
<trkpt lat="49.58876169999999" lon="0.2115833"><ele>32.51</ele></trkpt>
<trkpt lat="49.58879830000001" lon="0.2116033"><ele>32.75</ele></trkpt>
<trkpt lat="49.5888317" lon="0.2116267"><ele>33.17</ele></trkpt>
<trkpt lat="49.58885829999999" lon="0.21164"><ele>33.37</ele></trkpt>
<trkpt lat="49.5888933" lon="0.21166"><ele>33.91</ele></trkpt>
<trkpt lat="49.58892669999999" lon="0.2116717"><ele>34.47</ele></trkpt>
<trkpt lat="49.58895999999999" lon="0.211695"><ele>35.37</ele></trkpt>
<trkpt lat="49.5889833" lon="0.21172"><ele>35.87</ele></trkpt>
<trkpt lat="49.5890067" lon="0.2117417"><ele>36</ele></trkpt>
<trkpt lat="49.58903669999999" lon="0.2117583"><ele>36.18</ele></trkpt>
<trkpt lat="49.5890683" lon="0.2117683"><ele>36.74</ele></trkpt>
<trkpt lat="49.5891017" lon="0.211765"><ele>37.08</ele></trkpt>
<trkpt lat="49.5891283" lon="0.2117783"><ele>37.14</ele></trkpt>
<trkpt lat="49.58915500000001" lon="0.2117867"><ele>37.58</ele></trkpt>
<trkpt lat="49.5891883" lon="0.2117967"><ele>38.75</ele></trkpt>
<trkpt lat="49.5892117" lon="0.2118217"><ele>39.29</ele></trkpt>
<trkpt lat="49.5892383" lon="0.2118417"><ele>39.94</ele></trkpt>
<trkpt lat="49.58926999999999" lon="0.2118767"><ele>40.82</ele></trkpt>
<trkpt lat="49.58930329999999" lon="0.2119133"><ele>41.25</ele></trkpt>
<trkpt lat="49.5893383" lon="0.2119267"><ele>42.11</ele></trkpt>
<trkpt lat="49.5893667" lon="0.2119383"><ele>43.25</ele></trkpt>
<trkpt lat="49.5893983" lon="0.211945"><ele>44.28</ele></trkpt>
<trkpt lat="49.589435" lon="0.211955"><ele>45.7</ele></trkpt>
<trkpt lat="49.5894733" lon="0.2119633"><ele>46.54</ele></trkpt>
<trkpt lat="49.5895117" lon="0.211965"><ele>47.05</ele></trkpt>
<trkpt lat="49.5895517" lon="0.2119633"><ele>47.48</ele></trkpt>
<trkpt lat="49.5895867" lon="0.21196"><ele>48.35</ele></trkpt>
<trkpt lat="49.589625" lon="0.21196"><ele>49.53999999999999</ele></trkpt>
<trkpt lat="49.58966329999999" lon="0.21196"><ele>49.98</ele></trkpt>
<trkpt lat="49.58970170000001" lon="0.2119617"><ele>50.34</ele></trkpt>
<trkpt lat="49.5897283" lon="0.2119683"><ele>50.62</ele></trkpt>
<trkpt lat="49.58977" lon="0.2119717"><ele>51.1</ele></trkpt>
<trkpt lat="49.58980329999999" lon="0.2119817"><ele>51.8</ele></trkpt>
<trkpt lat="49.58984" lon="0.2119833"><ele>52.5</ele></trkpt>
<trkpt lat="49.5898717" lon="0.21199"><ele>53.27</ele></trkpt>
<trkpt lat="49.5899067" lon="0.211995"><ele>54.09</ele></trkpt>
<trkpt lat="49.5899417" lon="0.2120083"><ele>54.53</ele></trkpt>
<trkpt lat="49.5899717" lon="0.2120133"><ele>55</ele></trkpt>
<trkpt lat="49.590005" lon="0.2120117"><ele>55.43</ele></trkpt>
<trkpt lat="49.59003670000001" lon="0.2120183"><ele>55.75999999999999</ele></trkpt>
<trkpt lat="49.5900633" lon="0.21203"><ele>55.96999999999999</ele></trkpt>
<trkpt lat="49.59009999999999" lon="0.2120433"><ele>56.2</ele></trkpt>
<trkpt lat="49.5901317" lon="0.2120617"><ele>56.64</ele></trkpt>
<trkpt lat="49.59016329999999" lon="0.2120733"><ele>56.86</ele></trkpt>
<trkpt lat="49.5901983" lon="0.2120783"><ele>57.25</ele></trkpt>
<trkpt lat="49.59023500000001" lon="0.212085"><ele>57.48</ele></trkpt>
<trkpt lat="49.59026169999999" lon="0.2120967"><ele>57.64999999999999</ele></trkpt>
<trkpt lat="49.5902967" lon="0.2121067"><ele>57.48999999999999</ele></trkpt>
<trkpt lat="49.5903267" lon="0.2121133"><ele>57.17</ele></trkpt>
<trkpt lat="49.5903633" lon="0.21212"><ele>56.57999999999999</ele></trkpt>
<trkpt lat="49.59039670000001" lon="0.212125"><ele>55.50999999999999</ele></trkpt>
<trkpt lat="49.59043" lon="0.21213"><ele>54.74</ele></trkpt>
<trkpt lat="49.5904667" lon="0.212145"><ele>54.16</ele></trkpt>
<trkpt lat="49.5905033" lon="0.2121567"><ele>53.56</ele></trkpt>
<trkpt lat="49.5905333" lon="0.212165"><ele>53.18</ele></trkpt>
<trkpt lat="49.59056170000001" lon="0.21217"><ele>53.07999999999999</ele></trkpt>
<trkpt lat="49.59059830000001" lon="0.2121833"><ele>53.18</ele></trkpt>
<trkpt lat="49.590635" lon="0.212195"><ele>53.24</ele></trkpt>
<trkpt lat="49.5906733" lon="0.2122083"><ele>52.86000000000001</ele></trkpt>
<trkpt lat="49.5907117" lon="0.21222"><ele>52.1</ele></trkpt>
<trkpt lat="49.5907483" lon="0.2122267"><ele>51.67</ele></trkpt>
<trkpt lat="49.5907833" lon="0.212235"><ele>50.73</ele></trkpt>
<trkpt lat="49.59081170000001" lon="0.2122433"><ele>49.73</ele></trkpt>
<trkpt lat="49.59084170000001" lon="0.21225"><ele>48.85</ele></trkpt>
<trkpt lat="49.5908783" lon="0.21226"><ele>48.73</ele></trkpt>
<trkpt lat="49.5909183" lon="0.2122867"><ele>48.78999999999999</ele></trkpt>
<trkpt lat="49.5909583" lon="0.2123"><ele>48.71999999999999</ele></trkpt>
<trkpt lat="49.5909867" lon="0.21231"><ele>48.39</ele></trkpt>
<trkpt lat="49.5910217" lon="0.2123283"><ele>47.99</ele></trkpt>
<trkpt lat="49.5910633" lon="0.2123483"><ele>47.96</ele></trkpt>
<trkpt lat="49.5910933" lon="0.212355"><ele>48.08</ele></trkpt>
<trkpt lat="49.5911217" lon="0.2123633"><ele>48.02</ele></trkpt>
<trkpt lat="49.59116330000001" lon="0.212375"><ele>47.92</ele></trkpt>
<trkpt lat="49.5911967" lon="0.2123817"><ele>47.74</ele></trkpt>
<trkpt lat="49.59123" lon="0.2123817"><ele>47.68</ele></trkpt>
<trkpt lat="49.5912583" lon="0.21239"><ele>47.69</ele></trkpt>
<trkpt lat="49.5912883" lon="0.212395"><ele>47.36</ele></trkpt>
<trkpt lat="49.5913217" lon="0.2124017"><ele>47.33</ele></trkpt>
<trkpt lat="49.5913567" lon="0.2124117"><ele>47.76</ele></trkpt>
<trkpt lat="49.5913917" lon="0.2124283"><ele>48.05</ele></trkpt>
<trkpt lat="49.5914233" lon="0.2124433"><ele>48.58</ele></trkpt>
<trkpt lat="49.59145170000001" lon="0.2124583"><ele>49.39</ele></trkpt>
<trkpt lat="49.5914783" lon="0.21247"><ele>50.01</ele></trkpt>
<trkpt lat="49.59151500000001" lon="0.2124783"><ele>50.60999999999999</ele></trkpt>
<trkpt lat="49.591545" lon="0.2124867"><ele>51.35999999999999</ele></trkpt>
<trkpt lat="49.59158" lon="0.2124933"><ele>51.76</ele></trkpt>
<trkpt lat="49.59161" lon="0.2125083"><ele>51.77</ele></trkpt>
<trkpt lat="49.59164" lon="0.21254"><ele>52.28</ele></trkpt>
<trkpt lat="49.5916683" lon="0.2125567"><ele>52.25</ele></trkpt>
<trkpt lat="49.591705" lon="0.2125733"><ele>51.89999999999999</ele></trkpt>
<trkpt lat="49.59173999999999" lon="0.21259"><ele>52.06</ele></trkpt>
<trkpt lat="49.5917767" lon="0.2126017"><ele>52.42</ele></trkpt>
<trkpt lat="49.5918133" lon="0.2126133"><ele>52.77</ele></trkpt>
<trkpt lat="49.5918517" lon="0.2126083"><ele>52.86000000000001</ele></trkpt>
<trkpt lat="49.5918917" lon="0.212605"><ele>53.07999999999999</ele></trkpt>
<trkpt lat="49.59192" lon="0.2125967"><ele>53.57</ele></trkpt>
<trkpt lat="49.591945" lon="0.212575"><ele>53.93</ele></trkpt>
<trkpt lat="49.5919733" lon="0.2125583"><ele>54.07</ele></trkpt>
<trkpt lat="49.5920017" lon="0.2125483"><ele>54.09</ele></trkpt>
<trkpt lat="49.5920317" lon="0.2125417"><ele>54.02</ele></trkpt>
<trkpt lat="49.59206170000001" lon="0.212535"><ele>54.14999999999999</ele></trkpt>
<trkpt lat="49.592095" lon="0.2125283"><ele>54.35</ele></trkpt>
<trkpt lat="49.5921317" lon="0.21252"><ele>54.13</ele></trkpt>
<trkpt lat="49.592165" lon="0.2125233"><ele>53.59</ele></trkpt>
<trkpt lat="49.592195" lon="0.2125267"><ele>53.03999999999999</ele></trkpt>
<trkpt lat="49.59223" lon="0.21253"><ele>52.73</ele></trkpt>
<trkpt lat="49.5922583" lon="0.21253"><ele>52.59</ele></trkpt>
<trkpt lat="49.5922883" lon="0.21255"><ele>52.42</ele></trkpt>
<trkpt lat="49.592315" lon="0.2125567"><ele>52</ele></trkpt>
<trkpt lat="49.5923517" lon="0.2125633"><ele>51.14999999999999</ele></trkpt>
<trkpt lat="49.592385" lon="0.212575"><ele>50.82</ele></trkpt>
<trkpt lat="49.5924117" lon="0.212585"><ele>50.46999999999999</ele></trkpt>
<trkpt lat="49.59244" lon="0.2125983"><ele>50.37</ele></trkpt>
<trkpt lat="49.592475" lon="0.2126167"><ele>50.96999999999999</ele></trkpt>
<trkpt lat="49.59250670000001" lon="0.2126317"><ele>51.53999999999999</ele></trkpt>
<trkpt lat="49.592535" lon="0.2126367"><ele>52.12</ele></trkpt>
<trkpt lat="49.592565" lon="0.2126517"><ele>52.59</ele></trkpt>
<trkpt lat="49.5925933" lon="0.2126667"><ele>52.66</ele></trkpt>
<trkpt lat="49.59262669999999" lon="0.21268"><ele>52.43</ele></trkpt>
<trkpt lat="49.5926617" lon="0.21269"><ele>51.77</ele></trkpt>
<trkpt lat="49.59269329999999" lon="0.2127033"><ele>51.59</ele></trkpt>
<trkpt lat="49.59273" lon="0.2127083"><ele>50.81</ele></trkpt>
<trkpt lat="49.59275670000001" lon="0.212715"><ele>50.39999999999999</ele></trkpt>
<trkpt lat="49.592785" lon="0.2127233"><ele>50.87</ele></trkpt>
<trkpt lat="49.5928233" lon="0.21273"><ele>51.3</ele></trkpt>
<trkpt lat="49.59286" lon="0.21272"><ele>51.24</ele></trkpt>
<trkpt lat="49.5928983" lon="0.2127"><ele>50.60999999999999</ele></trkpt>
<trkpt lat="49.5929317" lon="0.2126867"><ele>50.57</ele></trkpt>
<trkpt lat="49.5929667" lon="0.2126717"><ele>51.21</ele></trkpt>
<trkpt lat="49.593005" lon="0.2126533"><ele>51.71999999999999</ele></trkpt>
<trkpt lat="49.59304169999999" lon="0.21264"><ele>52.03999999999999</ele></trkpt>
<trkpt lat="49.5930683" lon="0.2126283"><ele>52.01</ele></trkpt>
<trkpt lat="49.593105" lon="0.212615"><ele>51.83</ele></trkpt>
<trkpt lat="49.5931417" lon="0.2126"><ele>51.43000000000001</ele></trkpt>
<trkpt lat="49.59317670000001" lon="0.21259"><ele>51.2</ele></trkpt>
<trkpt lat="49.59321000000001" lon="0.2125817"><ele>51.09</ele></trkpt>
<trkpt lat="49.5932433" lon="0.21258"><ele>50.24</ele></trkpt>
<trkpt lat="49.5932767" lon="0.21259"><ele>49.15</ele></trkpt>
<trkpt lat="49.5933067" lon="0.21261"><ele>47.72</ele></trkpt>
<trkpt lat="49.5933383" lon="0.212625"><ele>46.97999999999999</ele></trkpt>
<trkpt lat="49.5933683" lon="0.2126417"><ele>46.27</ele></trkpt>
<trkpt lat="49.5933983" lon="0.212655"><ele>45.81</ele></trkpt>
<trkpt lat="49.59343" lon="0.2126633"><ele>45.7</ele></trkpt>
<trkpt lat="49.5934617" lon="0.2126733"><ele>45.66</ele></trkpt>
<trkpt lat="49.59349499999999" lon="0.2126867"><ele>45.33</ele></trkpt>
<trkpt lat="49.59353" lon="0.2126983"><ele>45.04999999999999</ele></trkpt>
<trkpt lat="49.5935633" lon="0.2127117"><ele>44.44</ele></trkpt>
<trkpt lat="49.59359669999999" lon="0.2127267"><ele>43.45</ele></trkpt>
<trkpt lat="49.5936267" lon="0.21276"><ele>43.26</ele></trkpt>
<trkpt lat="49.59365669999999" lon="0.21279"><ele>43.15</ele></trkpt>
<trkpt lat="49.59368169999999" lon="0.212815"><ele>42.8</ele></trkpt>
<trkpt lat="49.5937117" lon="0.2128417"><ele>43.02</ele></trkpt>
<trkpt lat="49.59373170000001" lon="0.2128717"><ele>42.92</ele></trkpt>
<trkpt lat="49.59376" lon="0.2129017"><ele>42.98</ele></trkpt>
<trkpt lat="49.5937917" lon="0.2129317"><ele>42.63</ele></trkpt>
<trkpt lat="49.5938233" lon="0.2129617"><ele>42.3</ele></trkpt>
<trkpt lat="49.5938533" lon="0.2129967"><ele>42.1</ele></trkpt>
<trkpt lat="49.593875" lon="0.2130233"><ele>42.11</ele></trkpt>
<trkpt lat="49.5938983" lon="0.2130583"><ele>42.02</ele></trkpt>
<trkpt lat="49.593925" lon="0.2130983"><ele>41.92</ele></trkpt>
<trkpt lat="49.59395" lon="0.2131433"><ele>41.56</ele></trkpt>
<trkpt lat="49.5939733" lon="0.2131867"><ele>41.04</ele></trkpt>
<trkpt lat="49.5940017" lon="0.213225"><ele>40.56</ele></trkpt>
<trkpt lat="49.5940317" lon="0.2132633"><ele>40.23</ele></trkpt>
<trkpt lat="49.59405329999999" lon="0.2132917"><ele>40.26</ele></trkpt>
<trkpt lat="49.5940833" lon="0.21333"><ele>40.19</ele></trkpt>
<trkpt lat="49.59411329999999" lon="0.213365"><ele>40.07</ele></trkpt>
<trkpt lat="49.594145" lon="0.2133967"><ele>40.39</ele></trkpt>
<trkpt lat="49.594175" lon="0.2134383"><ele>40.76</ele></trkpt>
<trkpt lat="49.5942" lon="0.2134733"><ele>40.97</ele></trkpt>
<trkpt lat="49.594225" lon="0.213505"><ele>41.31</ele></trkpt>
<trkpt lat="49.59425" lon="0.2135383"><ele>41.73</ele></trkpt>
<trkpt lat="49.59427829999999" lon="0.2135717"><ele>41.94</ele></trkpt>
<trkpt lat="49.59431" lon="0.21361"><ele>42.15</ele></trkpt>
<trkpt lat="49.5943333" lon="0.2136517"><ele>42.48</ele></trkpt>
<trkpt lat="49.5943617" lon="0.21368"><ele>43.29</ele></trkpt>
<trkpt lat="49.59439" lon="0.2137117"><ele>43.9</ele></trkpt>
<trkpt lat="49.59441330000001" lon="0.2137433"><ele>44.4</ele></trkpt>
<trkpt lat="49.5944367" lon="0.2137817"><ele>44.84</ele></trkpt>
<trkpt lat="49.5944533" lon="0.2138267"><ele>45.11</ele></trkpt>
<trkpt lat="49.59446169999999" lon="0.2138767"><ele>45.56</ele></trkpt>
<trkpt lat="49.59445669999999" lon="0.2139233"><ele>45.67</ele></trkpt>
<trkpt lat="49.5944417" lon="0.213975"><ele>45.36</ele></trkpt>
<trkpt lat="49.59443999999999" lon="0.2140233"><ele>44.93</ele></trkpt>
<trkpt lat="49.59443830000001" lon="0.2140833"><ele>44.82</ele></trkpt>
<trkpt lat="49.5944333" lon="0.2141267"><ele>44.79</ele></trkpt>
<trkpt lat="49.59440499999999" lon="0.2141483"><ele>44.71</ele></trkpt>
<trkpt lat="49.5943967" lon="0.2140467"><ele>44.78</ele></trkpt>
<trkpt lat="49.5943733" lon="0.21411"><ele>44.12</ele></trkpt>
<trkpt lat="49.5943683" lon="0.214185"><ele>43.65</ele></trkpt>
<trkpt lat="49.59437" lon="0.21427"><ele>43.78</ele></trkpt>
<trkpt lat="49.59437999999999" lon="0.2143367"><ele>44.27</ele></trkpt>
<trkpt lat="49.59440170000001" lon="0.2144"><ele>45.34</ele></trkpt>
<trkpt lat="49.5944333" lon="0.2144733"><ele>46.81</ele></trkpt>
<trkpt lat="49.59446" lon="0.214525"><ele>47.98</ele></trkpt>
<trkpt lat="49.5944817" lon="0.214555"><ele>49.15</ele></trkpt>
<trkpt lat="49.5945067" lon="0.21459"><ele>50.21</ele></trkpt>
<trkpt lat="49.5945383" lon="0.214625"><ele>51.08</ele></trkpt>
<trkpt lat="49.594565" lon="0.2146617"><ele>51.8</ele></trkpt>
<trkpt lat="49.59459" lon="0.2146917"><ele>52.16</ele></trkpt>
<trkpt lat="49.5946083" lon="0.214725"><ele>52.5</ele></trkpt>
<trkpt lat="49.59463499999999" lon="0.2147683"><ele>52.67</ele></trkpt>
<trkpt lat="49.594655" lon="0.2148033"><ele>52.91</ele></trkpt>
<trkpt lat="49.59467670000001" lon="0.2148533"><ele>52.98</ele></trkpt>
<trkpt lat="49.5946867" lon="0.2149117"><ele>52.73</ele></trkpt>
<trkpt lat="49.5946967" lon="0.2149533"><ele>51.94</ele></trkpt>
<trkpt lat="49.5947033" lon="0.2150017"><ele>51.03999999999999</ele></trkpt>
<trkpt lat="49.59470170000001" lon="0.2150583"><ele>50.2</ele></trkpt>
<trkpt lat="49.594705" lon="0.21511"><ele>49.21999999999999</ele></trkpt>
<trkpt lat="49.5947067" lon="0.2151667"><ele>48.38</ele></trkpt>
<trkpt lat="49.5947033" lon="0.2152117"><ele>47.9</ele></trkpt>
<trkpt lat="49.5947067" lon="0.2152533"><ele>47.54</ele></trkpt>
<trkpt lat="49.594705" lon="0.2153067"><ele>46.88</ele></trkpt>
<trkpt lat="49.59471000000001" lon="0.2153483"><ele>46.13</ele></trkpt>
<trkpt lat="49.59471000000001" lon="0.2153967"><ele>45.83</ele></trkpt>
<trkpt lat="49.59471000000001" lon="0.2154517"><ele>45.7</ele></trkpt>
<trkpt lat="49.5947067" lon="0.215515"><ele>45.34</ele></trkpt>
<trkpt lat="49.594705" lon="0.2155717"><ele>45.28</ele></trkpt>
<trkpt lat="49.5947033" lon="0.2156133"><ele>45.52</ele></trkpt>
<trkpt lat="49.59470170000001" lon="0.2156583"><ele>45.76</ele></trkpt>
<trkpt lat="49.5947033" lon="0.2157017"><ele>45.94</ele></trkpt>
<trkpt lat="49.5946983" lon="0.215765"><ele>45.8</ele></trkpt>
<trkpt lat="49.5946983" lon="0.2158217"><ele>45.53</ele></trkpt>
<trkpt lat="49.5946917" lon="0.2158667"><ele>45.3</ele></trkpt>
<trkpt lat="49.59468830000001" lon="0.215915"><ele>45.19</ele></trkpt>
<trkpt lat="49.59468500000001" lon="0.2159683"><ele>45.42</ele></trkpt>
<trkpt lat="49.5946783" lon="0.21601"><ele>45.48</ele></trkpt>
<trkpt lat="49.59467" lon="0.2160533"><ele>45.39</ele></trkpt>
<trkpt lat="49.5946617" lon="0.2161133"><ele>45.29</ele></trkpt>
<trkpt lat="49.59465169999999" lon="0.21617"><ele>45.92</ele></trkpt>
<trkpt lat="49.59463829999999" lon="0.216225"><ele>46.8</ele></trkpt>
<trkpt lat="49.5946283" lon="0.216285"><ele>47.72</ele></trkpt>
<trkpt lat="49.59462500000001" lon="0.2163317"><ele>47.88</ele></trkpt>
<trkpt lat="49.5946117" lon="0.216375"><ele>47.88</ele></trkpt>
<trkpt lat="49.5946017" lon="0.216425"><ele>48.66</ele></trkpt>
<trkpt lat="49.59459170000001" lon="0.2164833"><ele>49.28</ele></trkpt>
<trkpt lat="49.5945867" lon="0.21654"><ele>49.60999999999999</ele></trkpt>
<trkpt lat="49.59458" lon="0.2165933"><ele>49.87</ele></trkpt>
<trkpt lat="49.59457829999999" lon="0.2166367"><ele>49.98</ele></trkpt>
<trkpt lat="49.5945717" lon="0.2166933"><ele>50.31</ele></trkpt>
<trkpt lat="49.59456" lon="0.2167467"><ele>50.71</ele></trkpt>
<trkpt lat="49.5945517" lon="0.216805"><ele>50.96999999999999</ele></trkpt>
<trkpt lat="49.5945433" lon="0.2168517"><ele>50.8</ele></trkpt>
<trkpt lat="49.59453670000001" lon="0.2168967"><ele>50.78999999999999</ele></trkpt>
<trkpt lat="49.5945333" lon="0.2169383"><ele>50.53</ele></trkpt>
<trkpt lat="49.5945267" lon="0.2169917"><ele>50.26</ele></trkpt>
<trkpt lat="49.59452" lon="0.2170483"><ele>50.38</ele></trkpt>
<trkpt lat="49.5945183" lon="0.2170917"><ele>50.55</ele></trkpt>
<trkpt lat="49.59452" lon="0.2171483"><ele>50.16</ele></trkpt>
<trkpt lat="49.59452330000001" lon="0.2172067"><ele>50.00000000000001</ele></trkpt>
<trkpt lat="49.5945267" lon="0.2172517"><ele>49.92</ele></trkpt>
<trkpt lat="49.5945333" lon="0.2173067"><ele>50.14</ele></trkpt>
<trkpt lat="49.5945467" lon="0.2173583"><ele>50.35</ele></trkpt>
<trkpt lat="49.59456" lon="0.21741"><ele>50.32</ele></trkpt>
<trkpt lat="49.5945733" lon="0.217455"><ele>50.21999999999999</ele></trkpt>
<trkpt lat="49.5945867" lon="0.2174967"><ele>49.82</ele></trkpt>
<trkpt lat="49.5945883" lon="0.2175483"><ele>49.98</ele></trkpt>
<trkpt lat="49.5945983" lon="0.2175967"><ele>49.92</ele></trkpt>
<trkpt lat="49.5946133" lon="0.2176433"><ele>49.73</ele></trkpt>
<trkpt lat="49.5946233" lon="0.2176833"><ele>49.53</ele></trkpt>
<trkpt lat="49.5946333" lon="0.2177283"><ele>49.17</ele></trkpt>
<trkpt lat="49.59464" lon="0.21777"><ele>48.77</ele></trkpt>
<trkpt lat="49.5946467" lon="0.2178283"><ele>48.6</ele></trkpt>
<trkpt lat="49.5946567" lon="0.2178883"><ele>48.24</ele></trkpt>
<trkpt lat="49.594665" lon="0.217945"><ele>47.95</ele></trkpt>
<trkpt lat="49.59468500000001" lon="0.2179983"><ele>47.89</ele></trkpt>
<trkpt lat="49.5947" lon="0.2180483"><ele>47.36</ele></trkpt>
<trkpt lat="49.59471499999999" lon="0.2180867"><ele>46.7</ele></trkpt>
<trkpt lat="49.594725" lon="0.2181283"><ele>46.28</ele></trkpt>
<trkpt lat="49.594735" lon="0.2181867"><ele>46.75</ele></trkpt>
<trkpt lat="49.59473999999999" lon="0.2182417"><ele>47.62</ele></trkpt>
<trkpt lat="49.5947567" lon="0.21829"><ele>48.03</ele></trkpt>
<trkpt lat="49.59477" lon="0.2183433"><ele>48.11</ele></trkpt>
<trkpt lat="49.59478670000001" lon="0.2183967"><ele>48.11</ele></trkpt>
<trkpt lat="49.59479999999999" lon="0.2184567"><ele>48.06</ele></trkpt>
<trkpt lat="49.5948117" lon="0.2185"><ele>48.08</ele></trkpt>
<trkpt lat="49.59482" lon="0.2185417"><ele>48.18</ele></trkpt>
<trkpt lat="49.5948317" lon="0.218595"><ele>48.17</ele></trkpt>
<trkpt lat="49.5948367" lon="0.21865"><ele>47.7</ele></trkpt>
<trkpt lat="49.59484670000001" lon="0.2187017"><ele>47.12</ele></trkpt>
<trkpt lat="49.5948533" lon="0.218755"><ele>47.01</ele></trkpt>
<trkpt lat="49.5948633" lon="0.218805"><ele>47.07</ele></trkpt>
<trkpt lat="49.5948767" lon="0.21886"><ele>46.92</ele></trkpt>
<trkpt lat="49.5948867" lon="0.2189167"><ele>46.53</ele></trkpt>
<trkpt lat="49.594895" lon="0.2189733"><ele>45.97</ele></trkpt>
<trkpt lat="49.5949033" lon="0.2190333"><ele>45.72</ele></trkpt>
<trkpt lat="49.5949117" lon="0.2190917"><ele>45.41</ele></trkpt>
<trkpt lat="49.5949183" lon="0.2191533"><ele>45.37</ele></trkpt>
<trkpt lat="49.59492" lon="0.219195"><ele>45.08</ele></trkpt>
<trkpt lat="49.5949217" lon="0.2192383"><ele>44.83</ele></trkpt>
<trkpt lat="49.5949233" lon="0.2192933"><ele>44.6</ele></trkpt>
<trkpt lat="49.594925" lon="0.219355"><ele>44.43</ele></trkpt>
<trkpt lat="49.59492669999999" lon="0.2194133"><ele>44.37</ele></trkpt>
<trkpt lat="49.5949317" lon="0.219465"><ele>44.67</ele></trkpt>
<trkpt lat="49.5949367" lon="0.21952"><ele>44.95</ele></trkpt>
<trkpt lat="49.5949433" lon="0.2195683"><ele>45.17</ele></trkpt>
<trkpt lat="49.59495" lon="0.219615"><ele>45.37</ele></trkpt>
<trkpt lat="49.594955" lon="0.2196683"><ele>45.41</ele></trkpt>
<trkpt lat="49.594955" lon="0.2197183"><ele>45.55</ele></trkpt>
<trkpt lat="49.5949533" lon="0.2197717"><ele>45.75</ele></trkpt>
<trkpt lat="49.5949533" lon="0.219825"><ele>46.02</ele></trkpt>
<trkpt lat="49.5949533" lon="0.219875"><ele>46.51</ele></trkpt>
<trkpt lat="49.594955" lon="0.2199283"><ele>46.68</ele></trkpt>
<trkpt lat="49.5949567" lon="0.219985"><ele>46.78</ele></trkpt>
<trkpt lat="49.5949617" lon="0.22004"><ele>46.7</ele></trkpt>
<trkpt lat="49.59496330000001" lon="0.2200983"><ele>46.61</ele></trkpt>
<trkpt lat="49.5949667" lon="0.22014"><ele>46.59</ele></trkpt>
<trkpt lat="49.5949667" lon="0.2201833"><ele>46.68</ele></trkpt>
<trkpt lat="49.59496830000001" lon="0.2202433"><ele>46.95</ele></trkpt>
<trkpt lat="49.59497" lon="0.2203"><ele>46.9</ele></trkpt>
<trkpt lat="49.59497329999999" lon="0.2203583"><ele>46.89</ele></trkpt>
<trkpt lat="49.594975" lon="0.2204133"><ele>46.49</ele></trkpt>
<trkpt lat="49.5949783" lon="0.2204683"><ele>45.75</ele></trkpt>
<trkpt lat="49.59498669999999" lon="0.22052"><ele>46.16</ele></trkpt>
<trkpt lat="49.5949967" lon="0.220575"><ele>46.14</ele></trkpt>
<trkpt lat="49.5950033" lon="0.220635"><ele>45.93</ele></trkpt>
<trkpt lat="49.5950083" lon="0.2206767"><ele>45.62</ele></trkpt>
<trkpt lat="49.5950167" lon="0.2207317"><ele>45.34</ele></trkpt>
<trkpt lat="49.595025" lon="0.2207883"><ele>44.84</ele></trkpt>
<trkpt lat="49.59503670000001" lon="0.2208433"><ele>44.89</ele></trkpt>
<trkpt lat="49.59504500000001" lon="0.2208983"><ele>44.96</ele></trkpt>
<trkpt lat="49.5950567" lon="0.2209467"><ele>45.43</ele></trkpt>
<trkpt lat="49.59507169999999" lon="0.2210017"><ele>45.88</ele></trkpt>
<trkpt lat="49.59508329999999" lon="0.221045"><ele>46.59</ele></trkpt>
<trkpt lat="49.5950917" lon="0.22109"><ele>46.97</ele></trkpt>
<trkpt lat="49.5951" lon="0.2211483"><ele>46.9</ele></trkpt>
<trkpt lat="49.59511" lon="0.2212067"><ele>46.66</ele></trkpt>
<trkpt lat="49.59512" lon="0.2212617"><ele>46.78</ele></trkpt>
<trkpt lat="49.5951283" lon="0.221315"><ele>47.37</ele></trkpt>
<trkpt lat="49.59514" lon="0.2213683"><ele>47.84</ele></trkpt>
<trkpt lat="49.59515" lon="0.2214083"><ele>48.28</ele></trkpt>
<trkpt lat="49.5951633" lon="0.22146"><ele>48.71999999999999</ele></trkpt>
<trkpt lat="49.5951783" lon="0.2215183"><ele>48.85</ele></trkpt>
<trkpt lat="49.5951833" lon="0.22156"><ele>48.95</ele></trkpt>
<trkpt lat="49.59519" lon="0.2216017"><ele>49.15</ele></trkpt>
<trkpt lat="49.5952" lon="0.221655"><ele>49.26</ele></trkpt>
<trkpt lat="49.59521000000001" lon="0.2217083"><ele>49.59</ele></trkpt>
<trkpt lat="49.59522" lon="0.221765"><ele>49.67999999999999</ele></trkpt>
<trkpt lat="49.5952283" lon="0.221805"><ele>49.83</ele></trkpt>
<trkpt lat="49.59524" lon="0.221855"><ele>49.78999999999999</ele></trkpt>
<trkpt lat="49.5952517" lon="0.2219083"><ele>49.76</ele></trkpt>
<trkpt lat="49.5952633" lon="0.2219683"><ele>49.56</ele></trkpt>
<trkpt lat="49.595275" lon="0.2220233"><ele>49.07</ele></trkpt>
<trkpt lat="49.5952833" lon="0.2220633"><ele>48.71999999999999</ele></trkpt>
<trkpt lat="49.5952933" lon="0.2221167"><ele>48.53</ele></trkpt>
<trkpt lat="49.5953" lon="0.222165"><ele>47.93</ele></trkpt>
<trkpt lat="49.5953067" lon="0.2222067"><ele>47.32</ele></trkpt>
<trkpt lat="49.59531670000001" lon="0.2222483"><ele>47</ele></trkpt>
<trkpt lat="49.595335" lon="0.2223"><ele>47.27</ele></trkpt>
<trkpt lat="49.59535" lon="0.2223533"><ele>46.96</ele></trkpt>
<trkpt lat="49.59536" lon="0.2224083"><ele>46.84</ele></trkpt>
<trkpt lat="49.5953733" lon="0.2224667"><ele>47.24</ele></trkpt>
<trkpt lat="49.5953817" lon="0.2225067"><ele>47.42</ele></trkpt>
<trkpt lat="49.5953933" lon="0.2225667"><ele>47.77</ele></trkpt>
<trkpt lat="49.59540830000001" lon="0.2226033"><ele>47.81</ele></trkpt>
<trkpt lat="49.595425" lon="0.222655"><ele>47.88</ele></trkpt>
<trkpt lat="49.5954367" lon="0.222705"><ele>48.31</ele></trkpt>
<trkpt lat="49.59545" lon="0.2227567"><ele>48.34</ele></trkpt>
<trkpt lat="49.5954717" lon="0.2227983"><ele>48.38</ele></trkpt>
<trkpt lat="49.59548170000001" lon="0.2228383"><ele>48.41</ele></trkpt>
<trkpt lat="49.5955017" lon="0.2228883"><ele>48.58</ele></trkpt>
<trkpt lat="49.5955233" lon="0.2229383"><ele>48.51</ele></trkpt>
<trkpt lat="49.5955433" lon="0.22299"><ele>48.44</ele></trkpt>
<trkpt lat="49.59556" lon="0.223035"><ele>48.13</ele></trkpt>
<trkpt lat="49.5955767" lon="0.2230717"><ele>48.09</ele></trkpt>
<trkpt lat="49.59559500000001" lon="0.2231067"><ele>48.16</ele></trkpt>
<trkpt lat="49.5956117" lon="0.2231483"><ele>48.12</ele></trkpt>
<trkpt lat="49.5956267" lon="0.2231917"><ele>47.87</ele></trkpt>
<trkpt lat="49.5956367" lon="0.2232417"><ele>48.46</ele></trkpt>
<trkpt lat="49.5956483" lon="0.2232867"><ele>48.61</ele></trkpt>
<trkpt lat="49.59566" lon="0.2233467"><ele>48.46999999999999</ele></trkpt>
<trkpt lat="49.595675" lon="0.223385"><ele>48.58</ele></trkpt>
<trkpt lat="49.5956917" lon="0.2234383"><ele>48.75000000000001</ele></trkpt>
<trkpt lat="49.59570669999999" lon="0.2234867"><ele>48.43</ele></trkpt>
<trkpt lat="49.5957233" lon="0.22354"><ele>47.96999999999999</ele></trkpt>
<trkpt lat="49.59574330000001" lon="0.2235833"><ele>47.63</ele></trkpt>
<trkpt lat="49.59576" lon="0.22363"><ele>47.69</ele></trkpt>
<trkpt lat="49.59577829999999" lon="0.22368"><ele>47.74</ele></trkpt>
<trkpt lat="49.595795" lon="0.2237317"><ele>47.79</ele></trkpt>
<trkpt lat="49.5958117" lon="0.2237833"><ele>47.08</ele></trkpt>
<trkpt lat="49.5958267" lon="0.2238383"><ele>46.61</ele></trkpt>
<trkpt lat="49.5958367" lon="0.2238783"><ele>46.36</ele></trkpt>
<trkpt lat="49.5958483" lon="0.2239283"><ele>45.91</ele></trkpt>
<trkpt lat="49.5958617" lon="0.2239767"><ele>45.99</ele></trkpt>
<trkpt lat="49.5958733" lon="0.2240317"><ele>45.9</ele></trkpt>
<trkpt lat="49.5958833" lon="0.2240733"><ele>45.89</ele></trkpt>
<trkpt lat="49.595895" lon="0.2241283"><ele>45.79</ele></trkpt>
<trkpt lat="49.59590500000001" lon="0.2241767"><ele>46.28</ele></trkpt>
<trkpt lat="49.5959183" lon="0.2242333"><ele>46.55</ele></trkpt>
<trkpt lat="49.59592670000001" lon="0.2242733"><ele>46.82</ele></trkpt>
<trkpt lat="49.595935" lon="0.224315"><ele>46.81</ele></trkpt>
<trkpt lat="49.5959483" lon="0.2243733"><ele>46.79</ele></trkpt>
<trkpt lat="49.59596" lon="0.22443"><ele>47.3</ele></trkpt>
<trkpt lat="49.595975" lon="0.22448"><ele>47.92</ele></trkpt>
<trkpt lat="49.59599000000001" lon="0.2245317"><ele>48.36</ele></trkpt>
<trkpt lat="49.5960017" lon="0.2245717"><ele>48.65</ele></trkpt>
<trkpt lat="49.5960133" lon="0.2246117"><ele>48.63</ele></trkpt>
<trkpt lat="49.5960217" lon="0.2246583"><ele>48.4</ele></trkpt>
<trkpt lat="49.5960367" lon="0.2247033"><ele>48.39</ele></trkpt>
<trkpt lat="49.59604999999999" lon="0.22474"><ele>48.46</ele></trkpt>
<trkpt lat="49.5960617" lon="0.2247783"><ele>48.81</ele></trkpt>
<trkpt lat="49.5960767" lon="0.2248283"><ele>48.89</ele></trkpt>
<trkpt lat="49.59609170000001" lon="0.224875"><ele>48.85999999999999</ele></trkpt>
<trkpt lat="49.5961083" lon="0.2249233"><ele>48.89</ele></trkpt>
<trkpt lat="49.596125" lon="0.2249633"><ele>49.31</ele></trkpt>
<trkpt lat="49.5961433" lon="0.225005"><ele>49.99</ele></trkpt>
<trkpt lat="49.59616329999999" lon="0.2250533"><ele>50.74</ele></trkpt>
<trkpt lat="49.5961833" lon="0.2250967"><ele>51.49</ele></trkpt>
<trkpt lat="49.59620170000001" lon="0.2251367"><ele>52.28999999999999</ele></trkpt>
<trkpt lat="49.5962183" lon="0.2251783"><ele>52.99</ele></trkpt>
<trkpt lat="49.596235" lon="0.225225"><ele>53.27</ele></trkpt>
<trkpt lat="49.59625" lon="0.22527"><ele>53.41</ele></trkpt>
<trkpt lat="49.59626170000001" lon="0.2253217"><ele>53.14</ele></trkpt>
<trkpt lat="49.5962683" lon="0.2253667"><ele>52.57</ele></trkpt>
<trkpt lat="49.5962767" lon="0.225425"><ele>52.09</ele></trkpt>
<trkpt lat="49.59628" lon="0.2254733"><ele>51.13</ele></trkpt>
<trkpt lat="49.59627330000001" lon="0.2255317"><ele>50.57</ele></trkpt>
<trkpt lat="49.59626500000001" lon="0.2255883"><ele>49.96999999999999</ele></trkpt>
<trkpt lat="49.5962567" lon="0.2256467"><ele>49.92999999999999</ele></trkpt>
<trkpt lat="49.5962467" lon="0.2257"><ele>50.34</ele></trkpt>
<trkpt lat="49.5962317" lon="0.22575"><ele>50.64999999999999</ele></trkpt>
<trkpt lat="49.59622329999999" lon="0.2257983"><ele>50.71</ele></trkpt>
<trkpt lat="49.59621330000001" lon="0.2258517"><ele>50.45</ele></trkpt>
<trkpt lat="49.596205" lon="0.2258917"><ele>50.3</ele></trkpt>
<trkpt lat="49.5961983" lon="0.225935"><ele>50.45</ele></trkpt>
<trkpt lat="49.5961917" lon="0.2259783"><ele>50.39</ele></trkpt>
<trkpt lat="49.59618500000001" lon="0.2260367"><ele>50.39</ele></trkpt>
<trkpt lat="49.59618" lon="0.2260817"><ele>50.23</ele></trkpt>
<trkpt lat="49.5961733" lon="0.22613"><ele>50.08</ele></trkpt>
<trkpt lat="49.5961617" lon="0.226175"><ele>50.28</ele></trkpt>
<trkpt lat="49.5961533" lon="0.2262283"><ele>50.73</ele></trkpt>
<trkpt lat="49.5961467" lon="0.2262867"><ele>50.89</ele></trkpt>
<trkpt lat="49.59613499999999" lon="0.226335"><ele>50.99</ele></trkpt>
<trkpt lat="49.5961233" lon="0.22639"><ele>50.89999999999999</ele></trkpt>
<trkpt lat="49.596115" lon="0.2264333"><ele>50.91</ele></trkpt>
<trkpt lat="49.59610330000001" lon="0.2264883"><ele>50.87</ele></trkpt>
<trkpt lat="49.5960933" lon="0.2265433"><ele>50.71999999999999</ele></trkpt>
<trkpt lat="49.596085" lon="0.2265933"><ele>50.34</ele></trkpt>
<trkpt lat="49.59607500000001" lon="0.22664"><ele>50.26</ele></trkpt>
<trkpt lat="49.5960617" lon="0.226695"><ele>50.21999999999999</ele></trkpt>
<trkpt lat="49.5960517" lon="0.22675"><ele>50.28</ele></trkpt>
<trkpt lat="49.59604" lon="0.2268017"><ele>50.13</ele></trkpt>
<trkpt lat="49.5960333" lon="0.226845"><ele>49.84</ele></trkpt>
<trkpt lat="49.59602330000001" lon="0.2268983"><ele>50.21999999999999</ele></trkpt>
<trkpt lat="49.5960083" lon="0.22695"><ele>50.28999999999999</ele></trkpt>
<trkpt lat="49.5959967" lon="0.2270033"><ele>50.57</ele></trkpt>
<trkpt lat="49.5959867" lon="0.2270583"><ele>50.43000000000001</ele></trkpt>
<trkpt lat="49.59597" lon="0.2271117"><ele>50.39</ele></trkpt>
<trkpt lat="49.59596169999999" lon="0.2271617"><ele>49.96999999999999</ele></trkpt>
<trkpt lat="49.5959467" lon="0.22721"><ele>49.96</ele></trkpt>
<trkpt lat="49.5959333" lon="0.2272667"><ele>50.10999999999999</ele></trkpt>
<trkpt lat="49.5959167" lon="0.22732"><ele>50.06</ele></trkpt>
<trkpt lat="49.59590500000001" lon="0.2273817"><ele>50.53999999999999</ele></trkpt>
<trkpt lat="49.5958983" lon="0.2274417"><ele>50.84</ele></trkpt>
<trkpt lat="49.595895" lon="0.2274833"><ele>50.73</ele></trkpt>
<trkpt lat="49.5958817" lon="0.2275383"><ele>51.3</ele></trkpt>
<trkpt lat="49.59587" lon="0.2275933"><ele>51.67</ele></trkpt>
<trkpt lat="49.59585499999999" lon="0.2276433"><ele>51.5</ele></trkpt>
<trkpt lat="49.5958433" lon="0.2276917"><ele>51.91</ele></trkpt>
<trkpt lat="49.59582830000001" lon="0.22774"><ele>52.17</ele></trkpt>
<trkpt lat="49.59581670000001" lon="0.22778"><ele>52.05</ele></trkpt>
<trkpt lat="49.5958083" lon="0.22782"><ele>51.51</ele></trkpt>
<trkpt lat="49.5957967" lon="0.2278733"><ele>51.33</ele></trkpt>
<trkpt lat="49.5957833" lon="0.2279283"><ele>50.49</ele></trkpt>
<trkpt lat="49.5957717" lon="0.2279783"><ele>49.91</ele></trkpt>
<trkpt lat="49.5957583" lon="0.2280317"><ele>49.32</ele></trkpt>
<trkpt lat="49.59575" lon="0.2280717"><ele>49.15</ele></trkpt>
<trkpt lat="49.5957367" lon="0.2281083"><ele>48.91</ele></trkpt>
<trkpt lat="49.5957133" lon="0.2281517"><ele>48.87</ele></trkpt>
<trkpt lat="49.595695" lon="0.228195"><ele>48.78999999999999</ele></trkpt>
<trkpt lat="49.595675" lon="0.22825"><ele>48.59</ele></trkpt>
<trkpt lat="49.5956517" lon="0.228295"><ele>48.14</ele></trkpt>
<trkpt lat="49.5956283" lon="0.228325"><ele>47.81</ele></trkpt>
<trkpt lat="49.5956067" lon="0.2283683"><ele>48.05</ele></trkpt>
<trkpt lat="49.59559" lon="0.2284183"><ele>48.56</ele></trkpt>
<trkpt lat="49.5955717" lon="0.2284633"><ele>48.49</ele></trkpt>
<trkpt lat="49.5955483" lon="0.2285067"><ele>48.62</ele></trkpt>
<trkpt lat="49.5955317" lon="0.22854"><ele>48.99</ele></trkpt>
<trkpt lat="49.5955117" lon="0.2285883"><ele>49.42</ele></trkpt>
<trkpt lat="49.5954833" lon="0.228625"><ele>50.39999999999999</ele></trkpt>
<trkpt lat="49.5954633" lon="0.2286667"><ele>51.23</ele></trkpt>
<trkpt lat="49.5954367" lon="0.2287133"><ele>51.62</ele></trkpt>
<trkpt lat="49.5954133" lon="0.2287567"><ele>52.75</ele></trkpt>
<trkpt lat="49.5953883" lon="0.22881"><ele>53.82999999999999</ele></trkpt>
<trkpt lat="49.59537" lon="0.228845"><ele>54.55</ele></trkpt>
<trkpt lat="49.59535" lon="0.2288733"><ele>55.09000000000001</ele></trkpt>
<trkpt lat="49.5953317" lon="0.2289117"><ele>55.36</ele></trkpt>
<trkpt lat="49.59531670000001" lon="0.22896"><ele>55.74</ele></trkpt>
<trkpt lat="49.5952967" lon="0.2290133"><ele>56.14</ele></trkpt>
<trkpt lat="49.5952817" lon="0.2290483"><ele>56.57999999999999</ele></trkpt>
<trkpt lat="49.59526169999999" lon="0.2290983"><ele>56.7</ele></trkpt>
<trkpt lat="49.59524330000001" lon="0.2291433"><ele>56.68999999999999</ele></trkpt>
<trkpt lat="49.5952217" lon="0.2291867"><ele>56.98</ele></trkpt>
<trkpt lat="49.5952033" lon="0.2292367"><ele>57.28</ele></trkpt>
<trkpt lat="49.5951883" lon="0.2292867"><ele>57.42</ele></trkpt>
<trkpt lat="49.5951733" lon="0.2293383"><ele>57.93999999999999</ele></trkpt>
<trkpt lat="49.5951533" lon="0.229385"><ele>58.50999999999999</ele></trkpt>
<trkpt lat="49.5951317" lon="0.2294333"><ele>57.89999999999999</ele></trkpt>
<trkpt lat="49.595115" lon="0.229475"><ele>57.32</ele></trkpt>
<trkpt lat="49.5950983" lon="0.2295267"><ele>57.22000000000001</ele></trkpt>
<trkpt lat="49.595085" lon="0.229575"><ele>56.66</ele></trkpt>
<trkpt lat="49.59507330000001" lon="0.2296267"><ele>56.43</ele></trkpt>
<trkpt lat="49.5950633" lon="0.229675"><ele>56.11</ele></trkpt>
<trkpt lat="49.5950517" lon="0.22973"><ele>55.93</ele></trkpt>
<trkpt lat="49.5950417" lon="0.2297867"><ele>55.82</ele></trkpt>
<trkpt lat="49.595035" lon="0.2298417"><ele>55.61</ele></trkpt>
<trkpt lat="49.5950283" lon="0.2298983"><ele>55.34000000000001</ele></trkpt>
<trkpt lat="49.59502000000001" lon="0.2299517"><ele>55.34000000000001</ele></trkpt>
<trkpt lat="49.5950133" lon="0.2299967"><ele>55.69</ele></trkpt>
<trkpt lat="49.59501" lon="0.2300533"><ele>56.05</ele></trkpt>
<trkpt lat="49.5950067" lon="0.2301"><ele>56.61</ele></trkpt>
<trkpt lat="49.595025" lon="0.23014"><ele>54.96</ele></trkpt>
<trkpt lat="49.5950283" lon="0.230185"><ele>54.07</ele></trkpt>
<trkpt lat="49.5950283" lon="0.23024"><ele>53.46</ele></trkpt>
<trkpt lat="49.5950283" lon="0.2303017"><ele>52.96</ele></trkpt>
<trkpt lat="49.5950283" lon="0.230345"><ele>52.64999999999999</ele></trkpt>
<trkpt lat="49.5950283" lon="0.23039"><ele>52.57999999999999</ele></trkpt>
<trkpt lat="49.5950317" lon="0.2304467"><ele>52.94</ele></trkpt>
<trkpt lat="49.59503" lon="0.2304983"><ele>53.02</ele></trkpt>
<trkpt lat="49.5950267" lon="0.230545"><ele>53.25</ele></trkpt>
<trkpt lat="49.5950267" lon="0.2305883"><ele>53.28999999999999</ele></trkpt>
<trkpt lat="49.59503" lon="0.23063"><ele>53.28999999999999</ele></trkpt>
<trkpt lat="49.595035" lon="0.230685"><ele>53.39</ele></trkpt>
<trkpt lat="49.59503670000001" lon="0.2307417"><ele>53.55</ele></trkpt>
<trkpt lat="49.5950267" lon="0.230795"><ele>53.82</ele></trkpt>
<trkpt lat="49.5950217" lon="0.23085"><ele>53.89999999999999</ele></trkpt>
<trkpt lat="49.59502000000001" lon="0.2308917"><ele>53.8</ele></trkpt>
<trkpt lat="49.59502329999999" lon="0.2309333"><ele>53.43</ele></trkpt>
<trkpt lat="49.5950283" lon="0.2309767"><ele>53.05</ele></trkpt>
<trkpt lat="49.595035" lon="0.2310333"><ele>52.96999999999999</ele></trkpt>
<trkpt lat="49.5950383" lon="0.2310867"><ele>53.11000000000001</ele></trkpt>
<trkpt lat="49.5950383" lon="0.2311383"><ele>53.19</ele></trkpt>
<trkpt lat="49.59503670000001" lon="0.2311917"><ele>53.35</ele></trkpt>
<trkpt lat="49.5950383" lon="0.2312533"><ele>53.75</ele></trkpt>
<trkpt lat="49.59504" lon="0.2313083"><ele>53.78999999999999</ele></trkpt>
<trkpt lat="49.59504" lon="0.231365"><ele>53.78999999999999</ele></trkpt>
<trkpt lat="49.5950417" lon="0.2314067"><ele>53.7</ele></trkpt>
<trkpt lat="49.5950417" lon="0.2314683"><ele>53.67</ele></trkpt>
<trkpt lat="49.59504" lon="0.2315217"><ele>54.12</ele></trkpt>
<trkpt lat="49.59504" lon="0.2315783"><ele>54.46</ele></trkpt>
<trkpt lat="49.59504" lon="0.23164"><ele>54.46999999999999</ele></trkpt>
<trkpt lat="49.5950467" lon="0.2316833"><ele>54.49</ele></trkpt>
<trkpt lat="49.5950467" lon="0.2317383"><ele>54.75</ele></trkpt>
<trkpt lat="49.59504500000001" lon="0.2317983"><ele>55.14</ele></trkpt>
<trkpt lat="49.5950433" lon="0.2318417"><ele>55.35</ele></trkpt>
<trkpt lat="49.59505" lon="0.2319017"><ele>55.64999999999999</ele></trkpt>
<trkpt lat="49.5950567" lon="0.2319433"><ele>55.85</ele></trkpt>
<trkpt lat="49.59506" lon="0.2319983"><ele>56.23</ele></trkpt>
<trkpt lat="49.595065" lon="0.232055"><ele>56.53</ele></trkpt>
<trkpt lat="49.5950783" lon="0.23211"><ele>56.52</ele></trkpt>
<trkpt lat="49.5950917" lon="0.232165"><ele>56.56</ele></trkpt>
<trkpt lat="49.5950983" lon="0.2322067"><ele>56.52</ele></trkpt>
<trkpt lat="49.59510829999999" lon="0.2322467"><ele>56.38</ele></trkpt>
<trkpt lat="49.5951183" lon="0.232295"><ele>56.39999999999999</ele></trkpt>
<trkpt lat="49.5951233" lon="0.2323433"><ele>56.39</ele></trkpt>
<trkpt lat="49.5951317" lon="0.2324033"><ele>55.96999999999999</ele></trkpt>
<trkpt lat="49.5951367" lon="0.232455"><ele>55.61</ele></trkpt>
<trkpt lat="49.5951483" lon="0.232515"><ele>55.66</ele></trkpt>
<trkpt lat="49.59515830000001" lon="0.2325733"><ele>55.62</ele></trkpt>
<trkpt lat="49.595165" lon="0.2326233"><ele>55.38</ele></trkpt>
<trkpt lat="49.5951733" lon="0.2326783"><ele>55.23</ele></trkpt>
<trkpt lat="49.5951767" lon="0.2327383"><ele>55.45</ele></trkpt>
<trkpt lat="49.59518169999999" lon="0.2327917"><ele>55.32999999999999</ele></trkpt>
<trkpt lat="49.5951917" lon="0.2328517"><ele>55.17</ele></trkpt>
<trkpt lat="49.5952" lon="0.2328933"><ele>55.25999999999999</ele></trkpt>
<trkpt lat="49.595205" lon="0.2329383"><ele>55.27</ele></trkpt>
<trkpt lat="49.595215" lon="0.2329917"><ele>55.29000000000001</ele></trkpt>
<trkpt lat="49.595225" lon="0.2330433"><ele>55.55</ele></trkpt>
<trkpt lat="49.5952233" lon="0.233095"><ele>55.88</ele></trkpt>
<trkpt lat="49.595225" lon="0.233145"><ele>56.06</ele></trkpt>
<trkpt lat="49.5952417" lon="0.233195"><ele>56.25</ele></trkpt>
<trkpt lat="49.5952633" lon="0.2332317"><ele>56.73999999999999</ele></trkpt>
<trkpt lat="49.5952883" lon="0.2332667"><ele>57.12</ele></trkpt>
<trkpt lat="49.5953183" lon="0.233295"><ele>57.50999999999999</ele></trkpt>
<trkpt lat="49.595345" lon="0.2333283"><ele>57.82999999999999</ele></trkpt>
<trkpt lat="49.59537170000001" lon="0.2333633"><ele>58.06</ele></trkpt>
<trkpt lat="49.5954" lon="0.2334"><ele>58.25</ele></trkpt>
<trkpt lat="49.5954267" lon="0.2334317"><ele>58.55</ele></trkpt>
<trkpt lat="49.5954583" lon="0.2334683"><ele>58.66</ele></trkpt>
<trkpt lat="49.5954783" lon="0.2334967"><ele>58.68999999999999</ele></trkpt>
<trkpt lat="49.5955067" lon="0.2335333"><ele>58.93</ele></trkpt>
<trkpt lat="49.5955317" lon="0.2335567"><ele>59.09</ele></trkpt>
<trkpt lat="49.59556" lon="0.2335867"><ele>59.50999999999999</ele></trkpt>
<trkpt lat="49.5955883" lon="0.2336217"><ele>59.95000000000001</ele></trkpt>
<trkpt lat="49.5956183" lon="0.2336533"><ele>60.25</ele></trkpt>
<trkpt lat="49.5956483" lon="0.23369"><ele>60.52</ele></trkpt>
<trkpt lat="49.5956717" lon="0.2337133"><ele>60.93</ele></trkpt>
<trkpt lat="49.5957033" lon="0.2337433"><ele>61.28</ele></trkpt>
<trkpt lat="49.59573" lon="0.233775"><ele>61.15</ele></trkpt>
<trkpt lat="49.5957517" lon="0.2338"><ele>60.68999999999999</ele></trkpt>
<trkpt lat="49.5957767" lon="0.2338333"><ele>60.18</ele></trkpt>
<trkpt lat="49.5957983" lon="0.2338783"><ele>59.50999999999999</ele></trkpt>
<trkpt lat="49.595805" lon="0.23392"><ele>58.90000000000001</ele></trkpt>
<trkpt lat="49.5958017" lon="0.233975"><ele>58.34</ele></trkpt>
<trkpt lat="49.5957967" lon="0.2340333"><ele>58.2</ele></trkpt>
<trkpt lat="49.59577829999999" lon="0.234085"><ele>58.00999999999999</ele></trkpt>
<trkpt lat="49.5957617" lon="0.2341317"><ele>58.13</ele></trkpt>
<trkpt lat="49.59574330000001" lon="0.2341817"><ele>59.15000000000001</ele></trkpt>
<trkpt lat="49.5957267" lon="0.2342317"><ele>59.34</ele></trkpt>
<trkpt lat="49.5957117" lon="0.23427"><ele>58.96</ele></trkpt>
<trkpt lat="49.5956967" lon="0.234325"><ele>58.45</ele></trkpt>
<trkpt lat="49.595685" lon="0.234365"><ele>58.18999999999999</ele></trkpt>
<trkpt lat="49.5956733" lon="0.2344033"><ele>57.93999999999999</ele></trkpt>
<trkpt lat="49.5956617" lon="0.2344583"><ele>57.89999999999999</ele></trkpt>
<trkpt lat="49.5956533" lon="0.2345017"><ele>57.57</ele></trkpt>
<trkpt lat="49.5956433" lon="0.2345417"><ele>57.39</ele></trkpt>
<trkpt lat="49.5956417" lon="0.2346"><ele>57.07</ele></trkpt>
<trkpt lat="49.5956383" lon="0.234645"><ele>56.77000000000001</ele></trkpt>
<trkpt lat="49.5956317" lon="0.2346933"><ele>56.56</ele></trkpt>
<trkpt lat="49.5956233" lon="0.2347467"><ele>55.75999999999999</ele></trkpt>
<trkpt lat="49.5956117" lon="0.2347967"><ele>55.54000000000001</ele></trkpt>
<trkpt lat="49.59559669999999" lon="0.2348483"><ele>55.16</ele></trkpt>
<trkpt lat="49.5956017" lon="0.2349033"><ele>54.74</ele></trkpt>
<trkpt lat="49.59559" lon="0.2349517"><ele>54.44</ele></trkpt>
<trkpt lat="49.595585" lon="0.2350083"><ele>54.28</ele></trkpt>
<trkpt lat="49.5955767" lon="0.23505"><ele>54.2</ele></trkpt>
<trkpt lat="49.595565" lon="0.2350917"><ele>54.43</ele></trkpt>
<trkpt lat="49.5955567" lon="0.2351417"><ele>55</ele></trkpt>
<trkpt lat="49.5955383" lon="0.235195"><ele>55.87</ele></trkpt>
<trkpt lat="49.5955333" lon="0.2352483"><ele>56.18</ele></trkpt>
<trkpt lat="49.59552829999999" lon="0.2353083"><ele>56.1</ele></trkpt>
<trkpt lat="49.595525" lon="0.2353517"><ele>56.1</ele></trkpt>
<trkpt lat="49.5955117" lon="0.235395"><ele>56.42</ele></trkpt>
<trkpt lat="49.59550329999999" lon="0.2354467"><ele>56.54</ele></trkpt>
<trkpt lat="49.5954883" lon="0.2355"><ele>56.7</ele></trkpt>
<trkpt lat="49.5954867" lon="0.2355433"><ele>56.77000000000001</ele></trkpt>
<trkpt lat="49.5954767" lon="0.235585"><ele>56.86</ele></trkpt>
<trkpt lat="49.5954633" lon="0.2356383"><ele>56.66</ele></trkpt>
<trkpt lat="49.59545670000001" lon="0.2356933"><ele>56.00999999999999</ele></trkpt>
<trkpt lat="49.5954517" lon="0.2357483"><ele>55.89999999999999</ele></trkpt>
<trkpt lat="49.5954467" lon="0.2358017"><ele>55.54000000000001</ele></trkpt>
<trkpt lat="49.59544" lon="0.2358517"><ele>54.89</ele></trkpt>
<trkpt lat="49.5954283" lon="0.2359"><ele>54.32</ele></trkpt>
<trkpt lat="49.59541829999999" lon="0.2359633"><ele>54.13</ele></trkpt>
<trkpt lat="49.5954117" lon="0.2360133"><ele>53.8</ele></trkpt>
<trkpt lat="49.59540830000001" lon="0.2360617"><ele>53.45</ele></trkpt>
<trkpt lat="49.59540500000001" lon="0.2361083"><ele>53.31</ele></trkpt>
<trkpt lat="49.5953983" lon="0.23615"><ele>53.44</ele></trkpt>
<trkpt lat="49.59539670000001" lon="0.2362083"><ele>53.55</ele></trkpt>
<trkpt lat="49.5953883" lon="0.236255"><ele>53.88</ele></trkpt>
<trkpt lat="49.595375" lon="0.2363017"><ele>54.6</ele></trkpt>
<trkpt lat="49.59537" lon="0.2363567"><ele>54.85</ele></trkpt>
<trkpt lat="49.595365" lon="0.2364"><ele>55.1</ele></trkpt>
<trkpt lat="49.59536" lon="0.2364433"><ele>55.35</ele></trkpt>
<trkpt lat="49.59535" lon="0.2365033"><ele>55.57999999999999</ele></trkpt>
<trkpt lat="49.5953433" lon="0.236545"><ele>55.57</ele></trkpt>
<trkpt lat="49.595335" lon="0.2365867"><ele>55.82999999999999</ele></trkpt>
<trkpt lat="49.5953267" lon="0.2366417"><ele>55.99</ele></trkpt>
<trkpt lat="49.595315" lon="0.2366983"><ele>55.96999999999999</ele></trkpt>
<trkpt lat="49.5953033" lon="0.23675"><ele>56.02</ele></trkpt>
<trkpt lat="49.59529500000001" lon="0.2367917"><ele>56.07</ele></trkpt>
<trkpt lat="49.5952883" lon="0.2368333"><ele>56.23</ele></trkpt>
<trkpt lat="49.595275" lon="0.2368933"><ele>56.39</ele></trkpt>
<trkpt lat="49.595265" lon="0.236945"><ele>56.5</ele></trkpt>
<trkpt lat="49.5952567" lon="0.2370033"><ele>56.73</ele></trkpt>
<trkpt lat="49.59525" lon="0.23706"><ele>57.05</ele></trkpt>
<trkpt lat="49.59524" lon="0.2371167"><ele>57.03</ele></trkpt>
<trkpt lat="49.59523170000001" lon="0.2371733"><ele>56.82999999999999</ele></trkpt>
<trkpt lat="49.59522" lon="0.23723"><ele>56.96</ele></trkpt>
<trkpt lat="49.59521000000001" lon="0.2372883"><ele>57</ele></trkpt>
<trkpt lat="49.5952033" lon="0.23734"><ele>57.32</ele></trkpt>
<trkpt lat="49.5951967" lon="0.23739"><ele>58.13</ele></trkpt>
<trkpt lat="49.59519329999999" lon="0.23744"><ele>58.39</ele></trkpt>
<trkpt lat="49.5952" lon="0.2374833"><ele>58.36</ele></trkpt>
<trkpt lat="49.5952033" lon="0.2375267"><ele>58.52</ele></trkpt>
<trkpt lat="49.59522" lon="0.237565"><ele>58.31</ele></trkpt>
<trkpt lat="49.59523" lon="0.237615"><ele>58.53</ele></trkpt>
<trkpt lat="49.5952333" lon="0.2376567"><ele>58.71</ele></trkpt>
<trkpt lat="49.59523500000001" lon="0.23771"><ele>59.38</ele></trkpt>
<trkpt lat="49.595255" lon="0.2377567"><ele>59.68999999999999</ele></trkpt>
<trkpt lat="49.5952667" lon="0.237815"><ele>59.6</ele></trkpt>
<trkpt lat="49.5952833" lon="0.2378667"><ele>59.6</ele></trkpt>
<trkpt lat="49.595305" lon="0.237905"><ele>59.72</ele></trkpt>
<trkpt lat="49.5953183" lon="0.2379467"><ele>59.15000000000001</ele></trkpt>
<trkpt lat="49.5953317" lon="0.2379833"><ele>58.53</ele></trkpt>
<trkpt lat="49.5953417" lon="0.2380417"><ele>57.88</ele></trkpt>
<trkpt lat="49.59535829999999" lon="0.238095"><ele>57.18999999999999</ele></trkpt>
<trkpt lat="49.5953683" lon="0.238135"><ele>56.87</ele></trkpt>
<trkpt lat="49.5953733" lon="0.2381783"><ele>56.8</ele></trkpt>
<trkpt lat="49.59538330000001" lon="0.2382383"><ele>56.84</ele></trkpt>
<trkpt lat="49.5953917" lon="0.2382967"><ele>56.87</ele></trkpt>
<trkpt lat="49.5954017" lon="0.2383533"><ele>56.89</ele></trkpt>
<trkpt lat="49.59540830000001" lon="0.23841"><ele>57.39</ele></trkpt>
<trkpt lat="49.59541829999999" lon="0.2384583"><ele>57.39999999999999</ele></trkpt>
<trkpt lat="49.5954267" lon="0.23851"><ele>57.66</ele></trkpt>
<trkpt lat="49.59543330000001" lon="0.2385583"><ele>57.63</ele></trkpt>
<trkpt lat="49.59544329999999" lon="0.238605"><ele>57.75</ele></trkpt>
<trkpt lat="49.59545670000001" lon="0.2386583"><ele>57.86999999999999</ele></trkpt>
<trkpt lat="49.595465" lon="0.2387067"><ele>58.18</ele></trkpt>
<trkpt lat="49.595475" lon="0.2387583"><ele>58.55</ele></trkpt>
<trkpt lat="49.595485" lon="0.2388117"><ele>58.5</ele></trkpt>
<trkpt lat="49.59549169999999" lon="0.2388667"><ele>58.66</ele></trkpt>
<trkpt lat="49.595495" lon="0.23892"><ele>58.7</ele></trkpt>
<trkpt lat="49.5955017" lon="0.23898"><ele>58.93</ele></trkpt>
<trkpt lat="49.5955083" lon="0.23904"><ele>59.18</ele></trkpt>
<trkpt lat="49.59551669999999" lon="0.2391017"><ele>58.91999999999999</ele></trkpt>
<trkpt lat="49.5955217" lon="0.2391433"><ele>58.57999999999999</ele></trkpt>
<trkpt lat="49.59553" lon="0.239205"><ele>57.7</ele></trkpt>
<trkpt lat="49.5955367" lon="0.2392667"><ele>56.89999999999999</ele></trkpt>
<trkpt lat="49.59554170000001" lon="0.239325"><ele>56.38</ele></trkpt>
<trkpt lat="49.59554499999999" lon="0.2393667"><ele>56.38</ele></trkpt>
<trkpt lat="49.5955483" lon="0.2394233"><ele>56.25999999999999</ele></trkpt>
<trkpt lat="49.5955483" lon="0.2394667"><ele>55.71999999999999</ele></trkpt>
<trkpt lat="49.5955433" lon="0.2395267"><ele>55.59000000000001</ele></trkpt>
<trkpt lat="49.59554170000001" lon="0.2395833"><ele>55.82</ele></trkpt>
<trkpt lat="49.59554" lon="0.2396383"><ele>56.14999999999999</ele></trkpt>
<trkpt lat="49.5955317" lon="0.2396933"><ele>56.64</ele></trkpt>
<trkpt lat="49.59553" lon="0.2397383"><ele>56.62</ele></trkpt>
<trkpt lat="49.59553" lon="0.2397833"><ele>56.82999999999999</ele></trkpt>
<trkpt lat="49.59552829999999" lon="0.239825"><ele>57.35</ele></trkpt>
<trkpt lat="49.595525" lon="0.2398833"><ele>58.23</ele></trkpt>
<trkpt lat="49.59551999999999" lon="0.2399333"><ele>58.97</ele></trkpt>
<trkpt lat="49.59551830000001" lon="0.23999"><ele>59.64</ele></trkpt>
<trkpt lat="49.5955217" lon="0.2400467"><ele>59.86</ele></trkpt>
<trkpt lat="49.5955233" lon="0.2401067"><ele>59.40000000000001</ele></trkpt>
<trkpt lat="49.5955233" lon="0.2401633"><ele>59.43</ele></trkpt>
<trkpt lat="49.595525" lon="0.2402183"><ele>59.91999999999999</ele></trkpt>
<trkpt lat="49.59553" lon="0.2402767"><ele>60.28</ele></trkpt>
<trkpt lat="49.5955317" lon="0.24033"><ele>60.72</ele></trkpt>
<trkpt lat="49.5955367" lon="0.2403817"><ele>60.81</ele></trkpt>
<trkpt lat="49.59554" lon="0.2404233"><ele>60.98</ele></trkpt>
<trkpt lat="49.59554499999999" lon="0.2404817"><ele>61.22</ele></trkpt>
<trkpt lat="49.59555" lon="0.2405233"><ele>61.2</ele></trkpt>
<trkpt lat="49.59555330000001" lon="0.2405683"><ele>60.97</ele></trkpt>
<trkpt lat="49.595555" lon="0.2406117"><ele>60.65</ele></trkpt>
<trkpt lat="49.5955583" lon="0.240655"><ele>60.53</ele></trkpt>
<trkpt lat="49.5955617" lon="0.2407117"><ele>60.31</ele></trkpt>
<trkpt lat="49.59556670000001" lon="0.2407533"><ele>60.29999999999999</ele></trkpt>
<trkpt lat="49.5955767" lon="0.2408117"><ele>60.14</ele></trkpt>
<trkpt lat="49.5955817" lon="0.2408533"><ele>59.86999999999999</ele></trkpt>
<trkpt lat="49.5955867" lon="0.240895"><ele>59.5</ele></trkpt>
<trkpt lat="49.5955883" lon="0.2409367"><ele>58.98999999999999</ele></trkpt>
<trkpt lat="49.5955917" lon="0.2409933"><ele>58.54</ele></trkpt>
<trkpt lat="49.5956" lon="0.241045"><ele>58.00999999999999</ele></trkpt>
<trkpt lat="49.59560499999999" lon="0.2410967"><ele>57.71</ele></trkpt>
<trkpt lat="49.59560829999999" lon="0.2411483"><ele>57.6</ele></trkpt>
<trkpt lat="49.5956117" lon="0.24119"><ele>57.67</ele></trkpt>
<trkpt lat="49.595615" lon="0.241235"><ele>57.39</ele></trkpt>
<trkpt lat="49.5956183" lon="0.2412967"><ele>56.97000000000001</ele></trkpt>
<trkpt lat="49.5956267" lon="0.2413383"><ele>56.72000000000001</ele></trkpt>
<trkpt lat="49.5956317" lon="0.2413833"><ele>56.86</ele></trkpt>
<trkpt lat="49.5956417" lon="0.2414417"><ele>56.97000000000001</ele></trkpt>
<trkpt lat="49.5956517" lon="0.2415"><ele>56.96</ele></trkpt>
<trkpt lat="49.5956567" lon="0.2415617"><ele>56.8</ele></trkpt>
<trkpt lat="49.5956617" lon="0.2416033"><ele>57.35</ele></trkpt>
<trkpt lat="49.5956717" lon="0.241645"><ele>57.39</ele></trkpt>
<trkpt lat="49.5956833" lon="0.2417"><ele>57.12</ele></trkpt>
<trkpt lat="49.59568999999999" lon="0.2417567"><ele>57.31</ele></trkpt>
<trkpt lat="49.5956983" lon="0.2417967"><ele>57.32</ele></trkpt>
<trkpt lat="49.5957133" lon="0.2418317"><ele>57.21</ele></trkpt>
<trkpt lat="49.5957283" lon="0.2418717"><ele>57.04</ele></trkpt>
<trkpt lat="49.5957383" lon="0.2419117"><ele>56.7</ele></trkpt>
<trkpt lat="49.5957617" lon="0.2419567"><ele>56.27</ele></trkpt>
<trkpt lat="49.59577829999999" lon="0.24199"><ele>56.25</ele></trkpt>
<trkpt lat="49.59579999999999" lon="0.2420233"><ele>56.27</ele></trkpt>
<trkpt lat="49.5958217" lon="0.24205"><ele>56.68999999999999</ele></trkpt>
<trkpt lat="49.595845" lon="0.2420883"><ele>57.28</ele></trkpt>
<trkpt lat="49.595865" lon="0.2421283"><ele>57.72000000000001</ele></trkpt>
<trkpt lat="49.595885" lon="0.2421683"><ele>57.89</ele></trkpt>
<trkpt lat="49.595915" lon="0.2422067"><ele>57.68999999999999</ele></trkpt>
<trkpt lat="49.59593999999999" lon="0.2422283"><ele>57.86</ele></trkpt>
<trkpt lat="49.5959667" lon="0.24225"><ele>57.8</ele></trkpt>
<trkpt lat="49.59599000000001" lon="0.2422717"><ele>57.75</ele></trkpt>
<trkpt lat="49.59602330000001" lon="0.2423017"><ele>57.6</ele></trkpt>
<trkpt lat="49.59605329999999" lon="0.2423183"><ele>57.98999999999999</ele></trkpt>
<trkpt lat="49.5960817" lon="0.2423483"><ele>59.06</ele></trkpt>
<trkpt lat="49.5961117" lon="0.24238"><ele>59.71</ele></trkpt>
<trkpt lat="49.5961433" lon="0.2424117"><ele>60.5</ele></trkpt>
<trkpt lat="49.5961667" lon="0.2424383"><ele>61.18</ele></trkpt>
<trkpt lat="49.5962" lon="0.2424683"><ele>61.36</ele></trkpt>
<trkpt lat="49.5962217" lon="0.242495"><ele>61.41999999999999</ele></trkpt>
<trkpt lat="49.5962383" lon="0.2425433"><ele>61.23999999999999</ele></trkpt>
<trkpt lat="49.5962633" lon="0.2425733"><ele>61.2</ele></trkpt>
<trkpt lat="49.59629169999999" lon="0.2426117"><ele>61.36999999999999</ele></trkpt>
<trkpt lat="49.59632169999999" lon="0.2426383"><ele>61.33000000000001</ele></trkpt>
<trkpt lat="49.5963517" lon="0.2426683"><ele>61.56</ele></trkpt>
<trkpt lat="49.59637669999999" lon="0.2426883"><ele>61.59</ele></trkpt>
<trkpt lat="49.5963967" lon="0.2427167"><ele>61.43999999999999</ele></trkpt>
<trkpt lat="49.5964233" lon="0.24274"><ele>61.04</ele></trkpt>
<trkpt lat="49.59645" lon="0.2427567"><ele>61.58000000000001</ele></trkpt>
<trkpt lat="49.5964783" lon="0.242775"><ele>62.18999999999999</ele></trkpt>
<trkpt lat="49.5965083" lon="0.2427883"><ele>62.72</ele></trkpt>
<trkpt lat="49.59654669999999" lon="0.2427917"><ele>63.29</ele></trkpt>
<trkpt lat="49.5965817" lon="0.242805"><ele>63.32</ele></trkpt>
<trkpt lat="49.5966167" lon="0.2428267"><ele>63.13</ele></trkpt>
<trkpt lat="49.59665" lon="0.2428517"><ele>63.07</ele></trkpt>
<trkpt lat="49.59668499999999" lon="0.2428783"><ele>62.96</ele></trkpt>
<trkpt lat="49.59671000000001" lon="0.2428967"><ele>62.66999999999999</ele></trkpt>
<trkpt lat="49.59673170000001" lon="0.242925"><ele>62.34999999999999</ele></trkpt>
<trkpt lat="49.59676" lon="0.2429517"><ele>62.56</ele></trkpt>
<trkpt lat="49.5967917" lon="0.2429767"><ele>62.75999999999999</ele></trkpt>
<trkpt lat="49.5968233" lon="0.243015"><ele>62.79999999999999</ele></trkpt>
<trkpt lat="49.596845" lon="0.2430417"><ele>63.11999999999999</ele></trkpt>
<trkpt lat="49.5968683" lon="0.243075"><ele>63.2</ele></trkpt>
<trkpt lat="49.59689" lon="0.2431033"><ele>63.27999999999999</ele></trkpt>
<trkpt lat="49.596915" lon="0.2431283"><ele>63.43999999999999</ele></trkpt>
<trkpt lat="49.5969517" lon="0.243135"><ele>64.37</ele></trkpt>
<trkpt lat="49.5969733" lon="0.24317"><ele>64.84</ele></trkpt>
<trkpt lat="49.5970067" lon="0.243195"><ele>64.87</ele></trkpt>
<trkpt lat="49.59702829999999" lon="0.2432267"><ele>65.06</ele></trkpt>
<trkpt lat="49.5970483" lon="0.2432567"><ele>65.18</ele></trkpt>
<trkpt lat="49.59707000000001" lon="0.2432867"><ele>65.43</ele></trkpt>
<trkpt lat="49.5970917" lon="0.2433233"><ele>65.74</ele></trkpt>
<trkpt lat="49.59711329999999" lon="0.2433567"><ele>65.65</ele></trkpt>
<trkpt lat="49.5971333" lon="0.24339"><ele>65.35</ele></trkpt>
<trkpt lat="49.5971567" lon="0.2434267"><ele>65.32</ele></trkpt>
<trkpt lat="49.59718169999999" lon="0.2434483"><ele>65.48</ele></trkpt>
<trkpt lat="49.59720669999999" lon="0.2434867"><ele>65.04</ele></trkpt>
<trkpt lat="49.5972233" lon="0.24352"><ele>65</ele></trkpt>
<trkpt lat="49.597245" lon="0.243545"><ele>65.09</ele></trkpt>
<trkpt lat="49.59727829999999" lon="0.2435733"><ele>65.26</ele></trkpt>
<trkpt lat="49.59730329999999" lon="0.2436033"><ele>65.43</ele></trkpt>
<trkpt lat="49.597325" lon="0.2436333"><ele>65.31</ele></trkpt>
<trkpt lat="49.5973567" lon="0.24367"><ele>65.46</ele></trkpt>
<trkpt lat="49.5973783" lon="0.2437083"><ele>65.7</ele></trkpt>
<trkpt lat="49.59740170000001" lon="0.24374"><ele>65.47</ele></trkpt>
<trkpt lat="49.597435" lon="0.24377"><ele>65.63</ele></trkpt>
<trkpt lat="49.59746499999999" lon="0.2438"><ele>65.56</ele></trkpt>
<trkpt lat="49.59749000000001" lon="0.2438367"><ele>65</ele></trkpt>
<trkpt lat="49.59751669999999" lon="0.243865"><ele>64.77</ele></trkpt>
<trkpt lat="49.5975433" lon="0.243885"><ele>64.77</ele></trkpt>
<trkpt lat="49.59757830000001" lon="0.2439067"><ele>64.53</ele></trkpt>
<trkpt lat="49.5976083" lon="0.2439367"><ele>64.17</ele></trkpt>
<trkpt lat="49.59764" lon="0.2439683"><ele>64.43</ele></trkpt>
<trkpt lat="49.5976717" lon="0.244005"><ele>64.27</ele></trkpt>
<trkpt lat="49.5977017" lon="0.2440383"><ele>64.19</ele></trkpt>
<trkpt lat="49.59772329999999" lon="0.2440633"><ele>64.38</ele></trkpt>
<trkpt lat="49.5977583" lon="0.2440867"><ele>64.75</ele></trkpt>
<trkpt lat="49.59779169999999" lon="0.2441067"><ele>65.67</ele></trkpt>
<trkpt lat="49.5978133" lon="0.244135"><ele>66.54</ele></trkpt>
<trkpt lat="49.5978383" lon="0.2441583"><ele>66.72</ele></trkpt>
<trkpt lat="49.59787500000001" lon="0.2441817"><ele>66.48</ele></trkpt>
<trkpt lat="49.5979" lon="0.2442133"><ele>66.33</ele></trkpt>
<trkpt lat="49.597925" lon="0.2442333"><ele>66.37</ele></trkpt>
<trkpt lat="49.59795170000001" lon="0.244255"><ele>66.32</ele></trkpt>
<trkpt lat="49.597985" lon="0.2442833"><ele>66.41</ele></trkpt>
<trkpt lat="49.5980133" lon="0.2443067"><ele>66.12</ele></trkpt>
<trkpt lat="49.59804669999999" lon="0.2443233"><ele>65.94</ele></trkpt>
<trkpt lat="49.59808" lon="0.2443433"><ele>65.74</ele></trkpt>
<trkpt lat="49.59812" lon="0.24436"><ele>65.46</ele></trkpt>
<trkpt lat="49.5981483" lon="0.24437"><ele>65.01</ele></trkpt>
<trkpt lat="49.5981767" lon="0.2443817"><ele>64.35</ele></trkpt>
<trkpt lat="49.598215" lon="0.24439"><ele>63.84</ele></trkpt>
<trkpt lat="49.59825" lon="0.2443967"><ele>64.45</ele></trkpt>
<trkpt lat="49.59828670000001" lon="0.244405"><ele>65.02</ele></trkpt>
<trkpt lat="49.598315" lon="0.2444117"><ele>65.18</ele></trkpt>
<trkpt lat="49.5983433" lon="0.2444183"><ele>65.26</ele></trkpt>
<trkpt lat="49.5983733" lon="0.244425"><ele>65.38</ele></trkpt>
<trkpt lat="49.5984" lon="0.2444317"><ele>65.56</ele></trkpt>
<trkpt lat="49.5984383" lon="0.2444433"><ele>65.59</ele></trkpt>
<trkpt lat="49.5984733" lon="0.244455"><ele>66.11</ele></trkpt>
<trkpt lat="49.5985067" lon="0.2444733"><ele>67.04</ele></trkpt>
<trkpt lat="49.5985433" lon="0.2444917"><ele>67.81</ele></trkpt>
<trkpt lat="49.59857999999999" lon="0.2445067"><ele>68.44</ele></trkpt>
<trkpt lat="49.5986067" lon="0.244515"><ele>68.49</ele></trkpt>
<trkpt lat="49.5986433" lon="0.2445317"><ele>68.23</ele></trkpt>
<trkpt lat="49.59868" lon="0.24455"><ele>68.52</ele></trkpt>
<trkpt lat="49.59870670000001" lon="0.2445617"><ele>68.57</ele></trkpt>
<trkpt lat="49.5987333" lon="0.2445717"><ele>68.77</ele></trkpt>
<trkpt lat="49.59876" lon="0.24458"><ele>68.81</ele></trkpt>
<trkpt lat="49.5987883" lon="0.2445883"><ele>68.8</ele></trkpt>
<trkpt lat="49.59882669999999" lon="0.2446017"><ele>69.14</ele></trkpt>
<trkpt lat="49.5988617" lon="0.244615"><ele>69.36</ele></trkpt>
<trkpt lat="49.598895" lon="0.2446283"><ele>69.53</ele></trkpt>
<trkpt lat="49.59893000000001" lon="0.2446367"><ele>69.68</ele></trkpt>
<trkpt lat="49.5989667" lon="0.2446517"><ele>69.72</ele></trkpt>
<trkpt lat="49.5989933" lon="0.24466"><ele>69.47</ele></trkpt>
<trkpt lat="49.5990217" lon="0.2446717"><ele>69.24</ele></trkpt>
<trkpt lat="49.59904999999999" lon="0.2446833"><ele>69.11</ele></trkpt>
<trkpt lat="49.5990867" lon="0.2446983"><ele>69.09</ele></trkpt>
<trkpt lat="49.5991117" lon="0.244715"><ele>69</ele></trkpt>
<trkpt lat="49.5991467" lon="0.244735"><ele>68.95</ele></trkpt>
<trkpt lat="49.5991833" lon="0.2447483"><ele>68.59</ele></trkpt>
<trkpt lat="49.59921499999999" lon="0.2447733"><ele>67.88</ele></trkpt>
<trkpt lat="49.59924830000001" lon="0.244795"><ele>67.51</ele></trkpt>
<trkpt lat="49.5992833" lon="0.2448183"><ele>67.75</ele></trkpt>
<trkpt lat="49.5993183" lon="0.24484"><ele>67.74</ele></trkpt>
<trkpt lat="49.5993433" lon="0.2448583"><ele>67.38</ele></trkpt>
<trkpt lat="49.5993683" lon="0.244875"><ele>67.3</ele></trkpt>
<trkpt lat="49.59940169999999" lon="0.2449017"><ele>67.56</ele></trkpt>
<trkpt lat="49.5994317" lon="0.2449317"><ele>68.11</ele></trkpt>
<trkpt lat="49.599465" lon="0.2449567"><ele>68.31</ele></trkpt>
<trkpt lat="49.5995017" lon="0.2449783"><ele>68.2</ele></trkpt>
<trkpt lat="49.5995267" lon="0.2449967"><ele>68.43</ele></trkpt>
<trkpt lat="49.59954999999999" lon="0.2450183"><ele>68.88</ele></trkpt>
<trkpt lat="49.5995733" lon="0.24504"><ele>69.56</ele></trkpt>
<trkpt lat="49.5995983" lon="0.24506"><ele>70.26</ele></trkpt>
<trkpt lat="49.59962500000001" lon="0.2450783"><ele>70.61</ele></trkpt>
<trkpt lat="49.59965" lon="0.2450967"><ele>70.76</ele></trkpt>
<trkpt lat="49.599675" lon="0.2451167"><ele>71.04</ele></trkpt>
<trkpt lat="49.5997017" lon="0.2451417"><ele>71.18</ele></trkpt>
<trkpt lat="49.59973669999999" lon="0.2451683"><ele>71.29</ele></trkpt>
<trkpt lat="49.5997633" lon="0.2451883"><ele>71.38</ele></trkpt>
<trkpt lat="49.5997917" lon="0.2452167"><ele>71.23</ele></trkpt>
<trkpt lat="49.59982" lon="0.24524"><ele>70.9</ele></trkpt>
<trkpt lat="49.5998533" lon="0.245275"><ele>69.93</ele></trkpt>
<trkpt lat="49.5998917" lon="0.2452983"><ele>68.95</ele></trkpt>
<trkpt lat="49.5999167" lon="0.245315"><ele>68.72</ele></trkpt>
<trkpt lat="49.59994330000001" lon="0.2453317"><ele>68.77</ele></trkpt>
<trkpt lat="49.5999817" lon="0.2453533"><ele>68.79</ele></trkpt>
<trkpt lat="49.6000167" lon="0.245375"><ele>68.63</ele></trkpt>
<trkpt lat="49.60005" lon="0.2454"><ele>68.66</ele></trkpt>
<trkpt lat="49.60008329999999" lon="0.24542"><ele>69.07</ele></trkpt>
<trkpt lat="49.6001133" lon="0.245435"><ele>69.07</ele></trkpt>
<trkpt lat="49.6001417" lon="0.2454483"><ele>69</ele></trkpt>
<trkpt lat="49.600175" lon="0.2454617"><ele>68.97</ele></trkpt>
<trkpt lat="49.6002" lon="0.2454783"><ele>68.83</ele></trkpt>
<trkpt lat="49.60024000000001" lon="0.2454967"><ele>69.05</ele></trkpt>
<trkpt lat="49.6002683" lon="0.2455033"><ele>68.61</ele></trkpt>
<trkpt lat="49.6003083" lon="0.2455067"><ele>67.88</ele></trkpt>
<trkpt lat="49.6003433" lon="0.2455167"><ele>67.28</ele></trkpt>
<trkpt lat="49.60038000000001" lon="0.2455233"><ele>67.03</ele></trkpt>
<trkpt lat="49.60041330000001" lon="0.2455367"><ele>66.9</ele></trkpt>
<trkpt lat="49.60044829999999" lon="0.2455533"><ele>67.19</ele></trkpt>
<trkpt lat="49.60048" lon="0.2455683"><ele>67.2</ele></trkpt>
<trkpt lat="49.6005183" lon="0.245585"><ele>67.29</ele></trkpt>
<trkpt lat="49.60055000000001" lon="0.24561"><ele>67.13</ele></trkpt>
<trkpt lat="49.6005817" lon="0.2456233"><ele>66.74</ele></trkpt>
<trkpt lat="49.6006183" lon="0.245635"><ele>66.95</ele></trkpt>
<trkpt lat="49.6006567" lon="0.2456467"><ele>67.24</ele></trkpt>
<trkpt lat="49.6006917" lon="0.2456567"><ele>67.65</ele></trkpt>
<trkpt lat="49.60073" lon="0.245665"><ele>67.93</ele></trkpt>
<trkpt lat="49.6007683" lon="0.2456717"><ele>68.35</ele></trkpt>
<trkpt lat="49.6008067" lon="0.24568"><ele>69</ele></trkpt>
<trkpt lat="49.600835" lon="0.2456833"><ele>69.27</ele></trkpt>
<trkpt lat="49.60087669999999" lon="0.2456917"><ele>69.27</ele></trkpt>
<trkpt lat="49.6009033" lon="0.2457017"><ele>69.36</ele></trkpt>
<trkpt lat="49.6009333" lon="0.2457117"><ele>69.55</ele></trkpt>
<trkpt lat="49.60096169999999" lon="0.24572"><ele>69.77</ele></trkpt>
<trkpt lat="49.60099" lon="0.2457283"><ele>69.88</ele></trkpt>
<trkpt lat="49.6010283" lon="0.2457367"><ele>70.48</ele></trkpt>
<trkpt lat="49.601065" lon="0.245745"><ele>71.13</ele></trkpt>
<trkpt lat="49.6011033" lon="0.2457533"><ele>71.38</ele></trkpt>
<trkpt lat="49.60114329999999" lon="0.24576"><ele>71.79</ele></trkpt>
<trkpt lat="49.6011717" lon="0.24577"><ele>72.43</ele></trkpt>
<trkpt lat="49.6012" lon="0.2457767"><ele>73.04</ele></trkpt>
<trkpt lat="49.6012283" lon="0.245785"><ele>73.66</ele></trkpt>
<trkpt lat="49.6012667" lon="0.2457883"><ele>74.4</ele></trkpt>
<trkpt lat="49.601305" lon="0.2457967"><ele>74.89</ele></trkpt>
<trkpt lat="49.601345" lon="0.2458033"><ele>75.02</ele></trkpt>
<trkpt lat="49.60138000000001" lon="0.24581"><ele>74.55</ele></trkpt>
<trkpt lat="49.60141829999999" lon="0.2458183"><ele>74.5</ele></trkpt>
<trkpt lat="49.601455" lon="0.24583"><ele>74.58</ele></trkpt>
<trkpt lat="49.601485" lon="0.24584"><ele>74.36</ele></trkpt>
<trkpt lat="49.601515" lon="0.2458533"><ele>74.23</ele></trkpt>
<trkpt lat="49.60155" lon="0.2458667"><ele>73.89</ele></trkpt>
<trkpt lat="49.6015817" lon="0.2458817"><ele>73.05</ele></trkpt>
<trkpt lat="49.601615" lon="0.2459"><ele>72.76</ele></trkpt>
<trkpt lat="49.60165" lon="0.2459217"><ele>72.55</ele></trkpt>
<trkpt lat="49.6016767" lon="0.2459333"><ele>72.08</ele></trkpt>
<trkpt lat="49.6017083" lon="0.24595"><ele>71.13</ele></trkpt>
<trkpt lat="49.60173170000001" lon="0.2459783"><ele>70.61</ele></trkpt>
<trkpt lat="49.601755" lon="0.2460067"><ele>70.48</ele></trkpt>
<trkpt lat="49.601775" lon="0.2460383"><ele>70.72</ele></trkpt>
<trkpt lat="49.60179500000001" lon="0.2460667"><ele>70.87</ele></trkpt>
<trkpt lat="49.60181670000001" lon="0.2460917"><ele>71.14</ele></trkpt>
<trkpt lat="49.6018417" lon="0.2461233"><ele>71.28</ele></trkpt>
<trkpt lat="49.6018617" lon="0.246155"><ele>71.52</ele></trkpt>
<trkpt lat="49.6018817" lon="0.2461867"><ele>71.37</ele></trkpt>
<trkpt lat="49.6019083" lon="0.2462333"><ele>70.94</ele></trkpt>
<trkpt lat="49.6019367" lon="0.2462733"><ele>70.72</ele></trkpt>
<trkpt lat="49.60196" lon="0.246315"><ele>70.36</ele></trkpt>
<trkpt lat="49.6019833" lon="0.246355"><ele>70.29</ele></trkpt>
<trkpt lat="49.60200329999999" lon="0.2463983"><ele>70.1</ele></trkpt>
<trkpt lat="49.6020217" lon="0.24643"><ele>70.02</ele></trkpt>
<trkpt lat="49.60205000000001" lon="0.2464733"><ele>70.03</ele></trkpt>
<trkpt lat="49.60207" lon="0.2465083"><ele>70.15</ele></trkpt>
<trkpt lat="49.602085" lon="0.2465433"><ele>70.49</ele></trkpt>
<trkpt lat="49.6021067" lon="0.2465883"><ele>70.94</ele></trkpt>
<trkpt lat="49.6021317" lon="0.246635"><ele>71.01</ele></trkpt>
<trkpt lat="49.6021583" lon="0.2466783"><ele>70.82</ele></trkpt>
<trkpt lat="49.6021767" lon="0.2467167"><ele>70.23</ele></trkpt>
<trkpt lat="49.602195" lon="0.2467483"><ele>69.72</ele></trkpt>
<trkpt lat="49.60221170000001" lon="0.2467983"><ele>69.69</ele></trkpt>
<trkpt lat="49.6022317" lon="0.2468333"><ele>69.87</ele></trkpt>
<trkpt lat="49.60225" lon="0.24687"><ele>69.87</ele></trkpt>
<trkpt lat="49.60226669999999" lon="0.2469067"><ele>70.12</ele></trkpt>
<trkpt lat="49.602285" lon="0.2469567"><ele>70.68</ele></trkpt>
<trkpt lat="49.6023017" lon="0.24699"><ele>70.99</ele></trkpt>
<trkpt lat="49.6023217" lon="0.2470367"><ele>71.22</ele></trkpt>
<trkpt lat="49.602345" lon="0.24708"><ele>71.02</ele></trkpt>
<trkpt lat="49.6023617" lon="0.2471183"><ele>71.15</ele></trkpt>
<trkpt lat="49.60238" lon="0.247155"><ele>71.19</ele></trkpt>
<trkpt lat="49.6024" lon="0.2471983"><ele>71.03</ele></trkpt>
<trkpt lat="49.6024233" lon="0.2472383"><ele>70.83</ele></trkpt>
<trkpt lat="49.6024433" lon="0.2472667"><ele>70.47</ele></trkpt>
<trkpt lat="49.6024683" lon="0.2473083"><ele>70.15</ele></trkpt>
<trkpt lat="49.6024933" lon="0.24735"><ele>70.16</ele></trkpt>
<trkpt lat="49.602515" lon="0.24739"><ele>70.35</ele></trkpt>
<trkpt lat="49.6025367" lon="0.2474183"><ele>70.39</ele></trkpt>
<trkpt lat="49.60255829999999" lon="0.2474517"><ele>70.21</ele></trkpt>
<trkpt lat="49.60258" lon="0.2474767"><ele>70.49</ele></trkpt>
<trkpt lat="49.60260830000001" lon="0.2475133"><ele>70.5</ele></trkpt>
<trkpt lat="49.60260169999999" lon="0.2475617"><ele>70.54</ele></trkpt>
<trkpt lat="49.60262" lon="0.2476017"><ele>70.85</ele></trkpt>
<trkpt lat="49.6026417" lon="0.2476267"><ele>71.5</ele></trkpt>
<trkpt lat="49.6026617" lon="0.24766"><ele>72.3</ele></trkpt>
<trkpt lat="49.6026917" lon="0.247665"><ele>74.13</ele></trkpt>
<trkpt lat="49.60271999999999" lon="0.2476717"><ele>75.76</ele></trkpt>
<trkpt lat="49.60274" lon="0.2477017"><ele>75.81</ele></trkpt>
<trkpt lat="49.60276170000001" lon="0.2477433"><ele>75.89</ele></trkpt>
<trkpt lat="49.6027883" lon="0.2477783"><ele>75.37</ele></trkpt>
<trkpt lat="49.6028133" lon="0.2478167"><ele>75.27</ele></trkpt>
<trkpt lat="49.6028383" lon="0.2478533"><ele>74.94</ele></trkpt>
<trkpt lat="49.6028667" lon="0.247885"><ele>74.35</ele></trkpt>
<trkpt lat="49.602895" lon="0.2479117"><ele>74.41</ele></trkpt>
<trkpt lat="49.602925" lon="0.24794"><ele>74.68</ele></trkpt>
<trkpt lat="49.6029583" lon="0.24795"><ele>74.8</ele></trkpt>
<trkpt lat="49.60299499999999" lon="0.2479533"><ele>75.12</ele></trkpt>
<trkpt lat="49.60303" lon="0.24795"><ele>75.26</ele></trkpt>
<trkpt lat="49.6030667" lon="0.247945"><ele>76.03</ele></trkpt>
<trkpt lat="49.6031017" lon="0.2479317"><ele>77.17</ele></trkpt>
<trkpt lat="49.60313499999999" lon="0.24791"><ele>77.82</ele></trkpt>
<trkpt lat="49.6031617" lon="0.2478967"><ele>77.83</ele></trkpt>
<trkpt lat="49.6031917" lon="0.2478883"><ele>78.18</ele></trkpt>
<trkpt lat="49.6032267" lon="0.2478767"><ele>78.84</ele></trkpt>
<trkpt lat="49.603265" lon="0.2478633"><ele>78.84</ele></trkpt>
<trkpt lat="49.60329170000001" lon="0.2478533"><ele>78.54</ele></trkpt>
<trkpt lat="49.60332999999999" lon="0.2478417"><ele>78.11</ele></trkpt>
<trkpt lat="49.6033583" lon="0.24784"><ele>77.61</ele></trkpt>
<trkpt lat="49.6033983" lon="0.2478433"><ele>76.46</ele></trkpt>
<trkpt lat="49.6034283" lon="0.24784"><ele>75.59</ele></trkpt>
<trkpt lat="49.60345670000001" lon="0.247815"><ele>76.42</ele></trkpt>
<trkpt lat="49.60349169999999" lon="0.24783"><ele>76.25</ele></trkpt>
<trkpt lat="49.60352499999999" lon="0.24784"><ele>76.05</ele></trkpt>
<trkpt lat="49.60355330000001" lon="0.2478483"><ele>76.06</ele></trkpt>
<trkpt lat="49.6035817" lon="0.2478567"><ele>76.09</ele></trkpt>
<trkpt lat="49.6036083" lon="0.2478717"><ele>75.93</ele></trkpt>
<trkpt lat="49.6036433" lon="0.24789"><ele>75.69</ele></trkpt>
<trkpt lat="49.60368" lon="0.2479033"><ele>76.08</ele></trkpt>
<trkpt lat="49.60371500000001" lon="0.247925"><ele>76.8</ele></trkpt>
<trkpt lat="49.6037417" lon="0.2479317"><ele>77.06</ele></trkpt>
<trkpt lat="49.6037767" lon="0.2479567"><ele>77.35</ele></trkpt>
<trkpt lat="49.6038083" lon="0.2479867"><ele>77.6</ele></trkpt>
<trkpt lat="49.60383499999999" lon="0.24802"><ele>78.02</ele></trkpt>
<trkpt lat="49.60385999999999" lon="0.2480483"><ele>78.31</ele></trkpt>
<trkpt lat="49.60388829999999" lon="0.24807"><ele>78.19</ele></trkpt>
<trkpt lat="49.6039117" lon="0.2480967"><ele>77.94</ele></trkpt>
<trkpt lat="49.6039217" lon="0.2481383"><ele>76.44</ele></trkpt>
<trkpt lat="49.60396169999999" lon="0.2481483"><ele>76.6</ele></trkpt>
<trkpt lat="49.6039883" lon="0.2481417"><ele>76.95</ele></trkpt>
<trkpt lat="49.60401" lon="0.24811"><ele>76.98</ele></trkpt>
<trkpt lat="49.604035" lon="0.2480883"><ele>77.35</ele></trkpt>
<trkpt lat="49.6040483" lon="0.2480483"><ele>77.38</ele></trkpt>
<trkpt lat="49.6040683" lon="0.2480117"><ele>77.48</ele></trkpt>
<trkpt lat="49.6040883" lon="0.2479717"><ele>77.55</ele></trkpt>
<trkpt lat="49.6041117" lon="0.2479267"><ele>77.94</ele></trkpt>
<trkpt lat="49.6041317" lon="0.2478883"><ele>78.41</ele></trkpt>
<trkpt lat="49.6041533" lon="0.2478617"><ele>78.55</ele></trkpt>
<trkpt lat="49.6041733" lon="0.2478283"><ele>78.88</ele></trkpt>
<trkpt lat="49.60419330000001" lon="0.2477933"><ele>79.21</ele></trkpt>
<trkpt lat="49.6042133" lon="0.2477583"><ele>79.37</ele></trkpt>
<trkpt lat="49.6042317" lon="0.247715"><ele>79.39</ele></trkpt>
<trkpt lat="49.6042533" lon="0.2476767"><ele>79.02</ele></trkpt>
<trkpt lat="49.6042767" lon="0.2476333"><ele>79.6</ele></trkpt>
<trkpt lat="49.60429830000001" lon="0.24759"><ele>79.94</ele></trkpt>
<trkpt lat="49.60432" lon="0.24755"><ele>80.59</ele></trkpt>
<trkpt lat="49.60434" lon="0.2475083"><ele>80.78</ele></trkpt>
<trkpt lat="49.60436" lon="0.24747"><ele>80.87</ele></trkpt>
<trkpt lat="49.6043783" lon="0.247435"><ele>81.05</ele></trkpt>
<trkpt lat="49.6043917" lon="0.247385"><ele>81.18</ele></trkpt>
<trkpt lat="49.60440670000001" lon="0.247335"><ele>81.63</ele></trkpt>
<trkpt lat="49.6044233" lon="0.247295"><ele>81.85</ele></trkpt>
<trkpt lat="49.6044367" lon="0.2472517"><ele>81.7</ele></trkpt>
<trkpt lat="49.60445" lon="0.24721"><ele>81.53</ele></trkpt>
<trkpt lat="49.6044633" lon="0.2471533"><ele>81.75</ele></trkpt>
<trkpt lat="49.6044817" lon="0.24711"><ele>81.95</ele></trkpt>
<trkpt lat="49.6044983" lon="0.2470767"><ele>82.08</ele></trkpt>
<trkpt lat="49.6045183" lon="0.2470333"><ele>82.06</ele></trkpt>
<trkpt lat="49.6045317" lon="0.2469867"><ele>82.34</ele></trkpt>
<trkpt lat="49.60454500000001" lon="0.2469467"><ele>82.83</ele></trkpt>
<trkpt lat="49.6045567" lon="0.2468967"><ele>82.95</ele></trkpt>
<trkpt lat="49.604565" lon="0.2468517"><ele>82.94</ele></trkpt>
<trkpt lat="49.6045783" lon="0.2468017"><ele>82.57</ele></trkpt>
<trkpt lat="49.6045933" lon="0.246755"><ele>83.17</ele></trkpt>
<trkpt lat="49.60460830000001" lon="0.2467167"><ele>83.78</ele></trkpt>
<trkpt lat="49.6046267" lon="0.24667"><ele>84.4</ele></trkpt>
<trkpt lat="49.604645" lon="0.2466217"><ele>84.77</ele></trkpt>
<trkpt lat="49.60466" lon="0.2465783"><ele>85.23</ele></trkpt>
<trkpt lat="49.60466499999999" lon="0.246535"><ele>85.9</ele></trkpt>
<trkpt lat="49.6046783" lon="0.246495"><ele>87.05</ele></trkpt>
<trkpt lat="49.6046917" lon="0.2464533"><ele>87.4</ele></trkpt>
<trkpt lat="49.6047133" lon="0.2464083"><ele>87.61</ele></trkpt>
<trkpt lat="49.6047267" lon="0.2463717"><ele>87.42</ele></trkpt>
<trkpt lat="49.60474" lon="0.2463233"><ele>87.64</ele></trkpt>
<trkpt lat="49.60475329999999" lon="0.246285"><ele>88.02</ele></trkpt>
<trkpt lat="49.60477000000001" lon="0.246245"><ele>88.46</ele></trkpt>
<trkpt lat="49.604785" lon="0.2462017"><ele>88.74</ele></trkpt>
<trkpt lat="49.6048017" lon="0.2461633"><ele>88.69</ele></trkpt>
<trkpt lat="49.604815" lon="0.246125"><ele>88.76</ele></trkpt>
<trkpt lat="49.6048317" lon="0.24609"><ele>88.71</ele></trkpt>
<trkpt lat="49.60485" lon="0.24605"><ele>88.62</ele></trkpt>
<trkpt lat="49.604865" lon="0.2460117"><ele>88.49</ele></trkpt>
<trkpt lat="49.60488000000001" lon="0.245965"><ele>88.48</ele></trkpt>
<trkpt lat="49.6048983" lon="0.24593"><ele>88.84</ele></trkpt>
<trkpt lat="49.6049167" lon="0.2458983"><ele>89.14</ele></trkpt>
<trkpt lat="49.60494000000001" lon="0.2458633"><ele>89.54</ele></trkpt>
<trkpt lat="49.6049583" lon="0.2458233"><ele>89.7</ele></trkpt>
<trkpt lat="49.60498" lon="0.2457733"><ele>89.75</ele></trkpt>
<trkpt lat="49.60499" lon="0.2457333"><ele>89.84999999999998</ele></trkpt>
<trkpt lat="49.6050067" lon="0.24568"><ele>90.3</ele></trkpt>
<trkpt lat="49.6050217" lon="0.2456267"><ele>90.83</ele></trkpt>
<trkpt lat="49.60504" lon="0.2455867"><ele>91.21</ele></trkpt>
<trkpt lat="49.605055" lon="0.2455417"><ele>91.78</ele></trkpt>
<trkpt lat="49.6050733" lon="0.245495"><ele>92.66</ele></trkpt>
<trkpt lat="49.6050933" lon="0.2454467"><ele>93.63</ele></trkpt>
<trkpt lat="49.60511329999999" lon="0.245395"><ele>94.32</ele></trkpt>
<trkpt lat="49.6051317" lon="0.245345"><ele>94.83</ele></trkpt>
<trkpt lat="49.6051533" lon="0.2452933"><ele>94.88</ele></trkpt>
<trkpt lat="49.6051683" lon="0.2452433"><ele>94.65</ele></trkpt>
<trkpt lat="49.6051783" lon="0.24519"><ele>94.4</ele></trkpt>
<trkpt lat="49.60518669999999" lon="0.2451483"><ele>94.22</ele></trkpt>
<trkpt lat="49.605195" lon="0.2451083"><ele>94.12</ele></trkpt>
<trkpt lat="49.6052033" lon="0.2450533"><ele>94.18</ele></trkpt>
<trkpt lat="49.6052083" lon="0.245"><ele>94.25</ele></trkpt>
<trkpt lat="49.60521500000001" lon="0.2449433"><ele>94.12</ele></trkpt>
<trkpt lat="49.60522" lon="0.2448917"><ele>94.34</ele></trkpt>
<trkpt lat="49.6052267" lon="0.2448433"><ele>94.57</ele></trkpt>
<trkpt lat="49.60524000000001" lon="0.2447917"><ele>95.35</ele></trkpt>
<trkpt lat="49.6052467" lon="0.2447467"><ele>95.7</ele></trkpt>
<trkpt lat="49.60525329999999" lon="0.2446883"><ele>96.27</ele></trkpt>
<trkpt lat="49.6052617" lon="0.2446333"><ele>96.55</ele></trkpt>
<trkpt lat="49.605265" lon="0.2445833"><ele>96.58</ele></trkpt>
<trkpt lat="49.6052717" lon="0.2445333"><ele>96.92</ele></trkpt>
<trkpt lat="49.60528" lon="0.24448"><ele>97.33</ele></trkpt>
<trkpt lat="49.60528" lon="0.2444383"><ele>97.32</ele></trkpt>
<trkpt lat="49.60529" lon="0.2443833"><ele>96.84</ele></trkpt>
<trkpt lat="49.60530000000001" lon="0.2443433"><ele>96.63</ele></trkpt>
<trkpt lat="49.60532" lon="0.2442883"><ele>96.65</ele></trkpt>
<trkpt lat="49.6053367" lon="0.244235"><ele>96.62</ele></trkpt>
<trkpt lat="49.60535169999999" lon="0.2441883"><ele>96.4</ele></trkpt>
<trkpt lat="49.6053733" lon="0.2441367"><ele>96.87</ele></trkpt>
<trkpt lat="49.60539" lon="0.2440883"><ele>97.48</ele></trkpt>
<trkpt lat="49.6054083" lon="0.2440417"><ele>97.67999999999999</ele></trkpt>
<trkpt lat="49.60542329999999" lon="0.2439917"><ele>98.20999999999998</ele></trkpt>
<trkpt lat="49.605435" lon="0.24394"><ele>98.78</ele></trkpt>
<trkpt lat="49.605445" lon="0.24389"><ele>99.56</ele></trkpt>
<trkpt lat="49.6054467" lon="0.24383"><ele>99.93999999999998</ele></trkpt>
<trkpt lat="49.6054433" lon="0.24377"><ele>100.36</ele></trkpt>
<trkpt lat="49.60543999999999" lon="0.2437267"><ele>100.38</ele></trkpt>
<trkpt lat="49.6054417" lon="0.2436833"><ele>100.45</ele></trkpt>
<trkpt lat="49.6054417" lon="0.2436417"><ele>100.41</ele></trkpt>
<trkpt lat="49.6054467" lon="0.2435883"><ele>100.19</ele></trkpt>
<trkpt lat="49.6054517" lon="0.2435333"><ele>99.76</ele></trkpt>
<trkpt lat="49.605455" lon="0.2434917"><ele>99.84999999999998</ele></trkpt>
<trkpt lat="49.6054583" lon="0.2434367"><ele>99.89</ele></trkpt>
<trkpt lat="49.6054667" lon="0.2433817"><ele>100.01</ele></trkpt>
<trkpt lat="49.6054667" lon="0.2433383"><ele>99.96</ele></trkpt>
<trkpt lat="49.6054667" lon="0.2432917"><ele>99.66</ele></trkpt>
<trkpt lat="49.60546" lon="0.2432333"><ele>99.57999999999998</ele></trkpt>
<trkpt lat="49.6054517" lon="0.243175"><ele>99.51</ele></trkpt>
<trkpt lat="49.60543669999999" lon="0.2431317"><ele>99.00000000000001</ele></trkpt>
<trkpt lat="49.605425" lon="0.2430867"><ele>98.48</ele></trkpt>
<trkpt lat="49.6054183" lon="0.243045"><ele>97.98</ele></trkpt>
<trkpt lat="49.6054033" lon="0.2429867"><ele>97.6</ele></trkpt>
<trkpt lat="49.6053917" lon="0.2429467"><ele>97.48999999999998</ele></trkpt>
<trkpt lat="49.6053717" lon="0.2428967"><ele>97.2</ele></trkpt>
<trkpt lat="49.6053567" lon="0.2428467"><ele>96.96</ele></trkpt>
<trkpt lat="49.605345" lon="0.242805"><ele>96.89</ele></trkpt>
<trkpt lat="49.6053233" lon="0.2427533"><ele>96.64</ele></trkpt>
<trkpt lat="49.6053083" lon="0.2427183"><ele>96.75</ele></trkpt>
<trkpt lat="49.605285" lon="0.2426667"><ele>96.96</ele></trkpt>
<trkpt lat="49.6052717" lon="0.24263"><ele>97.23</ele></trkpt>
<trkpt lat="49.605255" lon="0.242595"><ele>97.43999999999998</ele></trkpt>
<trkpt lat="49.60524169999999" lon="0.2425583"><ele>97.64</ele></trkpt>
<trkpt lat="49.60522330000001" lon="0.2425033"><ele>98.03</ele></trkpt>
<trkpt lat="49.60521500000001" lon="0.2424533"><ele>98.34</ele></trkpt>
<trkpt lat="49.60521170000001" lon="0.2424"><ele>98.73000000000002</ele></trkpt>
<trkpt lat="49.6052167" lon="0.2423417"><ele>99.06999999999998</ele></trkpt>
<trkpt lat="49.6052317" lon="0.2422867"><ele>99.4</ele></trkpt>
<trkpt lat="49.60524999999999" lon="0.24224"><ele>99.79999999999998</ele></trkpt>
<trkpt lat="49.6052733" lon="0.2422083"><ele>100.75</ele></trkpt>
<trkpt lat="49.60530000000001" lon="0.2421717"><ele>101.23</ele></trkpt>
<trkpt lat="49.60532500000001" lon="0.24213"><ele>101.98</ele></trkpt>
<trkpt lat="49.6053483" lon="0.242095"><ele>102.5</ele></trkpt>
<trkpt lat="49.6053717" lon="0.24206"><ele>103.44</ele></trkpt>
<trkpt lat="49.6053967" lon="0.24202"><ele>104.19</ele></trkpt>
<trkpt lat="49.60542670000001" lon="0.2419767"><ele>104.89</ele></trkpt>
<trkpt lat="49.6054517" lon="0.24194"><ele>105.4</ele></trkpt>
<trkpt lat="49.605475" lon="0.241905"><ele>105.86</ele></trkpt>
<trkpt lat="49.60549830000001" lon="0.2418617"><ele>106.04</ele></trkpt>
<trkpt lat="49.6055183" lon="0.2418317"><ele>106.08</ele></trkpt>
<trkpt lat="49.6055417" lon="0.2418033"><ele>106.01</ele></trkpt>
<trkpt lat="49.6055633" lon="0.2417767"><ele>105.66</ele></trkpt>
<trkpt lat="49.60559" lon="0.241745"><ele>105.23</ele></trkpt>
<trkpt lat="49.6056233" lon="0.2417117"><ele>105.27</ele></trkpt>
<trkpt lat="49.6056483" lon="0.2416883"><ele>105.28</ele></trkpt>
<trkpt lat="49.6056717" lon="0.2416617"><ele>105.19</ele></trkpt>
<trkpt lat="49.60569829999999" lon="0.2416267"><ele>104.92</ele></trkpt>
<trkpt lat="49.6057283" lon="0.241585"><ele>104.67</ele></trkpt>
<trkpt lat="49.60574830000001" lon="0.2415567"><ele>104.66</ele></trkpt>
<trkpt lat="49.60578" lon="0.241515"><ele>104.59</ele></trkpt>
<trkpt lat="49.6058033" lon="0.241485"><ele>104.56</ele></trkpt>
<trkpt lat="49.60583" lon="0.2414467"><ele>105.01</ele></trkpt>
<trkpt lat="49.60585999999999" lon="0.24141"><ele>105.34</ele></trkpt>
<trkpt lat="49.60588499999999" lon="0.241385"><ele>105.35</ele></trkpt>
<trkpt lat="49.6059083" lon="0.2413583"><ele>105.49</ele></trkpt>
<trkpt lat="49.60593500000001" lon="0.241315"><ele>105.81</ele></trkpt>
<trkpt lat="49.605955" lon="0.2412867"><ele>105.96</ele></trkpt>
<trkpt lat="49.6059817" lon="0.241245"><ele>105.82</ele></trkpt>
<trkpt lat="49.60601" lon="0.2412067"><ele>105.81</ele></trkpt>
<trkpt lat="49.60602999999999" lon="0.2411783"><ele>106.17</ele></trkpt>
<trkpt lat="49.60605" lon="0.24115"><ele>106.61</ele></trkpt>
<trkpt lat="49.60607169999999" lon="0.2411183"><ele>106.93</ele></trkpt>
<trkpt lat="49.6060917" lon="0.24109"><ele>107.21</ele></trkpt>
<trkpt lat="49.6061117" lon="0.2410583"><ele>107.62</ele></trkpt>
<trkpt lat="49.60613169999999" lon="0.2410267"><ele>107.76</ele></trkpt>
<trkpt lat="49.6061517" lon="0.2409983"><ele>107.85</ele></trkpt>
<trkpt lat="49.60618" lon="0.2409583"><ele>108.04</ele></trkpt>
<trkpt lat="49.6062017" lon="0.2409333"><ele>108.24</ele></trkpt>
<trkpt lat="49.6062333" lon="0.240895"><ele>108.7</ele></trkpt>
<trkpt lat="49.6062583" lon="0.2408717"><ele>108.84</ele></trkpt>
<trkpt lat="49.6062817" lon="0.2408467"><ele>108.88</ele></trkpt>
<trkpt lat="49.60630330000001" lon="0.2408183"><ele>108.63</ele></trkpt>
<trkpt lat="49.6063333" lon="0.24078"><ele>108.58</ele></trkpt>
<trkpt lat="49.606365" lon="0.2407417"><ele>108.75</ele></trkpt>
<trkpt lat="49.6063967" lon="0.240705"><ele>108.8</ele></trkpt>
<trkpt lat="49.6064283" lon="0.2406717"><ele>108.61</ele></trkpt>
<trkpt lat="49.6064617" lon="0.2406383"><ele>108.25</ele></trkpt>
<trkpt lat="49.606485" lon="0.2406117"><ele>107.95</ele></trkpt>
<trkpt lat="49.606515" lon="0.2405733"><ele>107.62</ele></trkpt>
<trkpt lat="49.60654170000001" lon="0.2405417"><ele>107.25</ele></trkpt>
<trkpt lat="49.60656329999999" lon="0.2405017"><ele>107</ele></trkpt>
<trkpt lat="49.6065933" lon="0.2404667"><ele>106.55</ele></trkpt>
<trkpt lat="49.6066217" lon="0.24043"><ele>105.96</ele></trkpt>
<trkpt lat="49.60665" lon="0.24039"><ele>105.34</ele></trkpt>
<trkpt lat="49.6066767" lon="0.24035"><ele>104.6</ele></trkpt>
<trkpt lat="49.606705" lon="0.240315"><ele>104.39</ele></trkpt>
<trkpt lat="49.6067317" lon="0.24028"><ele>104.38</ele></trkpt>
<trkpt lat="49.60676" lon="0.2402483"><ele>104.31</ele></trkpt>
<trkpt lat="49.6067883" lon="0.240215"><ele>104.38</ele></trkpt>
<trkpt lat="49.6068183" lon="0.2401783"><ele>104.38</ele></trkpt>
<trkpt lat="49.6068433" lon="0.2401383"><ele>104.38</ele></trkpt>
<trkpt lat="49.60687" lon="0.2400983"><ele>104.31</ele></trkpt>
<trkpt lat="49.60690170000001" lon="0.2400667"><ele>104.16</ele></trkpt>
<trkpt lat="49.60692329999999" lon="0.2400417"><ele>104.08</ele></trkpt>
<trkpt lat="49.606945" lon="0.2400167"><ele>104.08</ele></trkpt>
<trkpt lat="49.606975" lon="0.2399783"><ele>104.4</ele></trkpt>
<trkpt lat="49.6070067" lon="0.239945"><ele>104.8</ele></trkpt>
<trkpt lat="49.6070383" lon="0.2399117"><ele>105.2</ele></trkpt>
<trkpt lat="49.60706" lon="0.2398867"><ele>105.27</ele></trkpt>
<trkpt lat="49.6070817" lon="0.2398617"><ele>105.12</ele></trkpt>
<trkpt lat="49.6071033" lon="0.2398333"><ele>104.76</ele></trkpt>
<trkpt lat="49.60712669999999" lon="0.2398083"><ele>104.36</ele></trkpt>
<trkpt lat="49.6071483" lon="0.23978"><ele>103.96</ele></trkpt>
<trkpt lat="49.6071683" lon="0.23975"><ele>103.31</ele></trkpt>
<trkpt lat="49.6071883" lon="0.2397217"><ele>102.78</ele></trkpt>
<trkpt lat="49.60721169999999" lon="0.2396917"><ele>102.2</ele></trkpt>
<trkpt lat="49.6072383" lon="0.2396517"><ele>101.14</ele></trkpt>
<trkpt lat="49.60726" lon="0.2396167"><ele>100.28</ele></trkpt>
<trkpt lat="49.607285" lon="0.23959"><ele>100.28</ele></trkpt>
<trkpt lat="49.6073067" lon="0.2395417"><ele>99.93</ele></trkpt>
<trkpt lat="49.6073267" lon="0.239495"><ele>99.97</ele></trkpt>
<trkpt lat="49.6073383" lon="0.2394417"><ele>99.91</ele></trkpt>
<trkpt lat="49.6073433" lon="0.239385"><ele>99.61</ele></trkpt>
<trkpt lat="49.607345" lon="0.23933"><ele>99.32</ele></trkpt>
<trkpt lat="49.607345" lon="0.2392867"><ele>99.37</ele></trkpt>
<trkpt lat="49.6073383" lon="0.23923"><ele>99.38</ele></trkpt>
<trkpt lat="49.6073383" lon="0.2391717"><ele>99.12</ele></trkpt>
<trkpt lat="49.60734" lon="0.2391183"><ele>98.84</ele></trkpt>
<trkpt lat="49.6073367" lon="0.2390617"><ele>98.61</ele></trkpt>
<trkpt lat="49.60733330000001" lon="0.2390117"><ele>98.74</ele></trkpt>
<trkpt lat="49.6073267" lon="0.2389617"><ele>98.8</ele></trkpt>
<trkpt lat="49.60732500000001" lon="0.2389033"><ele>99.03</ele></trkpt>
<trkpt lat="49.60732500000001" lon="0.2388467"><ele>99.56999999999998</ele></trkpt>
<trkpt lat="49.6073267" lon="0.2388017"><ele>99.9</ele></trkpt>
<trkpt lat="49.6073283" lon="0.2387567"><ele>100.06</ele></trkpt>
<trkpt lat="49.60732500000001" lon="0.2387117"><ele>100</ele></trkpt>
<trkpt lat="49.6073233" lon="0.2386667"><ele>99.82</ele></trkpt>
<trkpt lat="49.6073233" lon="0.238625"><ele>99.55</ele></trkpt>
<trkpt lat="49.60732500000001" lon="0.2385817"><ele>99.25</ele></trkpt>
<trkpt lat="49.60732" lon="0.2385233"><ele>98.84999999999998</ele></trkpt>
<trkpt lat="49.60732" lon="0.2384667"><ele>99.01</ele></trkpt>
<trkpt lat="49.6073233" lon="0.2384133"><ele>99.26</ele></trkpt>
<trkpt lat="49.60732170000001" lon="0.2383633"><ele>99.71999999999998</ele></trkpt>
<trkpt lat="49.60732" lon="0.23831"><ele>99.93</ele></trkpt>
<trkpt lat="49.6073183" lon="0.2382633"><ele>99.88</ele></trkpt>
<trkpt lat="49.6073167" lon="0.23822"><ele>99.78</ele></trkpt>
<trkpt lat="49.6073133" lon="0.23816"><ele>99.93999999999998</ele></trkpt>
<trkpt lat="49.6073067" lon="0.2381167"><ele>99.88</ele></trkpt>
<trkpt lat="49.6073" lon="0.23806"><ele>99.94999999999999</ele></trkpt>
<trkpt lat="49.6072983" lon="0.238005"><ele>100.3</ele></trkpt>
<trkpt lat="49.6072983" lon="0.2379433"><ele>100.37</ele></trkpt>
<trkpt lat="49.60729669999999" lon="0.2379"><ele>100.38</ele></trkpt>
<trkpt lat="49.607295" lon="0.2378567"><ele>100.54</ele></trkpt>
<trkpt lat="49.6072883" lon="0.2377967"><ele>100.61</ele></trkpt>
<trkpt lat="49.6072867" lon="0.2377433"><ele>100.32</ele></trkpt>
<trkpt lat="49.6072883" lon="0.237685"><ele>100.28</ele></trkpt>
<trkpt lat="49.6072883" lon="0.2376433"><ele>100.02</ele></trkpt>
<trkpt lat="49.6072867" lon="0.2376017"><ele>99.89</ele></trkpt>
<trkpt lat="49.6072817" lon="0.2375533"><ele>100.04</ele></trkpt>
<trkpt lat="49.6072767" lon="0.2374933"><ele>99.98</ele></trkpt>
<trkpt lat="49.6072767" lon="0.23744"><ele>99.88</ele></trkpt>
<trkpt lat="49.60728" lon="0.237385"><ele>100.06</ele></trkpt>
<trkpt lat="49.6072783" lon="0.2373433"><ele>99.93</ele></trkpt>
<trkpt lat="49.6072817" lon="0.237295"><ele>99.88</ele></trkpt>
<trkpt lat="49.6072817" lon="0.2372517"><ele>100.29</ele></trkpt>
<trkpt lat="49.6072817" lon="0.2371933"><ele>100.8</ele></trkpt>
<trkpt lat="49.60728" lon="0.23715"><ele>100.96</ele></trkpt>
<trkpt lat="49.60728" lon="0.2371083"><ele>101.02</ele></trkpt>
<trkpt lat="49.60728" lon="0.23706"><ele>101.53</ele></trkpt>
<trkpt lat="49.60728329999999" lon="0.2370083"><ele>101.76</ele></trkpt>
<trkpt lat="49.60728329999999" lon="0.236955"><ele>102.03</ele></trkpt>
<trkpt lat="49.6072817" lon="0.236895"><ele>102.07</ele></trkpt>
<trkpt lat="49.60728329999999" lon="0.2368533"><ele>102.24</ele></trkpt>
<trkpt lat="49.6072817" lon="0.2368067"><ele>102.46</ele></trkpt>
<trkpt lat="49.60728329999999" lon="0.236755"><ele>102.98</ele></trkpt>
<trkpt lat="49.607295" lon="0.2367167"><ele>103.79</ele></trkpt>
<trkpt lat="49.6073133" lon="0.2366817"><ele>104.87</ele></trkpt>
<trkpt lat="49.6073183" lon="0.23663"><ele>105.14</ele></trkpt>
<trkpt lat="49.6073283" lon="0.23658"><ele>104.97</ele></trkpt>
<trkpt lat="49.60732500000001" lon="0.23652"><ele>104.34</ele></trkpt>
<trkpt lat="49.6073233" lon="0.2364633"><ele>103.85</ele></trkpt>
<trkpt lat="49.6073233" lon="0.23641"><ele>103.51</ele></trkpt>
<trkpt lat="49.6073183" lon="0.2363533"><ele>103.31</ele></trkpt>
<trkpt lat="49.6073167" lon="0.2362967"><ele>103.02</ele></trkpt>
<trkpt lat="49.60730829999999" lon="0.23624"><ele>102.91</ele></trkpt>
<trkpt lat="49.6073167" lon="0.23619"><ele>102.71</ele></trkpt>
<trkpt lat="49.60733" lon="0.23614"><ele>102.51</ele></trkpt>
<trkpt lat="49.60734" lon="0.2360867"><ele>102.2</ele></trkpt>
<trkpt lat="49.607345" lon="0.2360283"><ele>102.08</ele></trkpt>
<trkpt lat="49.6073433" lon="0.2359683"><ele>101.82</ele></trkpt>
<trkpt lat="49.6073367" lon="0.2359267"><ele>101.64</ele></trkpt>
<trkpt lat="49.6073283" lon="0.2358867"><ele>101.49</ele></trkpt>
<trkpt lat="49.60732170000001" lon="0.235845"><ele>101.17</ele></trkpt>
<trkpt lat="49.60730829999999" lon="0.235805"><ele>100.85</ele></trkpt>
<trkpt lat="49.60729669999999" lon="0.2357667"><ele>100.62</ele></trkpt>
<trkpt lat="49.6072817" lon="0.23571"><ele>100.25</ele></trkpt>
<trkpt lat="49.607265" lon="0.2356567"><ele>99.83</ele></trkpt>
<trkpt lat="49.60725" lon="0.2356033"><ele>99.58999999999999</ele></trkpt>
<trkpt lat="49.607235" lon="0.2355533"><ele>99.56999999999998</ele></trkpt>
<trkpt lat="49.60723" lon="0.2354983"><ele>99.48</ele></trkpt>
<trkpt lat="49.60722000000001" lon="0.235445"><ele>99.38</ele></trkpt>
<trkpt lat="49.60721169999999" lon="0.2353883"><ele>99.37</ele></trkpt>
<trkpt lat="49.6072067" lon="0.235345"><ele>99.48999999999998</ele></trkpt>
<trkpt lat="49.6072" lon="0.2353017"><ele>99.33</ele></trkpt>
<trkpt lat="49.60719829999999" lon="0.2352583"><ele>99.19</ele></trkpt>
<trkpt lat="49.60719829999999" lon="0.235215"><ele>99.25</ele></trkpt>
<trkpt lat="49.6071933" lon="0.2351733"><ele>99.27</ele></trkpt>
<trkpt lat="49.6071883" lon="0.2351233"><ele>99.24</ele></trkpt>
<trkpt lat="49.607185" lon="0.2350717"><ele>99.01</ele></trkpt>
<trkpt lat="49.6071917" lon="0.2350283"><ele>98.63000000000001</ele></trkpt>
<trkpt lat="49.6072067" lon="0.2349883"><ele>98.48</ele></trkpt>
<trkpt lat="49.6072283" lon="0.2349383"><ele>98.7</ele></trkpt>
<trkpt lat="49.60725" lon="0.23489"><ele>98.53</ele></trkpt>
<trkpt lat="49.6072683" lon="0.23484"><ele>98.64</ele></trkpt>
<trkpt lat="49.607285" lon="0.2347917"><ele>98.94999999999999</ele></trkpt>
<trkpt lat="49.607305" lon="0.2347583"><ele>98.88</ele></trkpt>
<trkpt lat="49.6073233" lon="0.2347233"><ele>98.34999999999998</ele></trkpt>
<trkpt lat="49.6073283" lon="0.2346667"><ele>98.19</ele></trkpt>
<trkpt lat="49.6073317" lon="0.2346117"><ele>97.89</ele></trkpt>
<trkpt lat="49.60733330000001" lon="0.234555"><ele>98.58999999999999</ele></trkpt>
<trkpt lat="49.6073483" lon="0.2345067"><ele>98.92</ele></trkpt>
<trkpt lat="49.607365" lon="0.23447"><ele>98.07999999999998</ele></trkpt>
<trkpt lat="49.607375" lon="0.2344267"><ele>97.03</ele></trkpt>
<trkpt lat="49.60738499999999" lon="0.23437"><ele>97.14</ele></trkpt>
<trkpt lat="49.6073967" lon="0.2343233"><ele>97.24</ele></trkpt>
<trkpt lat="49.6074167" lon="0.2342867"><ele>98.93</ele></trkpt>
<trkpt lat="49.60744499999999" lon="0.23425"><ele>100.2</ele></trkpt>
<trkpt lat="49.6074683" lon="0.2342183"><ele>100.2</ele></trkpt>
<trkpt lat="49.6074917" lon="0.2341967"><ele>100.08</ele></trkpt>
<trkpt lat="49.60752000000001" lon="0.23418"><ele>99.88</ele></trkpt>
<trkpt lat="49.6075433" lon="0.234145"><ele>99.78</ele></trkpt>
<trkpt lat="49.6075533" lon="0.234105"><ele>99.61</ele></trkpt>
<trkpt lat="49.6075733" lon="0.2340633"><ele>99.50000000000001</ele></trkpt>
<trkpt lat="49.60759670000001" lon="0.2340283"><ele>98.93</ele></trkpt>
<trkpt lat="49.6076233" lon="0.2340083"><ele>97.76</ele></trkpt>
<trkpt lat="49.6076483" lon="0.233985"><ele>96.93999999999998</ele></trkpt>
<trkpt lat="49.6076783" lon="0.2339983"><ele>96.2</ele></trkpt>
<trkpt lat="49.6077133" lon="0.2340183"><ele>95.47</ele></trkpt>
<trkpt lat="49.6077467" lon="0.2340367"><ele>94.51</ele></trkpt>
<trkpt lat="49.60777830000001" lon="0.2340633"><ele>93.88</ele></trkpt>
<trkpt lat="49.60780829999999" lon="0.2340967"><ele>93.58</ele></trkpt>
<trkpt lat="49.60784" lon="0.2341167"><ele>94.04</ele></trkpt>
<trkpt lat="49.6078417" lon="0.2340667"><ele>94.73</ele></trkpt>
<trkpt lat="49.6078117" lon="0.23403"><ele>94.77</ele></trkpt>
<trkpt lat="49.6077833" lon="0.2339983"><ele>94.86</ele></trkpt>
<trkpt lat="49.6077567" lon="0.23397"><ele>94.77</ele></trkpt>
<trkpt lat="49.6077233" lon="0.23394"><ele>94.61</ele></trkpt>
<trkpt lat="49.60769169999999" lon="0.2339067"><ele>94.59</ele></trkpt>
<trkpt lat="49.60766830000001" lon="0.2338833"><ele>94.5</ele></trkpt>
<trkpt lat="49.6076383" lon="0.233855"><ele>94.28</ele></trkpt>
<trkpt lat="49.6076283" lon="0.233805"><ele>94.01</ele></trkpt>
<trkpt lat="49.60763" lon="0.2337583"><ele>94.04</ele></trkpt>
<trkpt lat="49.60762170000001" lon="0.233715"><ele>93.92</ele></trkpt>
<trkpt lat="49.60760830000001" lon="0.2336667"><ele>93.27</ele></trkpt>
<trkpt lat="49.6075917" lon="0.23362"><ele>92.44</ele></trkpt>
<trkpt lat="49.6075667" lon="0.23359"><ele>92.16</ele></trkpt>
<trkpt lat="49.6075317" lon="0.2335783"><ele>91.82</ele></trkpt>
<trkpt lat="49.6075" lon="0.2335633"><ele>91.93</ele></trkpt>
<trkpt lat="49.6074767" lon="0.23354"><ele>91.62</ele></trkpt>
<trkpt lat="49.60745" lon="0.23352"><ele>90.75</ele></trkpt>
<trkpt lat="49.6074667" lon="0.2334783"><ele>90.94</ele></trkpt>
<trkpt lat="49.6074833" lon="0.233445"><ele>91.04</ele></trkpt>
<trkpt lat="49.60749830000001" lon="0.2334067"><ele>91.21</ele></trkpt>
<trkpt lat="49.6075083" lon="0.2333667"><ele>91.34</ele></trkpt>
<trkpt lat="49.6075233" lon="0.233315"><ele>91.3</ele></trkpt>
<trkpt lat="49.6075383" lon="0.2332667"><ele>90.69</ele></trkpt>
<trkpt lat="49.6075483" lon="0.2332233"><ele>89.94999999999999</ele></trkpt>
<trkpt lat="49.6075567" lon="0.2331833"><ele>89.77</ele></trkpt>
<trkpt lat="49.6075733" lon="0.2331417"><ele>91.25</ele></trkpt>
<trkpt lat="49.6075817" lon="0.2330817"><ele>90.95</ele></trkpt>
<trkpt lat="49.6075767" lon="0.233035"><ele>90.72</ele></trkpt>
<trkpt lat="49.60755829999999" lon="0.2329867"><ele>90.61</ele></trkpt>
<trkpt lat="49.6075367" lon="0.232955"><ele>90.25</ele></trkpt>
<trkpt lat="49.60751170000001" lon="0.23293"><ele>89.73</ele></trkpt>
<trkpt lat="49.6074817" lon="0.2329283"><ele>89.69</ele></trkpt>
<trkpt lat="49.6074517" lon="0.2329133"><ele>89.77</ele></trkpt>
<trkpt lat="49.607425" lon="0.2328983"><ele>89.79</ele></trkpt>
<trkpt lat="49.6073967" lon="0.2328783"><ele>89.61</ele></trkpt>
<trkpt lat="49.60736829999999" lon="0.2328617"><ele>89.34</ele></trkpt>
<trkpt lat="49.6073417" lon="0.232845"><ele>89.1</ele></trkpt>
<trkpt lat="49.6073183" lon="0.2328233"><ele>89.17</ele></trkpt>
<trkpt lat="49.6073033" lon="0.232785"><ele>89.35</ele></trkpt>
<trkpt lat="49.6072917" lon="0.23274"><ele>89.78</ele></trkpt>
<trkpt lat="49.6072883" lon="0.2326917"><ele>90.12</ele></trkpt>
<trkpt lat="49.6072917" lon="0.2326367"><ele>90.46</ele></trkpt>
<trkpt lat="49.607305" lon="0.2325817"><ele>90.47</ele></trkpt>
<trkpt lat="49.60731" lon="0.2325233"><ele>90.96</ele></trkpt>
<trkpt lat="49.6073183" lon="0.2324667"><ele>92.17</ele></trkpt>
<trkpt lat="49.60732500000001" lon="0.232405"><ele>93.17</ele></trkpt>
<trkpt lat="49.60733330000001" lon="0.2323467"><ele>93.95</ele></trkpt>
<trkpt lat="49.6073383" lon="0.2322967"><ele>94.42</ele></trkpt>
<trkpt lat="49.6073383" lon="0.232255"><ele>94.95</ele></trkpt>
<trkpt lat="49.6073383" lon="0.2321917"><ele>95.49</ele></trkpt>
<trkpt lat="49.60734" lon="0.2321467"><ele>95.73</ele></trkpt>
<trkpt lat="49.6073433" lon="0.2320883"><ele>95.56</ele></trkpt>
<trkpt lat="49.6073433" lon="0.2320417"><ele>96.07</ele></trkpt>
<trkpt lat="49.6073433" lon="0.2319867"><ele>96.28999999999999</ele></trkpt>
<trkpt lat="49.60734670000001" lon="0.231945"><ele>96.52</ele></trkpt>
<trkpt lat="49.60735" lon="0.2318967"><ele>96.57</ele></trkpt>
<trkpt lat="49.6073533" lon="0.2318333"><ele>96.8</ele></trkpt>
<trkpt lat="49.6073533" lon="0.2317867"><ele>97.6</ele></trkpt>
<trkpt lat="49.607355" lon="0.2317433"><ele>98.33</ele></trkpt>
<trkpt lat="49.60735999999999" lon="0.2316867"><ele>98.98</ele></trkpt>
<trkpt lat="49.6073633" lon="0.2316433"><ele>99.32</ele></trkpt>
<trkpt lat="49.6073617" lon="0.2316017"><ele>99.53</ele></trkpt>
<trkpt lat="49.607355" lon="0.23156"><ele>99.79999999999998</ele></trkpt>
<trkpt lat="49.607355" lon="0.2315067"><ele>99.63000000000001</ele></trkpt>
<trkpt lat="49.6073617" lon="0.2314533"><ele>99.34</ele></trkpt>
<trkpt lat="49.60737" lon="0.231395"><ele>98.76</ele></trkpt>
<trkpt lat="49.607375" lon="0.2313517"><ele>98.44999999999999</ele></trkpt>
<trkpt lat="49.60738" lon="0.2312917"><ele>98.00000000000001</ele></trkpt>
<trkpt lat="49.6073783" lon="0.23125"><ele>97.51</ele></trkpt>
<trkpt lat="49.6073767" lon="0.2312083"><ele>96.78999999999999</ele></trkpt>
<trkpt lat="49.6073783" lon="0.2311667"><ele>96.52</ele></trkpt>
<trkpt lat="49.60738169999999" lon="0.2311217"><ele>96.48</ele></trkpt>
<trkpt lat="49.6073867" lon="0.2310767"><ele>96.47</ele></trkpt>
<trkpt lat="49.6073917" lon="0.231035"><ele>96.61</ele></trkpt>
<trkpt lat="49.607395" lon="0.23098"><ele>96.86</ele></trkpt>
<trkpt lat="49.6074" lon="0.2309183"><ele>97.12</ele></trkpt>
<trkpt lat="49.60740670000001" lon="0.2308583"><ele>97.11</ele></trkpt>
<trkpt lat="49.6074133" lon="0.2307967"><ele>97.23</ele></trkpt>
<trkpt lat="49.60742" lon="0.2307367"><ele>97.69</ele></trkpt>
<trkpt lat="49.6074217" lon="0.230695"><ele>98.08999999999999</ele></trkpt>
<trkpt lat="49.607425" lon="0.2306517"><ele>98.48</ele></trkpt>
<trkpt lat="49.60743" lon="0.23061"><ele>98.71999999999998</ele></trkpt>
<trkpt lat="49.60743500000001" lon="0.2305667"><ele>98.93</ele></trkpt>
<trkpt lat="49.60744" lon="0.2305217"><ele>99.13000000000001</ele></trkpt>
<trkpt lat="49.60744499999999" lon="0.2304617"><ele>99.11</ele></trkpt>
<trkpt lat="49.60745" lon="0.23042"><ele>98.75</ele></trkpt>
<trkpt lat="49.60744829999999" lon="0.2303767"><ele>98.4</ele></trkpt>
<trkpt lat="49.60744499999999" lon="0.2303333"><ele>98.3</ele></trkpt>
<trkpt lat="49.60744499999999" lon="0.2302917"><ele>98.56999999999998</ele></trkpt>
<trkpt lat="49.6074383" lon="0.23023"><ele>98.63000000000001</ele></trkpt>
<trkpt lat="49.60743170000001" lon="0.2301717"><ele>97.64</ele></trkpt>
<trkpt lat="49.607425" lon="0.2301233"><ele>97.05</ele></trkpt>
<trkpt lat="49.6074233" lon="0.230075"><ele>96.62</ele></trkpt>
<trkpt lat="49.607405" lon="0.23003"><ele>96.34</ele></trkpt>
<trkpt lat="49.60738169999999" lon="0.229995"><ele>96.02</ele></trkpt>
<trkpt lat="49.6073633" lon="0.2299633"><ele>95.98</ele></trkpt>
<trkpt lat="49.6073517" lon="0.2299217"><ele>95.95</ele></trkpt>
<trkpt lat="49.607345" lon="0.22988"><ele>96.04</ele></trkpt>
<trkpt lat="49.60734" lon="0.2298217"><ele>96.4</ele></trkpt>
<trkpt lat="49.60733330000001" lon="0.22976"><ele>97.08</ele></trkpt>
<trkpt lat="49.60732500000001" lon="0.2297"><ele>97.19</ele></trkpt>
<trkpt lat="49.6073183" lon="0.2296467"><ele>97.17</ele></trkpt>
<trkpt lat="49.607315" lon="0.229595"><ele>96.99</ele></trkpt>
<trkpt lat="49.6073133" lon="0.22955"><ele>97.2</ele></trkpt>
<trkpt lat="49.6073167" lon="0.2295"><ele>97.35999999999999</ele></trkpt>
<trkpt lat="49.60732" lon="0.2294567"><ele>97.3</ele></trkpt>
<trkpt lat="49.6073233" lon="0.2294133"><ele>97.58999999999999</ele></trkpt>
<trkpt lat="49.60734670000001" lon="0.2293683"><ele>97.77000000000001</ele></trkpt>
<trkpt lat="49.6073667" lon="0.2293233"><ele>97.85999999999999</ele></trkpt>
<trkpt lat="49.6073867" lon="0.229275"><ele>97.80999999999999</ele></trkpt>
<trkpt lat="49.607415" lon="0.229225"><ele>97.61</ele></trkpt>
<trkpt lat="49.6074383" lon="0.2291967"><ele>97.41</ele></trkpt>
<trkpt lat="49.60746169999999" lon="0.2291683"><ele>97.53</ele></trkpt>
<trkpt lat="49.6074833" lon="0.2291367"><ele>97.8</ele></trkpt>
<trkpt lat="49.6075033" lon="0.2291083"><ele>97.80999999999999</ele></trkpt>
<trkpt lat="49.6075317" lon="0.2290617"><ele>97.74</ele></trkpt>
<trkpt lat="49.60755" lon="0.22903"><ele>97.85999999999999</ele></trkpt>
<trkpt lat="49.60757170000001" lon="0.2289983"><ele>98.01</ele></trkpt>
<trkpt lat="49.6075933" lon="0.228965"><ele>98.06</ele></trkpt>
<trkpt lat="49.6076133" lon="0.2289367"><ele>97.98</ele></trkpt>
<trkpt lat="49.60764" lon="0.2289033"><ele>97.93999999999998</ele></trkpt>
<trkpt lat="49.6076633" lon="0.22888"><ele>97.80999999999999</ele></trkpt>
<trkpt lat="49.6076883" lon="0.2288567"><ele>97.67999999999999</ele></trkpt>
<trkpt lat="49.6077217" lon="0.2288283"><ele>97.47</ele></trkpt>
<trkpt lat="49.6077483" lon="0.2288033"><ele>97.62999999999998</ele></trkpt>
<trkpt lat="49.6077717" lon="0.2287783"><ele>98.24</ele></trkpt>
<trkpt lat="49.60779500000001" lon="0.2287567"><ele>98.7</ele></trkpt>
<trkpt lat="49.6078233" lon="0.228735"><ele>99.21999999999998</ele></trkpt>
<trkpt lat="49.6078533" lon="0.2287017"><ele>99.65</ele></trkpt>
<trkpt lat="49.607885" lon="0.22867"><ele>99.69</ele></trkpt>
<trkpt lat="49.6079117" lon="0.22865"><ele>99.9</ele></trkpt>
<trkpt lat="49.60794000000001" lon="0.2286333"><ele>100.35</ele></trkpt>
<trkpt lat="49.60796669999999" lon="0.228615"><ele>100.87</ele></trkpt>
<trkpt lat="49.6079933" lon="0.2285933"><ele>101.1</ele></trkpt>
<trkpt lat="49.6080183" lon="0.2285717"><ele>101.25</ele></trkpt>
<trkpt lat="49.60805330000001" lon="0.2285483"><ele>101.59</ele></trkpt>
<trkpt lat="49.60808829999999" lon="0.228525"><ele>102.09</ele></trkpt>
<trkpt lat="49.60812" lon="0.2285017"><ele>102.42</ele></trkpt>
<trkpt lat="49.608145" lon="0.228485"><ele>102.39</ele></trkpt>
<trkpt lat="49.60818" lon="0.22846"><ele>102.34</ele></trkpt>
<trkpt lat="49.608205" lon="0.2284433"><ele>102.34</ele></trkpt>
<trkpt lat="49.6082367" lon="0.2284167"><ele>102.28</ele></trkpt>
<trkpt lat="49.60826669999999" lon="0.2283967"><ele>102.27</ele></trkpt>
<trkpt lat="49.6082933" lon="0.228375"><ele>102.17</ele></trkpt>
<trkpt lat="49.60832500000001" lon="0.22835"><ele>101.82</ele></trkpt>
<trkpt lat="49.60836" lon="0.22833"><ele>101.84</ele></trkpt>
<trkpt lat="49.608395" lon="0.2283017"><ele>101.99</ele></trkpt>
<trkpt lat="49.608425" lon="0.2282717"><ele>101.85</ele></trkpt>
<trkpt lat="49.608445" lon="0.2282417"><ele>102.34</ele></trkpt>
<trkpt lat="49.60843999999999" lon="0.2281867"><ele>102.25</ele></trkpt>
<trkpt lat="49.608425" lon="0.2281333"><ele>102.57</ele></trkpt>
<trkpt lat="49.60841169999999" lon="0.2280867"><ele>103.22</ele></trkpt>
<trkpt lat="49.6084033" lon="0.2280333"><ele>104.23</ele></trkpt>
<trkpt lat="49.6083933" lon="0.2279933"><ele>104.45</ele></trkpt>
<trkpt lat="49.6083833" lon="0.2279533"><ele>104.47</ele></trkpt>
<trkpt lat="49.6083667" lon="0.2278983"><ele>104.22</ele></trkpt>
<trkpt lat="49.6083583" lon="0.2278583"><ele>103.94</ele></trkpt>
<trkpt lat="49.6083417" lon="0.2278"><ele>103.2</ele></trkpt>
<trkpt lat="49.6083317" lon="0.22776"><ele>102.76</ele></trkpt>
<trkpt lat="49.6083233" lon="0.22772"><ele>102.49</ele></trkpt>
<trkpt lat="49.60831329999999" lon="0.2276633"><ele>102.68</ele></trkpt>
<trkpt lat="49.6082967" lon="0.2276033"><ele>102.77</ele></trkpt>
<trkpt lat="49.6082883" lon="0.2275533"><ele>102.61</ele></trkpt>
<trkpt lat="49.60828" lon="0.2275133"><ele>102.16</ele></trkpt>
<trkpt lat="49.608265" lon="0.2274567"><ele>101.34</ele></trkpt>
<trkpt lat="49.60825329999999" lon="0.2274017"><ele>101.25</ele></trkpt>
<trkpt lat="49.6082517" lon="0.22734"><ele>101.27</ele></trkpt>
<trkpt lat="49.6082483" lon="0.2272983"><ele>101.27</ele></trkpt>
<trkpt lat="49.60824999999999" lon="0.227255"><ele>101.27</ele></trkpt>
<trkpt lat="49.608245" lon="0.2272"><ele>100.92</ele></trkpt>
<trkpt lat="49.6082367" lon="0.2271367"><ele>100.68</ele></trkpt>
<trkpt lat="49.608235" lon="0.227075"><ele>100.75</ele></trkpt>
<trkpt lat="49.6082317" lon="0.2270167"><ele>100.95</ele></trkpt>
<trkpt lat="49.60824169999999" lon="0.2269683"><ele>101.01</ele></trkpt>
<trkpt lat="49.6082633" lon="0.226925"><ele>101.42</ele></trkpt>
<trkpt lat="49.60829170000001" lon="0.2268883"><ele>101.4</ele></trkpt>
<trkpt lat="49.6083183" lon="0.2268517"><ele>100.92</ele></trkpt>
<trkpt lat="49.6083467" lon="0.2268133"><ele>100.61</ele></trkpt>
<trkpt lat="49.6083717" lon="0.226775"><ele>100.73</ele></trkpt>
<trkpt lat="49.608395" lon="0.22674"><ele>100.77</ele></trkpt>
<trkpt lat="49.60841499999999" lon="0.2266933"><ele>101.33</ele></trkpt>
<trkpt lat="49.6084383" lon="0.226655"><ele>102.2</ele></trkpt>
<trkpt lat="49.6084583" lon="0.2266267"><ele>102.62</ele></trkpt>
<trkpt lat="49.60848670000001" lon="0.22659"><ele>103.18</ele></trkpt>
<trkpt lat="49.6085117" lon="0.22655"><ele>103.76</ele></trkpt>
<trkpt lat="49.6085383" lon="0.226515"><ele>104.33</ele></trkpt>
<trkpt lat="49.60857170000001" lon="0.22648"><ele>104.7</ele></trkpt>
<trkpt lat="49.6085983" lon="0.226445"><ele>105.5</ele></trkpt>
<trkpt lat="49.60862" lon="0.2264"><ele>105</ele></trkpt>
<trkpt lat="49.60864" lon="0.2263617"><ele>104.35</ele></trkpt>
<trkpt lat="49.6086567" lon="0.22631"><ele>103.55</ele></trkpt>
<trkpt lat="49.608685" lon="0.2262667"><ele>103.08</ele></trkpt>
<trkpt lat="49.6087133" lon="0.2262283"><ele>102.56</ele></trkpt>
<trkpt lat="49.60874" lon="0.2261883"><ele>101.91</ele></trkpt>
<trkpt lat="49.60876" lon="0.226145"><ele>101.61</ele></trkpt>
<trkpt lat="49.6087783" lon="0.2261133"><ele>101.24</ele></trkpt>
<trkpt lat="49.6087817" lon="0.2260633"><ele>100.97</ele></trkpt>
<trkpt lat="49.6087917" lon="0.226015"><ele>100.71</ele></trkpt>
<trkpt lat="49.60879" lon="0.2259733"><ele>100.35</ele></trkpt>
<trkpt lat="49.6087767" lon="0.225925"><ele>99.75</ele></trkpt>
<trkpt lat="49.60875829999999" lon="0.2258933"><ele>99.06</ele></trkpt>
<trkpt lat="49.608725" lon="0.2258633"><ele>98.52</ele></trkpt>
<trkpt lat="49.6087033" lon="0.2258383"><ele>98.30999999999999</ele></trkpt>
<trkpt lat="49.6086717" lon="0.2258"><ele>98.03999999999999</ele></trkpt>
<trkpt lat="49.60865" lon="0.225775"><ele>97.74</ele></trkpt>
<trkpt lat="49.6086283" lon="0.2257483"><ele>97.42</ele></trkpt>
<trkpt lat="49.608595" lon="0.2257133"><ele>97.11</ele></trkpt>
<trkpt lat="49.60857" lon="0.2256867"><ele>97.23</ele></trkpt>
<trkpt lat="49.608545" lon="0.2256567"><ele>97.01</ele></trkpt>
<trkpt lat="49.6085183" lon="0.225625"><ele>96.53999999999999</ele></trkpt>
<trkpt lat="49.60849000000001" lon="0.2255967"><ele>96.12</ele></trkpt>
<trkpt lat="49.60846" lon="0.22556"><ele>95.91</ele></trkpt>
<trkpt lat="49.6084317" lon="0.225525"><ele>96.12</ele></trkpt>
<trkpt lat="49.608405" lon="0.2255033"><ele>96.84</ele></trkpt>
<trkpt lat="49.608375" lon="0.22547"><ele>97.42</ele></trkpt>
<trkpt lat="49.60835169999999" lon="0.225435"><ele>97.37000000000002</ele></trkpt>
<trkpt lat="49.6083233" lon="0.225395"><ele>97.06</ele></trkpt>
<trkpt lat="49.60829170000001" lon="0.2253683"><ele>96.38</ele></trkpt>
<trkpt lat="49.6082633" lon="0.2253367"><ele>95.5</ele></trkpt>
<trkpt lat="49.6082383" lon="0.2252967"><ele>95.01</ele></trkpt>
<trkpt lat="49.60821500000001" lon="0.225255"><ele>95.1</ele></trkpt>
<trkpt lat="49.6081933" lon="0.2252133"><ele>95.38</ele></trkpt>
<trkpt lat="49.6081667" lon="0.225175"><ele>95.11</ele></trkpt>
<trkpt lat="49.6081367" lon="0.22514"><ele>95.33</ele></trkpt>
<trkpt lat="49.60811330000001" lon="0.2251017"><ele>95.81</ele></trkpt>
<trkpt lat="49.6080917" lon="0.2250767"><ele>95.72</ele></trkpt>
<trkpt lat="49.60806329999999" lon="0.2250433"><ele>95.86</ele></trkpt>
<trkpt lat="49.6080333" lon="0.225005"><ele>95.89</ele></trkpt>
<trkpt lat="49.6080133" lon="0.2249767"><ele>95.62</ele></trkpt>
<trkpt lat="49.607985" lon="0.22497"><ele>95.46</ele></trkpt>
<trkpt lat="49.60795" lon="0.22494"><ele>94.88</ele></trkpt>
<trkpt lat="49.6079283" lon="0.2249117"><ele>94.45</ele></trkpt>
<trkpt lat="49.607905" lon="0.2248883"><ele>94.42</ele></trkpt>
<trkpt lat="49.60788000000001" lon="0.22486"><ele>94.78</ele></trkpt>
<trkpt lat="49.6078483" lon="0.22483"><ele>95.56</ele></trkpt>
<trkpt lat="49.6078283" lon="0.2248"><ele>96.12</ele></trkpt>
<trkpt lat="49.6078017" lon="0.2247583"><ele>96.3</ele></trkpt>
<trkpt lat="49.6077733" lon="0.22472"><ele>95.78</ele></trkpt>
<trkpt lat="49.6077517" lon="0.2246917"><ele>95.12</ele></trkpt>
<trkpt lat="49.60773" lon="0.2246617"><ele>94.5</ele></trkpt>
<trkpt lat="49.6077083" lon="0.224635"><ele>94.04</ele></trkpt>
<trkpt lat="49.6076867" lon="0.224605"><ele>93.97</ele></trkpt>
<trkpt lat="49.607665" lon="0.2245533"><ele>93.52</ele></trkpt>
<trkpt lat="49.6076483" lon="0.22452"><ele>93.29</ele></trkpt>
<trkpt lat="49.6076267" lon="0.22449"><ele>93.25</ele></trkpt>
<trkpt lat="49.6076033" lon="0.2244633"><ele>93.17</ele></trkpt>
<trkpt lat="49.60758000000001" lon="0.224435"><ele>93.08</ele></trkpt>
<trkpt lat="49.6075567" lon="0.224405"><ele>92.65</ele></trkpt>
<trkpt lat="49.607525" lon="0.2243667"><ele>92.26</ele></trkpt>
<trkpt lat="49.6075033" lon="0.2243367"><ele>91.76</ele></trkpt>
<trkpt lat="49.607485" lon="0.2243017"><ele>91.44</ele></trkpt>
<trkpt lat="49.6074633" lon="0.2242717"><ele>91.21</ele></trkpt>
<trkpt lat="49.6074417" lon="0.2242467"><ele>90.85</ele></trkpt>
<trkpt lat="49.6074233" lon="0.224215"><ele>90.77</ele></trkpt>
<trkpt lat="49.607405" lon="0.2241833"><ele>90.75</ele></trkpt>
<trkpt lat="49.6073733" lon="0.2241483"><ele>90.68</ele></trkpt>
<trkpt lat="49.60735" lon="0.224125"><ele>90.58</ele></trkpt>
<trkpt lat="49.60733" lon="0.2240967"><ele>90.57</ele></trkpt>
<trkpt lat="49.6073033" lon="0.22405"><ele>90.5</ele></trkpt>
<trkpt lat="49.60727499999999" lon="0.2240117"><ele>90.12</ele></trkpt>
<trkpt lat="49.6072517" lon="0.22399"><ele>89.59</ele></trkpt>
<trkpt lat="49.60722000000001" lon="0.223955"><ele>89.02</ele></trkpt>
<trkpt lat="49.60719499999999" lon="0.2239117"><ele>88.85</ele></trkpt>
<trkpt lat="49.6071733" lon="0.223865"><ele>88.91</ele></trkpt>
<trkpt lat="49.60715" lon="0.2238167"><ele>88.99</ele></trkpt>
<trkpt lat="49.6071217" lon="0.223775"><ele>89.06</ele></trkpt>
<trkpt lat="49.6070917" lon="0.2237383"><ele>88.71</ele></trkpt>
<trkpt lat="49.60707170000001" lon="0.22371"><ele>88.58</ele></trkpt>
<trkpt lat="49.6070533" lon="0.2236783"><ele>88.57</ele></trkpt>
<trkpt lat="49.6070283" lon="0.22363"><ele>88.57</ele></trkpt>
<trkpt lat="49.607005" lon="0.22358"><ele>88.57</ele></trkpt>
<trkpt lat="49.6069883" lon="0.2235433"><ele>88.82</ele></trkpt>
<trkpt lat="49.60697" lon="0.22351"><ele>88.88</ele></trkpt>
<trkpt lat="49.6069467" lon="0.2234633"><ele>89.03</ele></trkpt>
<trkpt lat="49.60692" lon="0.2234233"><ele>89.25</ele></trkpt>
<trkpt lat="49.6068917" lon="0.2233833"><ele>89.5</ele></trkpt>
<trkpt lat="49.6068667" lon="0.223335"><ele>90.25</ele></trkpt>
<trkpt lat="49.6068417" lon="0.2232883"><ele>90.37</ele></trkpt>
<trkpt lat="49.6068183" lon="0.22324"><ele>90.04</ele></trkpt>
<trkpt lat="49.606795" lon="0.223195"><ele>89.43</ele></trkpt>
<trkpt lat="49.6067683" lon="0.22316"><ele>89.02</ele></trkpt>
<trkpt lat="49.6067467" lon="0.2231167"><ele>88.89</ele></trkpt>
<trkpt lat="49.6067283" lon="0.2230733"><ele>88.8</ele></trkpt>
<trkpt lat="49.60671170000001" lon="0.2230317"><ele>88.81</ele></trkpt>
<trkpt lat="49.6066917" lon="0.222985"><ele>89.03</ele></trkpt>
<trkpt lat="49.60667329999999" lon="0.222935"><ele>89.23</ele></trkpt>
<trkpt lat="49.6066467" lon="0.2228933"><ele>88.92</ele></trkpt>
<trkpt lat="49.6066233" lon="0.2228467"><ele>88.69</ele></trkpt>
<trkpt lat="49.6066033" lon="0.222805"><ele>88.55</ele></trkpt>
<trkpt lat="49.60657999999999" lon="0.2227667"><ele>88.66</ele></trkpt>
<trkpt lat="49.6065583" lon="0.22273"><ele>88.43</ele></trkpt>
<trkpt lat="49.606535" lon="0.2227067"><ele>87.91</ele></trkpt>
<trkpt lat="49.6065133" lon="0.2226733"><ele>87.73</ele></trkpt>
<trkpt lat="49.60649169999999" lon="0.2226233"><ele>87.22</ele></trkpt>
<trkpt lat="49.60647" lon="0.222585"><ele>87.03</ele></trkpt>
<trkpt lat="49.6064517" lon="0.22255"><ele>86.65</ele></trkpt>
<trkpt lat="49.606435" lon="0.2225133"><ele>86.25</ele></trkpt>
<trkpt lat="49.6064233" lon="0.2224667"><ele>86.04</ele></trkpt>
<trkpt lat="49.6064083" lon="0.22243"><ele>85.97</ele></trkpt>
<trkpt lat="49.60638830000001" lon="0.22238"><ele>85.9</ele></trkpt>
<trkpt lat="49.6063717" lon="0.2223467"><ele>85.48</ele></trkpt>
<trkpt lat="49.6063517" lon="0.22231"><ele>85.18</ele></trkpt>
<trkpt lat="49.60632999999999" lon="0.2222733"><ele>84.88</ele></trkpt>
<trkpt lat="49.60630499999999" lon="0.2222283"><ele>84.86</ele></trkpt>
<trkpt lat="49.60627830000001" lon="0.2221883"><ele>84.58</ele></trkpt>
<trkpt lat="49.6062617" lon="0.222155"><ele>84.5</ele></trkpt>
<trkpt lat="49.6062467" lon="0.2221183"><ele>84.56</ele></trkpt>
<trkpt lat="49.60623" lon="0.2220833"><ele>84.55</ele></trkpt>
<trkpt lat="49.60620670000001" lon="0.2220417"><ele>84.29</ele></trkpt>
<trkpt lat="49.6061867" lon="0.222005"><ele>84.43</ele></trkpt>
<trkpt lat="49.60616829999999" lon="0.2219633"><ele>84.47</ele></trkpt>
<trkpt lat="49.606145" lon="0.2219133"><ele>84.4</ele></trkpt>
<trkpt lat="49.6061283" lon="0.22188"><ele>84.37</ele></trkpt>
<trkpt lat="49.6061133" lon="0.2218267"><ele>84.28</ele></trkpt>
<trkpt lat="49.60609" lon="0.2217767"><ele>84.39</ele></trkpt>
<trkpt lat="49.6060667" lon="0.221735"><ele>84.53</ele></trkpt>
<trkpt lat="49.60604500000001" lon="0.2216933"><ele>84.85</ele></trkpt>
<trkpt lat="49.6060233" lon="0.22165"><ele>85.13</ele></trkpt>
<trkpt lat="49.6060083" lon="0.221615"><ele>85.25</ele></trkpt>
<trkpt lat="49.605985" lon="0.2215717"><ele>85.52</ele></trkpt>
<trkpt lat="49.6059583" lon="0.2215367"><ele>86.01</ele></trkpt>
<trkpt lat="49.6059333" lon="0.2214883"><ele>85.81</ele></trkpt>
<trkpt lat="49.6059217" lon="0.2214483"><ele>85.54</ele></trkpt>
<trkpt lat="49.6059033" lon="0.221415"><ele>85.31</ele></trkpt>
<trkpt lat="49.60588" lon="0.2213667"><ele>85.19</ele></trkpt>
<trkpt lat="49.60585999999999" lon="0.2213183"><ele>85.2</ele></trkpt>
<trkpt lat="49.6058417" lon="0.22127"><ele>85.01</ele></trkpt>
<trkpt lat="49.60582170000001" lon="0.2212167"><ele>84.78</ele></trkpt>
<trkpt lat="49.60580499999999" lon="0.2211817"><ele>84.59</ele></trkpt>
<trkpt lat="49.60578" lon="0.2211333"><ele>84.7</ele></trkpt>
<trkpt lat="49.60576170000001" lon="0.2211017"><ele>84.74</ele></trkpt>
<trkpt lat="49.6057433" lon="0.22107"><ele>84.93</ele></trkpt>
<trkpt lat="49.60572329999999" lon="0.2210267"><ele>85.39</ele></trkpt>
<trkpt lat="49.6057" lon="0.22098"><ele>85.85</ele></trkpt>
<trkpt lat="49.60568" lon="0.22094"><ele>85.8</ele></trkpt>
<trkpt lat="49.60566000000001" lon="0.2209033"><ele>85.51</ele></trkpt>
<trkpt lat="49.6056383" lon="0.2208583"><ele>85.05</ele></trkpt>
<trkpt lat="49.60561329999999" lon="0.2208183"><ele>84.45</ele></trkpt>
<trkpt lat="49.6055933" lon="0.2207883"><ele>84.21</ele></trkpt>
<trkpt lat="49.6055733" lon="0.2207567"><ele>84.26</ele></trkpt>
<trkpt lat="49.6055567" lon="0.22072"><ele>84.61</ele></trkpt>
<trkpt lat="49.60554" lon="0.2206733"><ele>84.93</ele></trkpt>
<trkpt lat="49.6055183" lon="0.220625"><ele>85.23</ele></trkpt>
<trkpt lat="49.6054933" lon="0.2205833"><ele>85.36</ele></trkpt>
<trkpt lat="49.6054683" lon="0.2205383"><ele>85.3</ele></trkpt>
<trkpt lat="49.60544829999999" lon="0.2204883"><ele>84.92</ele></trkpt>
<trkpt lat="49.6054317" lon="0.2204483"><ele>84.35</ele></trkpt>
<trkpt lat="49.60541169999999" lon="0.2204067"><ele>84.43</ele></trkpt>
<trkpt lat="49.60541330000001" lon="0.2203633"><ele>84.69</ele></trkpt>
<trkpt lat="49.6054" lon="0.2203233"><ele>84.46</ele></trkpt>
<trkpt lat="49.6053833" lon="0.22028"><ele>84.2</ele></trkpt>
<trkpt lat="49.6053717" lon="0.2202367"><ele>83.93</ele></trkpt>
<trkpt lat="49.6053583" lon="0.2201967"><ele>84.15</ele></trkpt>
<trkpt lat="49.60535169999999" lon="0.2201467"><ele>84.1</ele></trkpt>
<trkpt lat="49.60532500000001" lon="0.2201"><ele>83.9</ele></trkpt>
<trkpt lat="49.605295" lon="0.2200783"><ele>83.71</ele></trkpt>
<trkpt lat="49.6052717" lon="0.2200467"><ele>83.77</ele></trkpt>
<trkpt lat="49.6052833" lon="0.2200017"><ele>83.48</ele></trkpt>
<trkpt lat="49.60530000000001" lon="0.2199633"><ele>83.22</ele></trkpt>
<trkpt lat="49.60533" lon="0.219925"><ele>83.17</ele></trkpt>
<trkpt lat="49.60535" lon="0.21988"><ele>82.92</ele></trkpt>
<trkpt lat="49.60535999999999" lon="0.2198367"><ele>82.32</ele></trkpt>
<trkpt lat="49.6053617" lon="0.219795"><ele>81.93</ele></trkpt>
<trkpt lat="49.605355" lon="0.21974"><ele>82.06</ele></trkpt>
<trkpt lat="49.6053483" lon="0.2196983"><ele>83.61</ele></trkpt>
<trkpt lat="49.60532669999999" lon="0.2196733"><ele>83.17</ele></trkpt>
<trkpt lat="49.605295" lon="0.219635"><ele>82.83</ele></trkpt>
<trkpt lat="49.60526" lon="0.2196017"><ele>82.42</ele></trkpt>
<trkpt lat="49.60523670000001" lon="0.21958"><ele>82.37</ele></trkpt>
<trkpt lat="49.60521170000001" lon="0.2195583"><ele>82.12</ele></trkpt>
<trkpt lat="49.6051783" lon="0.21952"><ele>82</ele></trkpt>
<trkpt lat="49.60515500000001" lon="0.2194917"><ele>82.2</ele></trkpt>
<trkpt lat="49.6051317" lon="0.2194633"><ele>82.42</ele></trkpt>
<trkpt lat="49.60511329999999" lon="0.2194317"><ele>82.37</ele></trkpt>
<trkpt lat="49.6050917" lon="0.2194"><ele>82.35</ele></trkpt>
<trkpt lat="49.6050683" lon="0.21937"><ele>82.37</ele></trkpt>
<trkpt lat="49.6050467" lon="0.219335"><ele>82.42</ele></trkpt>
<trkpt lat="49.6050333" lon="0.2192983"><ele>82.67</ele></trkpt>
<trkpt lat="49.6050133" lon="0.2192467"><ele>83.02</ele></trkpt>
<trkpt lat="49.6049983" lon="0.2192067"><ele>82.97</ele></trkpt>
<trkpt lat="49.60498170000001" lon="0.2191717"><ele>82.97</ele></trkpt>
<trkpt lat="49.60495670000001" lon="0.2191233"><ele>82.78</ele></trkpt>
<trkpt lat="49.6049433" lon="0.219085"><ele>82.7</ele></trkpt>
<trkpt lat="49.60493" lon="0.2190483"><ele>82.51</ele></trkpt>
<trkpt lat="49.60491499999999" lon="0.2190117"><ele>82.42</ele></trkpt>
<trkpt lat="49.6049" lon="0.218975"><ele>82.35</ele></trkpt>
<trkpt lat="49.6048867" lon="0.2189383"><ele>82.67</ele></trkpt>
<trkpt lat="49.604875" lon="0.2189"><ele>82.99</ele></trkpt>
<trkpt lat="49.6048617" lon="0.21886"><ele>83.31</ele></trkpt>
<trkpt lat="49.6048467" lon="0.2188233"><ele>83.52</ele></trkpt>
<trkpt lat="49.60483829999999" lon="0.2187833"><ele>83.82</ele></trkpt>
<trkpt lat="49.6048233" lon="0.2187283"><ele>83.61</ele></trkpt>
<trkpt lat="49.60480499999999" lon="0.21868"><ele>83.14</ele></trkpt>
<trkpt lat="49.6047867" lon="0.21863"><ele>83.32</ele></trkpt>
<trkpt lat="49.6047617" lon="0.218585"><ele>83.39</ele></trkpt>
<trkpt lat="49.60474" lon="0.2185383"><ele>83.83</ele></trkpt>
<trkpt lat="49.60471999999999" lon="0.21849"><ele>84.29</ele></trkpt>
<trkpt lat="49.6046967" lon="0.218445"><ele>84.97</ele></trkpt>
<trkpt lat="49.6046767" lon="0.2183967"><ele>85.38</ele></trkpt>
<trkpt lat="49.60465669999999" lon="0.218345"><ele>85.79</ele></trkpt>
<trkpt lat="49.6046383" lon="0.2182983"><ele>86.15</ele></trkpt>
<trkpt lat="49.6046183" lon="0.2182517"><ele>86.24</ele></trkpt>
<trkpt lat="49.6046" lon="0.218215"><ele>86.33999999999999</ele></trkpt>
<trkpt lat="49.604585" lon="0.21817"><ele>86.49</ele></trkpt>
<trkpt lat="49.6045667" lon="0.21812"><ele>86.89</ele></trkpt>
<trkpt lat="49.60454500000001" lon="0.2180683"><ele>87.35</ele></trkpt>
<trkpt lat="49.6045233" lon="0.2180217"><ele>87.5</ele></trkpt>
<trkpt lat="49.6045017" lon="0.2179733"><ele>87.5</ele></trkpt>
<trkpt lat="49.6044833" lon="0.217925"><ele>87.37</ele></trkpt>
<trkpt lat="49.60446000000001" lon="0.2178783"><ele>87.63</ele></trkpt>
<trkpt lat="49.60443" lon="0.21784"><ele>87.41</ele></trkpt>
<trkpt lat="49.6044033" lon="0.2177933"><ele>86.99</ele></trkpt>
<trkpt lat="49.60438" lon="0.21775"><ele>87.04</ele></trkpt>
<trkpt lat="49.60435" lon="0.2177033"><ele>87.3</ele></trkpt>
<trkpt lat="49.60433" lon="0.2176583"><ele>87.49</ele></trkpt>
<trkpt lat="49.60429830000001" lon="0.2176233"><ele>87.37</ele></trkpt>
<trkpt lat="49.604265" lon="0.2175917"><ele>87.7</ele></trkpt>
<trkpt lat="49.6042433" lon="0.217565"><ele>87.94</ele></trkpt>
<trkpt lat="49.60422329999999" lon="0.217535"><ele>87.9</ele></trkpt>
<trkpt lat="49.60419" lon="0.217495"><ele>87.62</ele></trkpt>
<trkpt lat="49.60416330000001" lon="0.2174517"><ele>87.41</ele></trkpt>
<trkpt lat="49.60413499999999" lon="0.2174067"><ele>87.27</ele></trkpt>
<trkpt lat="49.604115" lon="0.217375"><ele>87.25</ele></trkpt>
<trkpt lat="49.6040883" lon="0.2173333"><ele>87.46</ele></trkpt>
<trkpt lat="49.6040567" lon="0.2172933"><ele>87.05</ele></trkpt>
<trkpt lat="49.6040367" lon="0.2172633"><ele>86.49</ele></trkpt>
<trkpt lat="49.6040167" lon="0.21723"><ele>85.9</ele></trkpt>
<trkpt lat="49.6039883" lon="0.2171883"><ele>85.25</ele></trkpt>
<trkpt lat="49.603965" lon="0.2171483"><ele>85.24</ele></trkpt>
<trkpt lat="49.603945" lon="0.21712"><ele>85.59</ele></trkpt>
<trkpt lat="49.60392329999999" lon="0.217095"><ele>85.82</ele></trkpt>
<trkpt lat="49.6039033" lon="0.2170633"><ele>85.79</ele></trkpt>
<trkpt lat="49.6038783" lon="0.2170167"><ele>85.95</ele></trkpt>
<trkpt lat="49.6038567" lon="0.21697"><ele>86.07</ele></trkpt>
<trkpt lat="49.6038317" lon="0.2169217"><ele>85.83</ele></trkpt>
<trkpt lat="49.6038117" lon="0.21688"><ele>85.75</ele></trkpt>
<trkpt lat="49.6037883" lon="0.2168383"><ele>86.03</ele></trkpt>
<trkpt lat="49.6037583" lon="0.2168"><ele>86.58</ele></trkpt>
<trkpt lat="49.6037317" lon="0.216765"><ele>86.6</ele></trkpt>
<trkpt lat="49.6037033" lon="0.2167267"><ele>86.82</ele></trkpt>
<trkpt lat="49.6036833" lon="0.2166867"><ele>86.85</ele></trkpt>
<trkpt lat="49.6036667" lon="0.216645"><ele>86.71</ele></trkpt>
<trkpt lat="49.6036433" lon="0.2165967"><ele>86.11</ele></trkpt>
<trkpt lat="49.6036217" lon="0.2165517"><ele>86.33</ele></trkpt>
<trkpt lat="49.6036033" lon="0.2165067"><ele>86.72</ele></trkpt>
<trkpt lat="49.6035833" lon="0.2164617"><ele>86.54</ele></trkpt>
<trkpt lat="49.6035633" lon="0.216415"><ele>86.35</ele></trkpt>
<trkpt lat="49.6035433" lon="0.2163667"><ele>86.53</ele></trkpt>
<trkpt lat="49.6035267" lon="0.2163133"><ele>86.41</ele></trkpt>
<trkpt lat="49.6035117" lon="0.216265"><ele>86.29</ele></trkpt>
<trkpt lat="49.60349999999999" lon="0.2162267"><ele>86.11</ele></trkpt>
<trkpt lat="49.60349000000001" lon="0.2161833"><ele>86.26</ele></trkpt>
<trkpt lat="49.60346" lon="0.2161467"><ele>87.68</ele></trkpt>
<trkpt lat="49.603445" lon="0.21611"><ele>87.7</ele></trkpt>
<trkpt lat="49.60343" lon="0.2160667"><ele>87.24</ele></trkpt>
<trkpt lat="49.603425" lon="0.2160133"><ele>86.72</ele></trkpt>
<trkpt lat="49.603425" lon="0.21596"><ele>86.25</ele></trkpt>
<trkpt lat="49.60341829999999" lon="0.2159"><ele>85.96</ele></trkpt>
<trkpt lat="49.60341499999999" lon="0.2158383"><ele>85.97</ele></trkpt>
<trkpt lat="49.60341" lon="0.2157967"><ele>85.81</ele></trkpt>
<trkpt lat="49.60340500000001" lon="0.21574"><ele>85.25</ele></trkpt>
<trkpt lat="49.6033967" lon="0.21569"><ele>85.15</ele></trkpt>
<trkpt lat="49.6033867" lon="0.2156417"><ele>85.2</ele></trkpt>
<trkpt lat="49.603375" lon="0.2155983"><ele>85.36</ele></trkpt>
<trkpt lat="49.6033517" lon="0.2155733"><ele>84.76</ele></trkpt>
<trkpt lat="49.6033133" lon="0.2155633"><ele>83.83</ele></trkpt>
<trkpt lat="49.60327830000001" lon="0.21556"><ele>83.13</ele></trkpt>
<trkpt lat="49.6032483" lon="0.2155533"><ele>82.77</ele></trkpt>
<trkpt lat="49.6032117" lon="0.2155417"><ele>82.91</ele></trkpt>
<trkpt lat="49.6031783" lon="0.21553"><ele>83.3</ele></trkpt>
<trkpt lat="49.60314329999999" lon="0.2155067"><ele>83.63</ele></trkpt>
<trkpt lat="49.60310500000001" lon="0.2154917"><ele>83.67</ele></trkpt>
<trkpt lat="49.6030683" lon="0.2154733"><ele>83.6</ele></trkpt>
<trkpt lat="49.6030317" lon="0.2154617"><ele>83.13</ele></trkpt>
<trkpt lat="49.6029933" lon="0.2154483"><ele>82.37</ele></trkpt>
<trkpt lat="49.60295670000001" lon="0.2154383"><ele>81.85</ele></trkpt>
<trkpt lat="49.60292" lon="0.21543"><ele>82.12</ele></trkpt>
<trkpt lat="49.6028867" lon="0.2154133"><ele>82</ele></trkpt>
<trkpt lat="49.60285500000001" lon="0.2154033"><ele>81.81</ele></trkpt>
<trkpt lat="49.60282169999999" lon="0.2153917"><ele>81.4</ele></trkpt>
<trkpt lat="49.60279" lon="0.2153767"><ele>81.11</ele></trkpt>
<trkpt lat="49.6027583" lon="0.215365"><ele>80.9</ele></trkpt>
<trkpt lat="49.6027267" lon="0.2153517"><ele>80.69</ele></trkpt>
<trkpt lat="49.60268669999999" lon="0.2153483"><ele>79.77</ele></trkpt>
<trkpt lat="49.6026583" lon="0.2153317"><ele>79.61</ele></trkpt>
<trkpt lat="49.60263" lon="0.2153167"><ele>79.39</ele></trkpt>
<trkpt lat="49.6025917" lon="0.2152983"><ele>78.88</ele></trkpt>
<trkpt lat="49.6025633" lon="0.21529"><ele>78.37</ele></trkpt>
<trkpt lat="49.6025367" lon="0.2152733"><ele>78.19</ele></trkpt>
<trkpt lat="49.6025033" lon="0.2152567"><ele>77.91</ele></trkpt>
<trkpt lat="49.60246999999999" lon="0.215245"><ele>77.84</ele></trkpt>
<trkpt lat="49.6024433" lon="0.21522"><ele>77.81</ele></trkpt>
<trkpt lat="49.60241330000001" lon="0.215195"><ele>77.84</ele></trkpt>
<trkpt lat="49.60238" lon="0.2151717"><ele>77.94</ele></trkpt>
<trkpt lat="49.6023467" lon="0.2151483"><ele>78.32</ele></trkpt>
<trkpt lat="49.602315" lon="0.215125"><ele>78.28</ele></trkpt>
<trkpt lat="49.6022867" lon="0.21511"><ele>78.73</ele></trkpt>
<trkpt lat="49.6022617" lon="0.21507"><ele>81.72</ele></trkpt>
<trkpt lat="49.60223670000001" lon="0.215045"><ele>81.77</ele></trkpt>
<trkpt lat="49.602205" lon="0.2150183"><ele>81.51</ele></trkpt>
<trkpt lat="49.6021767" lon="0.2149833"><ele>80.93</ele></trkpt>
<trkpt lat="49.60215170000001" lon="0.21495"><ele>80.54</ele></trkpt>
<trkpt lat="49.6021217" lon="0.2149133"><ele>80.12</ele></trkpt>
<trkpt lat="49.602095" lon="0.214885"><ele>80.07</ele></trkpt>
<trkpt lat="49.6020717" lon="0.2148567"><ele>79.97</ele></trkpt>
<trkpt lat="49.6020467" lon="0.2148217"><ele>79.87</ele></trkpt>
<trkpt lat="49.6020183" lon="0.2147933"><ele>79.61</ele></trkpt>
<trkpt lat="49.6019883" lon="0.2147567"><ele>79.47</ele></trkpt>
<trkpt lat="49.60195670000001" lon="0.214725"><ele>79.21</ele></trkpt>
<trkpt lat="49.60193" lon="0.2147"><ele>78.91</ele></trkpt>
<trkpt lat="49.6019" lon="0.2146717"><ele>78.59</ele></trkpt>
<trkpt lat="49.60187670000001" lon="0.2146367"><ele>78.34</ele></trkpt>
<trkpt lat="49.60185499999999" lon="0.214605"><ele>78.08</ele></trkpt>
<trkpt lat="49.60182999999999" lon="0.214575"><ele>77.88</ele></trkpt>
<trkpt lat="49.60181" lon="0.2145433"><ele>77.87</ele></trkpt>
<trkpt lat="49.601785" lon="0.2145083"><ele>77.42</ele></trkpt>
<trkpt lat="49.60176669999999" lon="0.2144717"><ele>77.08</ele></trkpt>
<trkpt lat="49.60174499999999" lon="0.214435"><ele>77.16</ele></trkpt>
<trkpt lat="49.60171500000001" lon="0.214405"><ele>77.24</ele></trkpt>
<trkpt lat="49.60169329999999" lon="0.21438"><ele>77.18</ele></trkpt>
<trkpt lat="49.6016717" lon="0.214345"><ele>77.26</ele></trkpt>
<trkpt lat="49.60164329999999" lon="0.2143183"><ele>77.1</ele></trkpt>
<trkpt lat="49.6016183" lon="0.21429"><ele>77</ele></trkpt>
<trkpt lat="49.6016" lon="0.214255"><ele>76.78</ele></trkpt>
<trkpt lat="49.601585" lon="0.2142067"><ele>76.48</ele></trkpt>
<trkpt lat="49.6016067" lon="0.21416"><ele>76.61</ele></trkpt>
<trkpt lat="49.60163000000001" lon="0.214135"><ele>76.74</ele></trkpt>
<trkpt lat="49.60165500000001" lon="0.2140917"><ele>77.06</ele></trkpt>
<trkpt lat="49.60167" lon="0.2140417"><ele>77.94</ele></trkpt>
<trkpt lat="49.6016983" lon="0.214015"><ele>78.75</ele></trkpt>
<trkpt lat="49.6017267" lon="0.21399"><ele>78.99</ele></trkpt>
<trkpt lat="49.6017517" lon="0.21396"><ele>78.64</ele></trkpt>
<trkpt lat="49.60178" lon="0.213915"><ele>78.39</ele></trkpt>
<trkpt lat="49.60180330000001" lon="0.213875"><ele>78.88</ele></trkpt>
<trkpt lat="49.6018183" lon="0.21384"><ele>79.7</ele></trkpt>
<trkpt lat="49.601845" lon="0.213795"><ele>80.69</ele></trkpt>
<trkpt lat="49.60187" lon="0.2137633"><ele>80.7</ele></trkpt>
<trkpt lat="49.60189" lon="0.2137283"><ele>81.04</ele></trkpt>
<trkpt lat="49.6019083" lon="0.21369"><ele>81.57</ele></trkpt>
<trkpt lat="49.601935" lon="0.2136517"><ele>82.37</ele></trkpt>
<trkpt lat="49.6019633" lon="0.21361"><ele>83.32</ele></trkpt>
<trkpt lat="49.6019867" lon="0.2135667"><ele>83.34</ele></trkpt>
<trkpt lat="49.60199999999999" lon="0.2135283"><ele>83.78</ele></trkpt>
<trkpt lat="49.6020133" lon="0.2134917"><ele>83.44</ele></trkpt>
<trkpt lat="49.60203" lon="0.213455"><ele>83.22</ele></trkpt>
<trkpt lat="49.6020517" lon="0.2134067"><ele>82.8</ele></trkpt>
<trkpt lat="49.6020683" lon="0.2133717"><ele>82.75</ele></trkpt>
<trkpt lat="49.6020983" lon="0.2133417"><ele>83.06</ele></trkpt>
<trkpt lat="49.6021233" lon="0.2133133"><ele>83.57</ele></trkpt>
<trkpt lat="49.602145" lon="0.2132867"><ele>84.19</ele></trkpt>
<trkpt lat="49.6021667" lon="0.2132617"><ele>84.51</ele></trkpt>
<trkpt lat="49.602195" lon="0.21322"><ele>84.83</ele></trkpt>
<trkpt lat="49.6022183" lon="0.2131867"><ele>84.96</ele></trkpt>
<trkpt lat="49.6022417" lon="0.2131433"><ele>85.58</ele></trkpt>
<trkpt lat="49.60226" lon="0.21311"><ele>86.14</ele></trkpt>
<trkpt lat="49.6022867" lon="0.2130717"><ele>86.67</ele></trkpt>
<trkpt lat="49.60231" lon="0.213025"><ele>86.51</ele></trkpt>
<trkpt lat="49.602335" lon="0.21299"><ele>86.56</ele></trkpt>
<trkpt lat="49.6023533" lon="0.2129567"><ele>86.61</ele></trkpt>
<trkpt lat="49.6023783" lon="0.212915"><ele>86.1</ele></trkpt>
<trkpt lat="49.6024033" lon="0.21288"><ele>86.07</ele></trkpt>
<trkpt lat="49.6024333" lon="0.21284"><ele>86.26</ele></trkpt>
<trkpt lat="49.602455" lon="0.212805"><ele>85.75</ele></trkpt>
<trkpt lat="49.6024767" lon="0.2127583"><ele>85.39</ele></trkpt>
<trkpt lat="49.6024917" lon="0.2127233"><ele>85.28</ele></trkpt>
<trkpt lat="49.6025167" lon="0.2126867"><ele>85.18</ele></trkpt>
<trkpt lat="49.6025417" lon="0.21266"><ele>85.01</ele></trkpt>
<trkpt lat="49.60255829999999" lon="0.212625"><ele>84.91</ele></trkpt>
<trkpt lat="49.60254999999999" lon="0.2125783"><ele>84.87</ele></trkpt>
<trkpt lat="49.60254999999999" lon="0.2125267"><ele>85.03</ele></trkpt>
<trkpt lat="49.60255829999999" lon="0.212485"><ele>85.26</ele></trkpt>
<trkpt lat="49.602565" lon="0.21243"><ele>85.57</ele></trkpt>
<trkpt lat="49.6025567" lon="0.2123867"><ele>86.25</ele></trkpt>
<trkpt lat="49.602545" lon="0.212345"><ele>86.04</ele></trkpt>
<trkpt lat="49.60253" lon="0.21231"><ele>85.86</ele></trkpt>
<trkpt lat="49.6025133" lon="0.2122767"><ele>85.94</ele></trkpt>
<trkpt lat="49.602495" lon="0.2122267"><ele>85.65</ele></trkpt>
<trkpt lat="49.6024833" lon="0.2121783"><ele>85.25</ele></trkpt>
<trkpt lat="49.602475" lon="0.212125"><ele>84.65</ele></trkpt>
<trkpt lat="49.6024633" lon="0.2120767"><ele>84.31</ele></trkpt>
<trkpt lat="49.602455" lon="0.2120233"><ele>84.18</ele></trkpt>
<trkpt lat="49.60244829999999" lon="0.2119733"><ele>84.14</ele></trkpt>
<trkpt lat="49.60243500000001" lon="0.2119267"><ele>84.33</ele></trkpt>
<trkpt lat="49.6024117" lon="0.2118817"><ele>84.53</ele></trkpt>
<trkpt lat="49.60239" lon="0.2118317"><ele>84.66</ele></trkpt>
<trkpt lat="49.6023717" lon="0.2117783"><ele>84.6</ele></trkpt>
<trkpt lat="49.602355" lon="0.2117317"><ele>84.4</ele></trkpt>
<trkpt lat="49.6023383" lon="0.2116817"><ele>84.10999999999999</ele></trkpt>
<trkpt lat="49.60232" lon="0.2116383"><ele>83.89</ele></trkpt>
<trkpt lat="49.60229999999999" lon="0.211595"><ele>83.87</ele></trkpt>
<trkpt lat="49.6022767" lon="0.21155"><ele>83.8</ele></trkpt>
<trkpt lat="49.6022567" lon="0.2115017"><ele>83.84</ele></trkpt>
<trkpt lat="49.60223670000001" lon="0.2114467"><ele>83.64</ele></trkpt>
<trkpt lat="49.6022217" lon="0.21141"><ele>83.25</ele></trkpt>
<trkpt lat="49.602205" lon="0.2113567"><ele>82.53</ele></trkpt>
<trkpt lat="49.602195" lon="0.2113"><ele>82.56</ele></trkpt>
<trkpt lat="49.60218830000001" lon="0.2112583"><ele>82.41</ele></trkpt>
<trkpt lat="49.602175" lon="0.21122"><ele>81.97999999999999</ele></trkpt>
<trkpt lat="49.60216330000001" lon="0.2111817"><ele>81.47</ele></trkpt>
<trkpt lat="49.602145" lon="0.21113"><ele>80.85</ele></trkpt>
<trkpt lat="49.602125" lon="0.2110767"><ele>80.23</ele></trkpt>
<trkpt lat="49.6021117" lon="0.21104"><ele>80.03</ele></trkpt>
<trkpt lat="49.6020933" lon="0.210995"><ele>79.76</ele></trkpt>
<trkpt lat="49.60207830000001" lon="0.2109483"><ele>79.54</ele></trkpt>
<trkpt lat="49.6020633" lon="0.2109033"><ele>79.47</ele></trkpt>
<trkpt lat="49.60205000000001" lon="0.2108583"><ele>79.54</ele></trkpt>
<trkpt lat="49.6020383" lon="0.2108133"><ele>79.87</ele></trkpt>
<trkpt lat="49.6020317" lon="0.2107633"><ele>79.75</ele></trkpt>
<trkpt lat="49.6020267" lon="0.2107133"><ele>79.61</ele></trkpt>
<trkpt lat="49.60202" lon="0.21066"><ele>79.89</ele></trkpt>
<trkpt lat="49.6020117" lon="0.21062"><ele>79.8</ele></trkpt>
<trkpt lat="49.6020067" lon="0.2105783"><ele>79.52</ele></trkpt>
<trkpt lat="49.60199830000001" lon="0.2105367"><ele>79.4</ele></trkpt>
<trkpt lat="49.6019967" lon="0.210495"><ele>79.12</ele></trkpt>
<trkpt lat="49.6019967" lon="0.210435"><ele>78.56</ele></trkpt>
<trkpt lat="49.6020017" lon="0.2103767"><ele>78.21</ele></trkpt>
<trkpt lat="49.6020017" lon="0.21033"><ele>77.65</ele></trkpt>
<trkpt lat="49.6019933" lon="0.2102783"><ele>77.48</ele></trkpt>
<trkpt lat="49.6019833" lon="0.2102217"><ele>77.75</ele></trkpt>
<trkpt lat="49.6019767" lon="0.21017"><ele>77.78</ele></trkpt>
<trkpt lat="49.6019783" lon="0.2101167"><ele>78.19</ele></trkpt>
<trkpt lat="49.6019833" lon="0.2100567"><ele>78.44</ele></trkpt>
<trkpt lat="49.601995" lon="0.2100117"><ele>78.53</ele></trkpt>
<trkpt lat="49.60201669999999" lon="0.209985"><ele>78.77</ele></trkpt>
<trkpt lat="49.6020067" lon="0.2099383"><ele>78.93</ele></trkpt>
<trkpt lat="49.6020017" lon="0.209895"><ele>78.94</ele></trkpt>
<trkpt lat="49.6019883" lon="0.2098383"><ele>79.39</ele></trkpt>
<trkpt lat="49.60198170000001" lon="0.2097967"><ele>79.8</ele></trkpt>
<trkpt lat="49.60198" lon="0.2097383"><ele>79.79</ele></trkpt>
<trkpt lat="49.60198170000001" lon="0.2096967"><ele>79.45</ele></trkpt>
<trkpt lat="49.6019867" lon="0.209635"><ele>78.99</ele></trkpt>
<trkpt lat="49.6019867" lon="0.2095917"><ele>78.9</ele></trkpt>
<trkpt lat="49.6019867" lon="0.2095483"><ele>78.87</ele></trkpt>
<trkpt lat="49.6019883" lon="0.2094983"><ele>78.94</ele></trkpt>
<trkpt lat="49.601985" lon="0.2094483"><ele>79.2</ele></trkpt>
<trkpt lat="49.6019833" lon="0.209405"><ele>79.58</ele></trkpt>
<trkpt lat="49.6019867" lon="0.2093417"><ele>79.83</ele></trkpt>
<trkpt lat="49.6019867" lon="0.2092983"><ele>79.72</ele></trkpt>
<trkpt lat="49.6019867" lon="0.2092433"><ele>78.82</ele></trkpt>
<trkpt lat="49.6019883" lon="0.2091917"><ele>77.54</ele></trkpt>
<trkpt lat="49.60198170000001" lon="0.20915"><ele>76.28</ele></trkpt>
<trkpt lat="49.60195670000001" lon="0.2091233"><ele>75.26</ele></trkpt>
<trkpt lat="49.6019367" lon="0.209095"><ele>74.42</ele></trkpt>
<trkpt lat="49.60190500000001" lon="0.2090817"><ele>74.02</ele></trkpt>
<trkpt lat="49.60187" lon="0.2090983"><ele>74.07</ele></trkpt>
<trkpt lat="49.6018367" lon="0.2091117"><ele>74.28</ele></trkpt>
<trkpt lat="49.601805" lon="0.2091283"><ele>75</ele></trkpt>
<trkpt lat="49.6017717" lon="0.20915"><ele>75.39</ele></trkpt>
<trkpt lat="49.60174169999999" lon="0.2091517"><ele>75.65</ele></trkpt>
<trkpt lat="49.6017117" lon="0.2091367"><ele>75.33</ele></trkpt>
<trkpt lat="49.60169329999999" lon="0.20918"><ele>76.21</ele></trkpt>
<trkpt lat="49.60167" lon="0.209205"><ele>75.85</ele></trkpt>
<trkpt lat="49.601645" lon="0.209245"><ele>75.48</ele></trkpt>
<trkpt lat="49.6016167" lon="0.209285"><ele>75.37</ele></trkpt>
<trkpt lat="49.6015883" lon="0.2093267"><ele>75.04</ele></trkpt>
<trkpt lat="49.6015667" lon="0.2093567"><ele>74.93</ele></trkpt>
<trkpt lat="49.60154500000001" lon="0.209385"><ele>74.8</ele></trkpt>
<trkpt lat="49.6015167" lon="0.2094217"><ele>74.56</ele></trkpt>
<trkpt lat="49.60149" lon="0.209465"><ele>74.68</ele></trkpt>
<trkpt lat="49.6014633" lon="0.209505"><ele>74.79</ele></trkpt>
<trkpt lat="49.6014383" lon="0.2095317"><ele>74.8</ele></trkpt>
<trkpt lat="49.6014117" lon="0.2095733"><ele>74.94</ele></trkpt>
<trkpt lat="49.6013767" lon="0.209605"><ele>75.09</ele></trkpt>
<trkpt lat="49.601345" lon="0.2096433"><ele>74.81</ele></trkpt>
<trkpt lat="49.60132169999999" lon="0.2096683"><ele>74.52</ele></trkpt>
<trkpt lat="49.60129669999999" lon="0.2097083"><ele>74.02</ele></trkpt>
<trkpt lat="49.6012817" lon="0.2097433"><ele>73.81</ele></trkpt>
<trkpt lat="49.6012683" lon="0.209785"><ele>73.77</ele></trkpt>
<trkpt lat="49.60125" lon="0.2098167"><ele>73.52</ele></trkpt>
<trkpt lat="49.601225" lon="0.2098567"><ele>72.72</ele></trkpt>
<trkpt lat="49.6011983" lon="0.209895"><ele>71.61</ele></trkpt>
<trkpt lat="49.6011733" lon="0.20993"><ele>71.7</ele></trkpt>
<trkpt lat="49.60114" lon="0.2099633"><ele>72.35</ele></trkpt>
<trkpt lat="49.6011117" lon="0.2099883"><ele>72.62</ele></trkpt>
<trkpt lat="49.6010867" lon="0.2100167"><ele>72.57</ele></trkpt>
<trkpt lat="49.601065" lon="0.2100433"><ele>72.57</ele></trkpt>
<trkpt lat="49.60103329999999" lon="0.2100717"><ele>72.58</ele></trkpt>
<trkpt lat="49.601005" lon="0.2101033"><ele>72.66</ele></trkpt>
<trkpt lat="49.60097329999999" lon="0.210135"><ele>72.8</ele></trkpt>
<trkpt lat="49.6009417" lon="0.210175"><ele>73.22</ele></trkpt>
<trkpt lat="49.6009083" lon="0.21021"><ele>73.38</ele></trkpt>
<trkpt lat="49.6008783" lon="0.2102467"><ele>73.38</ele></trkpt>
<trkpt lat="49.600845" lon="0.210285"><ele>73.6</ele></trkpt>
<trkpt lat="49.6008233" lon="0.21031"><ele>73.83</ele></trkpt>
<trkpt lat="49.6007883" lon="0.21034"><ele>74.29</ele></trkpt>
<trkpt lat="49.600755" lon="0.2103667"><ele>74.7</ele></trkpt>
<trkpt lat="49.6007283" lon="0.2103833"><ele>75.23</ele></trkpt>
<trkpt lat="49.6007017" lon="0.2104067"><ele>75.43</ele></trkpt>
<trkpt lat="49.60067" lon="0.2104367"><ele>75.63</ele></trkpt>
<trkpt lat="49.600645" lon="0.210465"><ele>75.67</ele></trkpt>
<trkpt lat="49.6006217" lon="0.2104983"><ele>75.61</ele></trkpt>
<trkpt lat="49.6005933" lon="0.2105283"><ele>75.29</ele></trkpt>
<trkpt lat="49.6005583" lon="0.2105583"><ele>75.24</ele></trkpt>
<trkpt lat="49.60053" lon="0.21058"><ele>75.34</ele></trkpt>
<trkpt lat="49.60049999999999" lon="0.2106033"><ele>75.63</ele></trkpt>
<trkpt lat="49.6004767" lon="0.210635"><ele>75.65</ele></trkpt>
<trkpt lat="49.60044829999999" lon="0.2106667"><ele>75.53</ele></trkpt>
<trkpt lat="49.6004167" lon="0.210695"><ele>75.25</ele></trkpt>
<trkpt lat="49.60039" lon="0.2107133"><ele>75.27</ele></trkpt>
<trkpt lat="49.6003683" lon="0.2107433"><ele>75.25</ele></trkpt>
<trkpt lat="49.6003367" lon="0.2107783"><ele>75.56</ele></trkpt>
<trkpt lat="49.6003017" lon="0.2107967"><ele>75.76</ele></trkpt>
<trkpt lat="49.60026999999999" lon="0.2108167"><ele>75.77</ele></trkpt>
<trkpt lat="49.60024499999999" lon="0.2108333"><ele>75.93</ele></trkpt>
<trkpt lat="49.60022" lon="0.210855"><ele>76.11</ele></trkpt>
<trkpt lat="49.6001967" lon="0.2108817"><ele>76.51</ele></trkpt>
<trkpt lat="49.6001733" lon="0.2109033"><ele>76.66</ele></trkpt>
<trkpt lat="49.60015" lon="0.2109267"><ele>76.76</ele></trkpt>
<trkpt lat="49.6001283" lon="0.2109517"><ele>76.86</ele></trkpt>
<trkpt lat="49.6001" lon="0.2109833"><ele>76.77</ele></trkpt>
<trkpt lat="49.60007000000001" lon="0.2110133"><ele>76.87</ele></trkpt>
<trkpt lat="49.6000367" lon="0.2110417"><ele>76.83</ele></trkpt>
<trkpt lat="49.6000133" lon="0.2110667"><ele>76.82</ele></trkpt>
<trkpt lat="49.5999833" lon="0.2111"><ele>76.75</ele></trkpt>
<trkpt lat="49.599955" lon="0.2111283"><ele>77.03</ele></trkpt>
<trkpt lat="49.5999283" lon="0.21116"><ele>77.31</ele></trkpt>
<trkpt lat="49.5998983" lon="0.21119"><ele>77.6</ele></trkpt>
<trkpt lat="49.599865" lon="0.2112233"><ele>77.77</ele></trkpt>
<trkpt lat="49.5998417" lon="0.2112517"><ele>77.91</ele></trkpt>
<trkpt lat="49.5998183" lon="0.2112767"><ele>78.29</ele></trkpt>
<trkpt lat="49.5997883" lon="0.2113117"><ele>78.61</ele></trkpt>
<trkpt lat="49.599765" lon="0.2113367"><ele>78.67</ele></trkpt>
<trkpt lat="49.59974" lon="0.2113617"><ele>78.6</ele></trkpt>
<trkpt lat="49.5997167" lon="0.211385"><ele>78.55</ele></trkpt>
<trkpt lat="49.59969330000001" lon="0.2114083"><ele>78.75</ele></trkpt>
<trkpt lat="49.59967" lon="0.2114333"><ele>78.77</ele></trkpt>
<trkpt lat="49.599645" lon="0.211455"><ele>78.86</ele></trkpt>
<trkpt lat="49.59962170000001" lon="0.2114783"><ele>78.87</ele></trkpt>
<trkpt lat="49.5995867" lon="0.2115083"><ele>78.94</ele></trkpt>
<trkpt lat="49.59954999999999" lon="0.2115333"><ele>78.71</ele></trkpt>
<trkpt lat="49.5995133" lon="0.2115533"><ele>78.67</ele></trkpt>
<trkpt lat="49.59949" lon="0.211575"><ele>78.67</ele></trkpt>
<trkpt lat="49.5994667" lon="0.2116"><ele>78.76</ele></trkpt>
<trkpt lat="49.5994433" lon="0.211625"><ele>78.7</ele></trkpt>
<trkpt lat="49.59942" lon="0.2116483"><ele>78.49</ele></trkpt>
<trkpt lat="49.599395" lon="0.2116717"><ele>78.31</ele></trkpt>
<trkpt lat="49.59937" lon="0.21169"><ele>78.05</ele></trkpt>
<trkpt lat="49.599345" lon="0.2117283"><ele>77.55</ele></trkpt>
<trkpt lat="49.59932" lon="0.211755"><ele>77.23</ele></trkpt>
<trkpt lat="49.5992883" lon="0.211785"><ele>76.56</ele></trkpt>
<trkpt lat="49.5992517" lon="0.211805"><ele>75.82</ele></trkpt>
<trkpt lat="49.5992167" lon="0.2118183"><ele>75.16</ele></trkpt>
<trkpt lat="49.5991783" lon="0.2118167"><ele>74.82</ele></trkpt>
<trkpt lat="49.59915170000001" lon="0.2118233"><ele>74.46</ele></trkpt>
<trkpt lat="49.5991183" lon="0.21181"><ele>74.15</ele></trkpt>
<trkpt lat="49.59909" lon="0.2118133"><ele>73.76</ele></trkpt>
<trkpt lat="49.59906" lon="0.211805"><ele>73.15</ele></trkpt>
<trkpt lat="49.59902499999999" lon="0.2118017"><ele>72.47</ele></trkpt>
<trkpt lat="49.5989917" lon="0.2118067"><ele>72.15</ele></trkpt>
<trkpt lat="49.59896" lon="0.2118"><ele>71.76</ele></trkpt>
<trkpt lat="49.5989217" lon="0.2117983"><ele>71.34</ele></trkpt>
<trkpt lat="49.5988933" lon="0.2117967"><ele>71.19</ele></trkpt>
<trkpt lat="49.5988617" lon="0.2118"><ele>71.18</ele></trkpt>
<trkpt lat="49.5988317" lon="0.2118017"><ele>70.59</ele></trkpt>
<trkpt lat="49.5987967" lon="0.2118017"><ele>69.28</ele></trkpt>
<trkpt lat="49.5987617" lon="0.2118083"><ele>68.07</ele></trkpt>
<trkpt lat="49.5987233" lon="0.21181"><ele>67.32</ele></trkpt>
<trkpt lat="49.59868169999999" lon="0.2118133"><ele>66.45</ele></trkpt>
<trkpt lat="49.598645" lon="0.21182"><ele>65.85</ele></trkpt>
<trkpt lat="49.5986067" lon="0.211815"><ele>65.35</ele></trkpt>
<trkpt lat="49.59856670000001" lon="0.2118217"><ele>64.75</ele></trkpt>
<trkpt lat="49.598535" lon="0.2118283"><ele>64.61</ele></trkpt>
<trkpt lat="49.59850329999999" lon="0.2118383"><ele>64.49</ele></trkpt>
<trkpt lat="49.5984733" lon="0.2118533"><ele>64.41</ele></trkpt>
<trkpt lat="49.598445" lon="0.2118633"><ele>64.33</ele></trkpt>
<trkpt lat="49.59840830000001" lon="0.21188"><ele>64.18</ele></trkpt>
<trkpt lat="49.59838169999999" lon="0.2118917"><ele>63.98999999999999</ele></trkpt>
<trkpt lat="49.5983483" lon="0.2118783"><ele>64.07</ele></trkpt>
<trkpt lat="49.59832169999999" lon="0.2118533"><ele>64.05</ele></trkpt>
<trkpt lat="49.59829830000001" lon="0.2118317"><ele>63.64</ele></trkpt>
<trkpt lat="49.5982717" lon="0.2118067"><ele>63.41999999999999</ele></trkpt>
<trkpt lat="49.5982317" lon="0.2118033"><ele>64.13</ele></trkpt>
<trkpt lat="49.5981983" lon="0.2117983"><ele>65.37</ele></trkpt>
<trkpt lat="49.5981633" lon="0.2117917"><ele>66.42</ele></trkpt>
<trkpt lat="49.59812669999999" lon="0.2117867"><ele>66.87</ele></trkpt>
<trkpt lat="49.59809" lon="0.2117833"><ele>67.65</ele></trkpt>
<trkpt lat="49.5980567" lon="0.2117883"><ele>67.77</ele></trkpt>
<trkpt lat="49.598025" lon="0.2117917"><ele>67.66</ele></trkpt>
<trkpt lat="49.5979933" lon="0.2117917"><ele>67.15</ele></trkpt>
<trkpt lat="49.59796330000001" lon="0.2117883"><ele>66.78</ele></trkpt>
<trkpt lat="49.5979317" lon="0.2117917"><ele>66.85</ele></trkpt>
<trkpt lat="49.597905" lon="0.2117833"><ele>67.04</ele></trkpt>
<trkpt lat="49.5978733" lon="0.211775"><ele>66.82</ele></trkpt>
<trkpt lat="49.5978417" lon="0.211775"><ele>66.62</ele></trkpt>
<trkpt lat="49.5978067" lon="0.21178"><ele>66.58</ele></trkpt>
<trkpt lat="49.59778" lon="0.2117867"><ele>66.49</ele></trkpt>
<trkpt lat="49.5977533" lon="0.2117967"><ele>66.73</ele></trkpt>
<trkpt lat="49.59771499999999" lon="0.2117983"><ele>66.85</ele></trkpt>
<trkpt lat="49.59768500000001" lon="0.2117933"><ele>67.13</ele></trkpt>
<trkpt lat="49.5976467" lon="0.2117883"><ele>67.41</ele></trkpt>
<trkpt lat="49.5976183" lon="0.21179"><ele>67.86</ele></trkpt>
<trkpt lat="49.59759" lon="0.2117883"><ele>67.99</ele></trkpt>
<trkpt lat="49.59755329999999" lon="0.2117883"><ele>67.93</ele></trkpt>
<trkpt lat="49.59751500000001" lon="0.2117867"><ele>67.3</ele></trkpt>
<trkpt lat="49.5974867" lon="0.21179"><ele>66.82</ele></trkpt>
<trkpt lat="49.5974517" lon="0.2117917"><ele>65.91</ele></trkpt>
<trkpt lat="49.5974217" lon="0.2117833"><ele>65.31</ele></trkpt>
<trkpt lat="49.5973917" lon="0.2117833"><ele>64.78</ele></trkpt>
<trkpt lat="49.59736" lon="0.2117833"><ele>64.46</ele></trkpt>
<trkpt lat="49.59732830000001" lon="0.2117817"><ele>64.08</ele></trkpt>
<trkpt lat="49.59729" lon="0.2117767"><ele>63.2</ele></trkpt>
<trkpt lat="49.5972517" lon="0.2117767"><ele>62.34999999999999</ele></trkpt>
<trkpt lat="49.5972217" lon="0.2117783"><ele>61.32</ele></trkpt>
<trkpt lat="49.59719329999999" lon="0.21178"><ele>60.54999999999999</ele></trkpt>
<trkpt lat="49.59715500000001" lon="0.2117767"><ele>59.61</ele></trkpt>
<trkpt lat="49.5971183" lon="0.2117783"><ele>59.05</ele></trkpt>
<trkpt lat="49.59707999999999" lon="0.2117833"><ele>58.64</ele></trkpt>
<trkpt lat="49.59704170000001" lon="0.2117867"><ele>58.09</ele></trkpt>
<trkpt lat="49.59701" lon="0.2117883"><ele>57.72000000000001</ele></trkpt>
<trkpt lat="49.5969783" lon="0.211795"><ele>57.5</ele></trkpt>
<trkpt lat="49.596945" lon="0.2118"><ele>57.93</ele></trkpt>
<trkpt lat="49.59691829999999" lon="0.21181"><ele>57.39</ele></trkpt>
<trkpt lat="49.596945" lon="0.211795"><ele>57.14</ele></trkpt>
<trkpt lat="49.59691829999999" lon="0.2117883"><ele>53.34</ele></trkpt>
<trkpt lat="49.59689" lon="0.2117883"><ele>53.12</ele></trkpt>
<trkpt lat="49.5968533" lon="0.21179"><ele>52.8</ele></trkpt>
<trkpt lat="49.5968183" lon="0.2117867"><ele>52.59</ele></trkpt>
<trkpt lat="49.596785" lon="0.2117683"><ele>52.39999999999999</ele></trkpt>
<trkpt lat="49.5967533" lon="0.2117483"><ele>52.03</ele></trkpt>
<trkpt lat="49.5967217" lon="0.211735"><ele>51.69</ele></trkpt>
<trkpt lat="49.59668499999999" lon="0.2117183"><ele>51.07</ele></trkpt>
<trkpt lat="49.59665669999999" lon="0.2117117"><ele>50.74</ele></trkpt>
<trkpt lat="49.5966183" lon="0.2117033"><ele>50.8</ele></trkpt>
<trkpt lat="49.5965917" lon="0.2116917"><ele>50.78</ele></trkpt>
<trkpt lat="49.5965633" lon="0.2116883"><ele>50.46</ele></trkpt>
<trkpt lat="49.596535" lon="0.211695"><ele>50.23</ele></trkpt>
<trkpt lat="49.5965083" lon="0.2117067"><ele>50.02</ele></trkpt>
<trkpt lat="49.59646999999999" lon="0.2117167"><ele>50.05</ele></trkpt>
<trkpt lat="49.5964333" lon="0.211725"><ele>50.18000000000001</ele></trkpt>
<trkpt lat="49.5963933" lon="0.2117333"><ele>50.37</ele></trkpt>
<trkpt lat="49.59635830000001" lon="0.21175"><ele>50.28999999999999</ele></trkpt>
<trkpt lat="49.59632499999999" lon="0.2117667"><ele>49.89999999999999</ele></trkpt>
<trkpt lat="49.5962967" lon="0.2117683"><ele>49.85999999999999</ele></trkpt>
<trkpt lat="49.5962667" lon="0.2117733"><ele>50.03999999999999</ele></trkpt>
<trkpt lat="49.5962317" lon="0.21178"><ele>49.92</ele></trkpt>
<trkpt lat="49.5961983" lon="0.2117933"><ele>49.6</ele></trkpt>
<trkpt lat="49.5961683" lon="0.2118067"><ele>49.16</ele></trkpt>
<trkpt lat="49.59613" lon="0.2118217"><ele>48.64</ele></trkpt>
<trkpt lat="49.59610169999999" lon="0.211825"><ele>48.01</ele></trkpt>
<trkpt lat="49.596065" lon="0.2118317"><ele>47.27999999999999</ele></trkpt>
<trkpt lat="49.5960383" lon="0.2118517"><ele>46.92</ele></trkpt>
<trkpt lat="49.59601" lon="0.2118617"><ele>47.02</ele></trkpt>
<trkpt lat="49.595985" lon="0.2118817"><ele>47.12</ele></trkpt>
<trkpt lat="49.595955" lon="0.2118933"><ele>47.43</ele></trkpt>
<trkpt lat="49.5959283" lon="0.2119133"><ele>47.66</ele></trkpt>
<trkpt lat="49.59590170000001" lon="0.2119267"><ele>47.52</ele></trkpt>
<trkpt lat="49.595875" lon="0.2119383"><ele>47.39</ele></trkpt>
<trkpt lat="49.5958433" lon="0.2119417"><ele>46.68</ele></trkpt>
<trkpt lat="49.59581" lon="0.21195"><ele>46.4</ele></trkpt>
<trkpt lat="49.5957717" lon="0.2119567"><ele>46.61</ele></trkpt>
<trkpt lat="49.5957333" lon="0.2119683"><ele>47.17</ele></trkpt>
<trkpt lat="49.595705" lon="0.2119733"><ele>47.52</ele></trkpt>
<trkpt lat="49.5956683" lon="0.2119783"><ele>47.42</ele></trkpt>
<trkpt lat="49.5956333" lon="0.21199"><ele>47.16</ele></trkpt>
<trkpt lat="49.59559669999999" lon="0.2120083"><ele>46.79</ele></trkpt>
<trkpt lat="49.5955583" lon="0.2120183"><ele>46.52</ele></trkpt>
<trkpt lat="49.59552829999999" lon="0.212025"><ele>46.16</ele></trkpt>
<trkpt lat="49.5955" lon="0.2120283"><ele>46</ele></trkpt>
<trkpt lat="49.5954633" lon="0.2120317"><ele>45.63</ele></trkpt>
<trkpt lat="49.5954367" lon="0.2120233"><ele>45.66</ele></trkpt>
<trkpt lat="49.5954033" lon="0.2120217"><ele>45.71</ele></trkpt>
<trkpt lat="49.59537170000001" lon="0.2120167"><ele>46.15</ele></trkpt>
<trkpt lat="49.5953417" lon="0.21201"><ele>46.52</ele></trkpt>
<trkpt lat="49.59531" lon="0.21201"><ele>47.06</ele></trkpt>
<trkpt lat="49.59527829999999" lon="0.2120083"><ele>47.4</ele></trkpt>
<trkpt lat="49.59524330000001" lon="0.21201"><ele>48.25</ele></trkpt>
<trkpt lat="49.59520670000001" lon="0.2120083"><ele>49.65</ele></trkpt>
<trkpt lat="49.5951717" lon="0.2120033"><ele>50.55</ele></trkpt>
<trkpt lat="49.5951317" lon="0.212005"><ele>51.19</ele></trkpt>
<trkpt lat="49.5950933" lon="0.2120017"><ele>51.64</ele></trkpt>
<trkpt lat="49.5950567" lon="0.21201"><ele>51.58</ele></trkpt>
<trkpt lat="49.5950183" lon="0.2120183"><ele>51.27</ele></trkpt>
<trkpt lat="49.59498" lon="0.21203"><ele>51.32</ele></trkpt>
<trkpt lat="49.5949533" lon="0.2120367"><ele>51.45</ele></trkpt>
<trkpt lat="49.5949167" lon="0.2120433"><ele>51.42</ele></trkpt>
<trkpt lat="49.5948817" lon="0.2120533"><ele>50.88</ele></trkpt>
<trkpt lat="49.5948417" lon="0.2120633"><ele>50.05</ele></trkpt>
<trkpt lat="49.594805" lon="0.2120767"><ele>49.12</ele></trkpt>
<trkpt lat="49.5947683" lon="0.21209"><ele>48.14</ele></trkpt>
<trkpt lat="49.5947317" lon="0.2120933"><ele>47.48</ele></trkpt>
<trkpt lat="49.594695" lon="0.2120967"><ele>46.78</ele></trkpt>
<trkpt lat="49.5946533" lon="0.2121033"><ele>46.41</ele></trkpt>
<trkpt lat="49.5946133" lon="0.2121083"><ele>46.13</ele></trkpt>
<trkpt lat="49.59457829999999" lon="0.2121133"><ele>45.63</ele></trkpt>
<trkpt lat="49.5945517" lon="0.21212"><ele>45.31</ele></trkpt>
<trkpt lat="49.5945133" lon="0.2121267"><ele>45</ele></trkpt>
<trkpt lat="49.5944767" lon="0.21214"><ele>44.77</ele></trkpt>
<trkpt lat="49.5944433" lon="0.2121517"><ele>44.43</ele></trkpt>
<trkpt lat="49.59441" lon="0.2121683"><ele>43.8</ele></trkpt>
<trkpt lat="49.594375" lon="0.2121783"><ele>43.3</ele></trkpt>
<trkpt lat="49.5943367" lon="0.212185"><ele>43.28</ele></trkpt>
<trkpt lat="49.59429999999999" lon="0.212195"><ele>43.7</ele></trkpt>
<trkpt lat="49.59426500000001" lon="0.2122167"><ele>44.10999999999999</ele></trkpt>
<trkpt lat="49.59423" lon="0.2122367"><ele>44.92</ele></trkpt>
<trkpt lat="49.594195" lon="0.212265"><ele>45.98</ele></trkpt>
<trkpt lat="49.5941683" lon="0.2122783"><ele>46.33</ele></trkpt>
<trkpt lat="49.5941433" lon="0.2122967"><ele>46.45</ele></trkpt>
<trkpt lat="49.59410829999999" lon="0.2123233"><ele>46.74</ele></trkpt>
<trkpt lat="49.5940733" lon="0.21235"><ele>46.85</ele></trkpt>
<trkpt lat="49.5940483" lon="0.2123683"><ele>46.97</ele></trkpt>
<trkpt lat="49.5940133" lon="0.2123933"><ele>46.78</ele></trkpt>
<trkpt lat="49.59399000000001" lon="0.21243"><ele>47.19</ele></trkpt>
<trkpt lat="49.5939583" lon="0.2124483"><ele>47.32</ele></trkpt>
<trkpt lat="49.5939283" lon="0.2124717"><ele>47.47</ele></trkpt>
<trkpt lat="49.5938933" lon="0.212495"><ele>47.25</ele></trkpt>
<trkpt lat="49.5938683" lon="0.2125133"><ele>46.8</ele></trkpt>
<trkpt lat="49.5938333" lon="0.2125367"><ele>46.2</ele></trkpt>
<trkpt lat="49.5938017" lon="0.2125717"><ele>45.47</ele></trkpt>
<trkpt lat="49.59376999999999" lon="0.2126017"><ele>45.04999999999999</ele></trkpt>
<trkpt lat="49.59373669999999" lon="0.21262"><ele>44.72</ele></trkpt>
<trkpt lat="49.593705" lon="0.2126317"><ele>44.18</ele></trkpt>
<trkpt lat="49.593675" lon="0.2126467"><ele>43.59</ele></trkpt>
<trkpt lat="49.5936417" lon="0.2126633"><ele>43.08</ele></trkpt>
<trkpt lat="49.593615" lon="0.2126917"><ele>42.89</ele></trkpt>
<trkpt lat="49.593585" lon="0.2126967"><ele>42.9</ele></trkpt>
<trkpt lat="49.593555" lon="0.212705"><ele>42.98</ele></trkpt>
<trkpt lat="49.59351999999999" lon="0.2127017"><ele>43.08</ele></trkpt>
<trkpt lat="49.59348500000001" lon="0.21269"><ele>43.09</ele></trkpt>
<trkpt lat="49.593455" lon="0.2126967"><ele>43.72</ele></trkpt>
<trkpt lat="49.5934783" lon="0.2126667"><ele>47.78</ele></trkpt>
<trkpt lat="49.593455" lon="0.2126317"><ele>47.26</ele></trkpt>
<trkpt lat="49.5934217" lon="0.2125983"><ele>46.67</ele></trkpt>
<trkpt lat="49.593385" lon="0.2125817"><ele>46.4</ele></trkpt>
<trkpt lat="49.59335830000001" lon="0.21257"><ele>46.39</ele></trkpt>
<trkpt lat="49.59332169999999" lon="0.2125533"><ele>46.13</ele></trkpt>
<trkpt lat="49.5932833" lon="0.212545"><ele>45.64</ele></trkpt>
<trkpt lat="49.593255" lon="0.2125333"><ele>45.45</ele></trkpt>
<trkpt lat="49.593225" lon="0.2125283"><ele>45.48</ele></trkpt>
<trkpt lat="49.593195" lon="0.2125283"><ele>45.88</ele></trkpt>
<trkpt lat="49.593165" lon="0.2125367"><ele>46.23</ele></trkpt>
<trkpt lat="49.5931367" lon="0.21254"><ele>46.69</ele></trkpt>
<trkpt lat="49.59310000000001" lon="0.2125517"><ele>47.56</ele></trkpt>
<trkpt lat="49.5930717" lon="0.21256"><ele>48.02</ele></trkpt>
<trkpt lat="49.593045" lon="0.212575"><ele>48.24</ele></trkpt>
<trkpt lat="49.5930183" lon="0.2125817"><ele>48.19</ele></trkpt>
<trkpt lat="49.5929917" lon="0.2125917"><ele>48.19</ele></trkpt>
<trkpt lat="49.59295500000001" lon="0.2126083"><ele>48.35</ele></trkpt>
<trkpt lat="49.5929217" lon="0.2126217"><ele>48.48</ele></trkpt>
<trkpt lat="49.592885" lon="0.212635"><ele>48.42</ele></trkpt>
<trkpt lat="49.5928483" lon="0.212645"><ele>47.9</ele></trkpt>
<trkpt lat="49.5928117" lon="0.2126417"><ele>47.04</ele></trkpt>
<trkpt lat="49.5927733" lon="0.2126333"><ele>46.8</ele></trkpt>
<trkpt lat="49.5927417" lon="0.2126267"><ele>46.95</ele></trkpt>
<trkpt lat="49.5927083" lon="0.21262"><ele>47.05</ele></trkpt>
<trkpt lat="49.59268000000001" lon="0.21262"><ele>47.24</ele></trkpt>
<trkpt lat="49.5926517" lon="0.2126183"><ele>47.61</ele></trkpt>
<trkpt lat="49.5926217" lon="0.212615"><ele>48.16</ele></trkpt>
<trkpt lat="49.59259500000001" lon="0.2126067"><ele>48.37</ele></trkpt>
<trkpt lat="49.5925683" lon="0.2125983"><ele>48.25</ele></trkpt>
<trkpt lat="49.59254169999999" lon="0.2125867"><ele>48.01</ele></trkpt>
<trkpt lat="49.59251500000001" lon="0.2125767"><ele>48.06</ele></trkpt>
<trkpt lat="49.5924767" lon="0.21256"><ele>48.7</ele></trkpt>
<trkpt lat="49.59244" lon="0.2125467"><ele>49.06</ele></trkpt>
<trkpt lat="49.59241" lon="0.21253"><ele>49.27</ele></trkpt>
<trkpt lat="49.5923817" lon="0.212515"><ele>49.26</ele></trkpt>
<trkpt lat="49.59235499999999" lon="0.2125"><ele>49.19</ele></trkpt>
<trkpt lat="49.59232999999999" lon="0.2124833"><ele>49.51</ele></trkpt>
<trkpt lat="49.5922933" lon="0.2124667"><ele>49.94</ele></trkpt>
<trkpt lat="49.5922583" lon="0.2124533"><ele>50.08</ele></trkpt>
<trkpt lat="49.59223170000001" lon="0.212445"><ele>50.07</ele></trkpt>
<trkpt lat="49.592195" lon="0.2124317"><ele>50.09</ele></trkpt>
<trkpt lat="49.59215999999999" lon="0.21242"><ele>49.31</ele></trkpt>
<trkpt lat="49.592125" lon="0.21242"><ele>49.25000000000001</ele></trkpt>
<trkpt lat="49.59208670000001" lon="0.2124167"><ele>49.48</ele></trkpt>
<trkpt lat="49.59205" lon="0.212425"><ele>49.42</ele></trkpt>
<trkpt lat="49.592015" lon="0.21244"><ele>49.16</ele></trkpt>
<trkpt lat="49.59198170000001" lon="0.2124517"><ele>48.33</ele></trkpt>
<trkpt lat="49.591945" lon="0.2124683"><ele>48.11</ele></trkpt>
<trkpt lat="49.59191329999999" lon="0.2124633"><ele>47.95</ele></trkpt>
<trkpt lat="49.5918867" lon="0.2124533"><ele>47.89</ele></trkpt>
<trkpt lat="49.59185829999999" lon="0.2124583"><ele>47.55</ele></trkpt>
<trkpt lat="49.5918283" lon="0.21247"><ele>47.58</ele></trkpt>
<trkpt lat="49.5918017" lon="0.21248"><ele>47.66</ele></trkpt>
<trkpt lat="49.5917717" lon="0.2124833"><ele>47.92</ele></trkpt>
<trkpt lat="49.59173999999999" lon="0.2124783"><ele>47.98</ele></trkpt>
<trkpt lat="49.591705" lon="0.21247"><ele>48.25</ele></trkpt>
<trkpt lat="49.5916683" lon="0.2124567"><ele>48.99</ele></trkpt>
<trkpt lat="49.5916383" lon="0.21244"><ele>49.46999999999999</ele></trkpt>
<trkpt lat="49.59161" lon="0.2124217"><ele>49.83</ele></trkpt>
<trkpt lat="49.59158" lon="0.21241"><ele>49.95</ele></trkpt>
<trkpt lat="49.5915383" lon="0.2123917"><ele>50.32</ele></trkpt>
<trkpt lat="49.59151170000001" lon="0.212375"><ele>50.78</ele></trkpt>
<trkpt lat="49.5914833" lon="0.2123667"><ele>51.2</ele></trkpt>
<trkpt lat="49.59145500000001" lon="0.2123567"><ele>51.83</ele></trkpt>
<trkpt lat="49.5914283" lon="0.21235"><ele>52.39</ele></trkpt>
<trkpt lat="49.59140169999999" lon="0.21234"><ele>52.89</ele></trkpt>
<trkpt lat="49.59137500000001" lon="0.2123283"><ele>52.93</ele></trkpt>
<trkpt lat="49.5913333" lon="0.21232"><ele>53.02</ele></trkpt>
<trkpt lat="49.5913067" lon="0.21231"><ele>53.34</ele></trkpt>
<trkpt lat="49.59128" lon="0.2123017"><ele>53.31</ele></trkpt>
<trkpt lat="49.5912433" lon="0.2122917"><ele>52.87</ele></trkpt>
<trkpt lat="49.59120500000001" lon="0.21228"><ele>52.07</ele></trkpt>
<trkpt lat="49.5911783" lon="0.2122733"><ele>51.91</ele></trkpt>
<trkpt lat="49.5911367" lon="0.2122717"><ele>51.46999999999999</ele></trkpt>
<trkpt lat="49.5911083" lon="0.2122733"><ele>51.07</ele></trkpt>
<trkpt lat="49.5910717" lon="0.21227"><ele>50.55</ele></trkpt>
<trkpt lat="49.59104499999999" lon="0.2122633"><ele>50.17</ele></trkpt>
<trkpt lat="49.59100670000001" lon="0.2122517"><ele>49.6</ele></trkpt>
<trkpt lat="49.5909783" lon="0.21225"><ele>49.2</ele></trkpt>
<trkpt lat="49.5909483" lon="0.21225"><ele>48.87</ele></trkpt>
<trkpt lat="49.5909183" lon="0.2122533"><ele>48.45</ele></trkpt>
<trkpt lat="49.59089" lon="0.2122467"><ele>48.23</ele></trkpt>
<trkpt lat="49.59086" lon="0.2122367"><ele>48.45</ele></trkpt>
<trkpt lat="49.5908333" lon="0.21223"><ele>48.51</ele></trkpt>
<trkpt lat="49.5908067" lon="0.2122217"><ele>48.33</ele></trkpt>
<trkpt lat="49.59077829999999" lon="0.2122117"><ele>48.45</ele></trkpt>
<trkpt lat="49.5907517" lon="0.212205"><ele>48.56</ele></trkpt>
<trkpt lat="49.5907233" lon="0.2121933"><ele>48.89</ele></trkpt>
<trkpt lat="49.5906867" lon="0.21218"><ele>49.35999999999999</ele></trkpt>
<trkpt lat="49.59066" lon="0.212165"><ele>49.73</ele></trkpt>
<trkpt lat="49.59063329999999" lon="0.212155"><ele>50.18000000000001</ele></trkpt>
<trkpt lat="49.5906067" lon="0.2121483"><ele>50.58</ele></trkpt>
<trkpt lat="49.59058" lon="0.2121417"><ele>50.82</ele></trkpt>
<trkpt lat="49.5905433" lon="0.21213"><ele>50.99</ele></trkpt>
<trkpt lat="49.5905067" lon="0.212125"><ele>51.42</ele></trkpt>
<trkpt lat="49.59048" lon="0.2121167"><ele>51.81</ele></trkpt>
<trkpt lat="49.5904417" lon="0.2121017"><ele>51.92</ele></trkpt>
<trkpt lat="49.5904017" lon="0.2120917"><ele>51.64999999999999</ele></trkpt>
<trkpt lat="49.590365" lon="0.2120833"><ele>50.56</ele></trkpt>
<trkpt lat="49.5903267" lon="0.212075"><ele>49.96999999999999</ele></trkpt>
<trkpt lat="49.5902883" lon="0.2120633"><ele>49.12</ele></trkpt>
<trkpt lat="49.59026169999999" lon="0.2120533"><ele>48.61</ele></trkpt>
<trkpt lat="49.59023500000001" lon="0.21204"><ele>48.34</ele></trkpt>
<trkpt lat="49.59020170000001" lon="0.2120233"><ele>47.49</ele></trkpt>
<trkpt lat="49.5901683" lon="0.2120067"><ele>47.11</ele></trkpt>
<trkpt lat="49.5901317" lon="0.2119967"><ele>46.67</ele></trkpt>
<trkpt lat="49.5900933" lon="0.2119917"><ele>46.08</ele></trkpt>
<trkpt lat="49.59006500000001" lon="0.21199"><ele>45.75</ele></trkpt>
<trkpt lat="49.59003670000001" lon="0.2119867"><ele>45.47</ele></trkpt>
<trkpt lat="49.5900067" lon="0.211985"><ele>45.24</ele></trkpt>
<trkpt lat="49.5899783" lon="0.2119733"><ele>45.2</ele></trkpt>
<trkpt lat="49.5899433" lon="0.2119517"><ele>44.67</ele></trkpt>
<trkpt lat="49.5899083" lon="0.2119383"><ele>43.66</ele></trkpt>
<trkpt lat="49.5898717" lon="0.2119233"><ele>42.53</ele></trkpt>
<trkpt lat="49.5898333" lon="0.2119117"><ele>41.34</ele></trkpt>
<trkpt lat="49.5897967" lon="0.211895"><ele>40.84</ele></trkpt>
<trkpt lat="49.58976830000001" lon="0.21189"><ele>40.68</ele></trkpt>
<trkpt lat="49.5897417" lon="0.2118817"><ele>40.76</ele></trkpt>
<trkpt lat="49.5897117" lon="0.2118783"><ele>40.95</ele></trkpt>
<trkpt lat="49.589685" lon="0.2118683"><ele>41.08</ele></trkpt>
<trkpt lat="49.5896567" lon="0.2118633"><ele>41.25</ele></trkpt>
<trkpt lat="49.58962669999999" lon="0.2118617"><ele>41.29</ele></trkpt>
<trkpt lat="49.5895983" lon="0.2118533"><ele>41.11</ele></trkpt>
<trkpt lat="49.5895683" lon="0.2118483"><ele>41.11</ele></trkpt>
<trkpt lat="49.5895383" lon="0.2118383"><ele>41.26</ele></trkpt>
<trkpt lat="49.5895083" lon="0.21183"><ele>41.68</ele></trkpt>
<trkpt lat="49.58948" lon="0.2118217"><ele>42.27</ele></trkpt>
<trkpt lat="49.58945" lon="0.211815"><ele>42.91</ele></trkpt>
<trkpt lat="49.58942170000001" lon="0.2118083"><ele>43.54</ele></trkpt>
<trkpt lat="49.5893917" lon="0.2117967"><ele>44.3</ele></trkpt>
<trkpt lat="49.5893633" lon="0.2117867"><ele>44.8</ele></trkpt>
<trkpt lat="49.589335" lon="0.2117717"><ele>45.23</ele></trkpt>
<trkpt lat="49.589305" lon="0.2117567"><ele>45.43</ele></trkpt>
<trkpt lat="49.5892767" lon="0.2117467"><ele>45.74</ele></trkpt>
<trkpt lat="49.5892483" lon="0.2117383"><ele>46.02</ele></trkpt>
<trkpt lat="49.58922" lon="0.2117267"><ele>46.25</ele></trkpt>
<trkpt lat="49.58919329999999" lon="0.2117117"><ele>46.45</ele></trkpt>
<trkpt lat="49.5891667" lon="0.2117"><ele>46.72</ele></trkpt>
<trkpt lat="49.5891367" lon="0.2116883"><ele>47.04</ele></trkpt>
<trkpt lat="49.58910829999999" lon="0.2116733"><ele>47.18</ele></trkpt>
<trkpt lat="49.5890817" lon="0.21166"><ele>47.12</ele></trkpt>
<trkpt lat="49.589055" lon="0.2116517"><ele>47.17</ele></trkpt>
<trkpt lat="49.5890267" lon="0.2116433"><ele>47.35</ele></trkpt>
<trkpt lat="49.5889867" lon="0.211625"><ele>47.68</ele></trkpt>
<trkpt lat="49.5889483" lon="0.21161"><ele>47.96999999999999</ele></trkpt>
<trkpt lat="49.58892" lon="0.2115983"><ele>47.96999999999999</ele></trkpt>
<trkpt lat="49.5888917" lon="0.2115867"><ele>48.24</ele></trkpt>
<trkpt lat="49.5888517" lon="0.21157"><ele>48.59</ele></trkpt>
<trkpt lat="49.5888167" lon="0.2115617"><ele>48.29</ele></trkpt>
<trkpt lat="49.5887817" lon="0.2115467"><ele>47.59</ele></trkpt>
<trkpt lat="49.588755" lon="0.2115383"><ele>47.41</ele></trkpt>
<trkpt lat="49.5887183" lon="0.21153"><ele>47.46</ele></trkpt>
<trkpt lat="49.5886817" lon="0.2115217"><ele>47.65</ele></trkpt>
<trkpt lat="49.5886483" lon="0.21151"><ele>47.37</ele></trkpt>
<trkpt lat="49.58861670000001" lon="0.2114967"><ele>46.94</ele></trkpt>
<trkpt lat="49.58858" lon="0.2114917"><ele>46.14</ele></trkpt>
<trkpt lat="49.5885417" lon="0.2114933"><ele>45.38</ele></trkpt>
<trkpt lat="49.5885067" lon="0.2115017"><ele>45.3</ele></trkpt>
<trkpt lat="49.588475" lon="0.2115183"><ele>45.22</ele></trkpt>
<trkpt lat="49.5884467" lon="0.21153"><ele>44.73</ele></trkpt>
<trkpt lat="49.588415" lon="0.211545"><ele>44.77</ele></trkpt>
<trkpt lat="49.588385" lon="0.21156"><ele>44.72</ele></trkpt>
<trkpt lat="49.5883483" lon="0.2115683"><ele>44.98</ele></trkpt>
<trkpt lat="49.58831" lon="0.211585"><ele>44.56</ele></trkpt>
<trkpt lat="49.588275" lon="0.2116033"><ele>43.6</ele></trkpt>
<trkpt lat="49.5882467" lon="0.21161"><ele>42.16</ele></trkpt>
<trkpt lat="49.58822" lon="0.2116"><ele>41.38</ele></trkpt>
<trkpt lat="49.5882033" lon="0.2116467"><ele>41.09</ele></trkpt>
<trkpt lat="49.5881817" lon="0.2116733"><ele>42.15</ele></trkpt>
<trkpt lat="49.58815169999999" lon="0.21169"><ele>42.13</ele></trkpt>
<trkpt lat="49.58812000000001" lon="0.21171"><ele>42.1</ele></trkpt>
<trkpt lat="49.58809" lon="0.21173"><ele>42.16</ele></trkpt>
<trkpt lat="49.5880633" lon="0.21176"><ele>41.94</ele></trkpt>
<trkpt lat="49.58804000000001" lon="0.2117817"><ele>41.81</ele></trkpt>
<trkpt lat="49.5880033" lon="0.2118017"><ele>41.79</ele></trkpt>
<trkpt lat="49.5879717" lon="0.21182"><ele>41.89</ele></trkpt>
<trkpt lat="49.58794670000001" lon="0.211845"><ele>41.78</ele></trkpt>
<trkpt lat="49.5879183" lon="0.2118367"><ele>41.54</ele></trkpt>
<trkpt lat="49.5878917" lon="0.2118533"><ele>41.01</ele></trkpt>
<trkpt lat="49.587865" lon="0.2118833"><ele>40.81</ele></trkpt>
<trkpt lat="49.58783" lon="0.2119067"><ele>40.66</ele></trkpt>
<trkpt lat="49.58780329999999" lon="0.211925"><ele>40.44</ele></trkpt>
<trkpt lat="49.5877733" lon="0.211945"><ele>40.47</ele></trkpt>
<trkpt lat="49.5877417" lon="0.211975"><ele>40.49</ele></trkpt>
<trkpt lat="49.587715" lon="0.2119967"><ele>40.64</ele></trkpt>
<trkpt lat="49.5876883" lon="0.2120183"><ele>40.92</ele></trkpt>
<trkpt lat="49.58765500000001" lon="0.21205"><ele>40.97</ele></trkpt>
<trkpt lat="49.58762" lon="0.21208"><ele>41</ele></trkpt>
<trkpt lat="49.587585" lon="0.2121067"><ele>41.32</ele></trkpt>
<trkpt lat="49.5875583" lon="0.2121233"><ele>41.78</ele></trkpt>
<trkpt lat="49.5875317" lon="0.2121433"><ele>42.28</ele></trkpt>
<trkpt lat="49.5875033" lon="0.2121617"><ele>42.96</ele></trkpt>
<trkpt lat="49.58747670000001" lon="0.2121833"><ele>43.41</ele></trkpt>
<trkpt lat="49.5874533" lon="0.2122067"><ele>43.49</ele></trkpt>
<trkpt lat="49.58742500000001" lon="0.2122283"><ele>43.43</ele></trkpt>
<trkpt lat="49.58739670000001" lon="0.2122383"><ele>42.83</ele></trkpt>
<trkpt lat="49.5873683" lon="0.21226"><ele>41.83</ele></trkpt>
<trkpt lat="49.5873383" lon="0.2122767"><ele>41.09</ele></trkpt>
<trkpt lat="49.5873067" lon="0.2122917"><ele>40.25</ele></trkpt>
<trkpt lat="49.5872667" lon="0.2123033"><ele>39.49</ele></trkpt>
<trkpt lat="49.58722670000001" lon="0.2123067"><ele>38.79</ele></trkpt>
<trkpt lat="49.587195" lon="0.2123167"><ele>38.15</ele></trkpt>
<trkpt lat="49.58715830000001" lon="0.2123217"><ele>37.39</ele></trkpt>
<trkpt lat="49.58713" lon="0.212325"><ele>37.07</ele></trkpt>
<trkpt lat="49.5871033" lon="0.2123317"><ele>36.77</ele></trkpt>
<trkpt lat="49.5870717" lon="0.2123267"><ele>36.87</ele></trkpt>
<trkpt lat="49.58703" lon="0.2123167"><ele>36.73</ele></trkpt>
<trkpt lat="49.587" lon="0.2122983"><ele>36.63</ele></trkpt>
<trkpt lat="49.58696330000001" lon="0.2122767"><ele>36.41</ele></trkpt>
<trkpt lat="49.58693499999999" lon="0.21227"><ele>36.47</ele></trkpt>
<trkpt lat="49.586895" lon="0.2122583"><ele>36.12</ele></trkpt>
<trkpt lat="49.5868567" lon="0.2122383"><ele>36.29</ele></trkpt>
<trkpt lat="49.5868317" lon="0.21222"><ele>36.64</ele></trkpt>
<trkpt lat="49.586805" lon="0.2122133"><ele>36.85</ele></trkpt>
<trkpt lat="49.5867717" lon="0.2122133"><ele>37.47</ele></trkpt>
<trkpt lat="49.5867417" lon="0.2122017"><ele>38.07</ele></trkpt>
<trkpt lat="49.586715" lon="0.2121833"><ele>38.69</ele></trkpt>
<trkpt lat="49.5866817" lon="0.2121567"><ele>39.44</ele></trkpt>
<trkpt lat="49.586645" lon="0.2121567"><ele>39.87</ele></trkpt>
<trkpt lat="49.5866133" lon="0.2121583"><ele>39.97</ele></trkpt>
<trkpt lat="49.586585" lon="0.21214"><ele>40.16</ele></trkpt>
<trkpt lat="49.58655329999999" lon="0.2121083"><ele>40.25</ele></trkpt>
<trkpt lat="49.58651830000001" lon="0.2120867"><ele>40.46</ele></trkpt>
<trkpt lat="49.586485" lon="0.2120633"><ele>40.66</ele></trkpt>
<trkpt lat="49.58645500000001" lon="0.2120467"><ele>40.41</ele></trkpt>
<trkpt lat="49.5864183" lon="0.2120333"><ele>39.82</ele></trkpt>
<trkpt lat="49.58637830000001" lon="0.2120317"><ele>39.19</ele></trkpt>
<trkpt lat="49.58634" lon="0.2120367"><ele>38.68</ele></trkpt>
<trkpt lat="49.5863" lon="0.21204"><ele>38.06</ele></trkpt>
<trkpt lat="49.5862633" lon="0.2120417"><ele>37.39</ele></trkpt>
<trkpt lat="49.5862267" lon="0.212055"><ele>36.88</ele></trkpt>
<trkpt lat="49.5861983" lon="0.2120683"><ele>36.71</ele></trkpt>
<trkpt lat="49.58617" lon="0.2120817"><ele>36.68</ele></trkpt>
<trkpt lat="49.5861367" lon="0.212095"><ele>36.35</ele></trkpt>
<trkpt lat="49.5861067" lon="0.212105"><ele>36.6</ele></trkpt>
<trkpt lat="49.5860783" lon="0.2121167"><ele>36.76</ele></trkpt>
<trkpt lat="49.5860417" lon="0.2121283"><ele>36.7</ele></trkpt>
<trkpt lat="49.5860017" lon="0.21215"><ele>36.57</ele></trkpt>
<trkpt lat="49.5859717" lon="0.2121633"><ele>36.76</ele></trkpt>
<trkpt lat="49.5859467" lon="0.212185"><ele>36.96</ele></trkpt>
<trkpt lat="49.5859117" lon="0.212215"><ele>36.81</ele></trkpt>
<trkpt lat="49.5858867" lon="0.21224"><ele>36.8</ele></trkpt>
<trkpt lat="49.5858517" lon="0.21227"><ele>36.64</ele></trkpt>
<trkpt lat="49.5858283" lon="0.2122967"><ele>36.53</ele></trkpt>
<trkpt lat="49.5858033" lon="0.2123267"><ele>36.66</ele></trkpt>
<trkpt lat="49.58577329999999" lon="0.2123617"><ele>36.62</ele></trkpt>
<trkpt lat="49.5857417" lon="0.21239"><ele>36.62</ele></trkpt>
<trkpt lat="49.58570999999999" lon="0.21241"><ele>36.34</ele></trkpt>
<trkpt lat="49.5856733" lon="0.2124267"><ele>36.37</ele></trkpt>
<trkpt lat="49.5856433" lon="0.2124417"><ele>36.72</ele></trkpt>
<trkpt lat="49.5856117" lon="0.212455"><ele>37.3</ele></trkpt>
<trkpt lat="49.5855817" lon="0.21247"><ele>37.55</ele></trkpt>
<trkpt lat="49.5855533" lon="0.2124783"><ele>37.53</ele></trkpt>
<trkpt lat="49.58551499999999" lon="0.21249"><ele>37.33</ele></trkpt>
<trkpt lat="49.5854783" lon="0.2125117"><ele>37.36</ele></trkpt>
<trkpt lat="49.5854533" lon="0.2125317"><ele>37.33</ele></trkpt>
<trkpt lat="49.58542669999999" lon="0.2125533"><ele>37.55</ele></trkpt>
<trkpt lat="49.5853983" lon="0.2125767"><ele>37.92</ele></trkpt>
<trkpt lat="49.5853733" lon="0.2126033"><ele>38.32</ele></trkpt>
<trkpt lat="49.5853483" lon="0.212625"><ele>38.25</ele></trkpt>
<trkpt lat="49.5853133" lon="0.2126517"><ele>37.96</ele></trkpt>
<trkpt lat="49.5852783" lon="0.21268"><ele>37.55</ele></trkpt>
<trkpt lat="49.5852517" lon="0.2127"><ele>37.44</ele></trkpt>
<trkpt lat="49.58522670000001" lon="0.2127167"><ele>37.17</ele></trkpt>
<trkpt lat="49.5852" lon="0.2127367"><ele>37.27</ele></trkpt>
<trkpt lat="49.58517669999999" lon="0.21276"><ele>37.3</ele></trkpt>
<trkpt lat="49.58515330000001" lon="0.2127817"><ele>37.25</ele></trkpt>
<trkpt lat="49.5851183" lon="0.2128083"><ele>37.53</ele></trkpt>
<trkpt lat="49.5850867" lon="0.2128333"><ele>37.53</ele></trkpt>
<trkpt lat="49.585055" lon="0.212845"><ele>37.4</ele></trkpt>
<trkpt lat="49.5850217" lon="0.2128667"><ele>37.72</ele></trkpt>
<trkpt lat="49.5849917" lon="0.212895"><ele>38.08</ele></trkpt>
<trkpt lat="49.58496" lon="0.2129267"><ele>38.01</ele></trkpt>
<trkpt lat="49.584935" lon="0.2129483"><ele>38.33</ele></trkpt>
<trkpt lat="49.58491" lon="0.2129767"><ele>38.61</ele></trkpt>
<trkpt lat="49.58487999999999" lon="0.2130117"><ele>38.2</ele></trkpt>
<trkpt lat="49.5848517" lon="0.2130467"><ele>37.94</ele></trkpt>
<trkpt lat="49.5848333" lon="0.213085"><ele>37.83</ele></trkpt>
<trkpt lat="49.58480329999999" lon="0.213125"><ele>37.8</ele></trkpt>
<trkpt lat="49.5847767" lon="0.213165"><ele>37.55</ele></trkpt>
<trkpt lat="49.5847483" lon="0.2132"><ele>37.25</ele></trkpt>
<trkpt lat="49.5847233" lon="0.213235"><ele>37.01</ele></trkpt>
<trkpt lat="49.58469670000001" lon="0.2132717"><ele>37.02</ele></trkpt>
<trkpt lat="49.5846783" lon="0.213315"><ele>36.65</ele></trkpt>
<trkpt lat="49.5846517" lon="0.2133517"><ele>36.09</ele></trkpt>
<trkpt lat="49.58462000000001" lon="0.213385"><ele>36.24</ele></trkpt>
<trkpt lat="49.5845883" lon="0.2134167"><ele>36.58</ele></trkpt>
<trkpt lat="49.5845567" lon="0.21345"><ele>36.53</ele></trkpt>
<trkpt lat="49.5845233" lon="0.213475"><ele>36.64</ele></trkpt>
<trkpt lat="49.5844967" lon="0.2134967"><ele>37.13</ele></trkpt>
<trkpt lat="49.5844667" lon="0.2135167"><ele>37.23</ele></trkpt>
<trkpt lat="49.58443330000001" lon="0.21353"><ele>36.95</ele></trkpt>
<trkpt lat="49.5844" lon="0.213545"><ele>37.04</ele></trkpt>
<trkpt lat="49.5843683" lon="0.2135667"><ele>37.31</ele></trkpt>
<trkpt lat="49.58433670000001" lon="0.2135817"><ele>37.3</ele></trkpt>
<trkpt lat="49.58429829999999" lon="0.2135817"><ele>37.88</ele></trkpt>
<trkpt lat="49.584265" lon="0.2135867"><ele>38.69</ele></trkpt>
<trkpt lat="49.58423" lon="0.2136017"><ele>38.97</ele></trkpt>
<trkpt lat="49.5842033" lon="0.2136083"><ele>38.98</ele></trkpt>
<trkpt lat="49.58417" lon="0.21362"><ele>38.95</ele></trkpt>
<trkpt lat="49.5841367" lon="0.213625"><ele>38.58</ele></trkpt>
<trkpt lat="49.58410829999999" lon="0.213625"><ele>38.42</ele></trkpt>
<trkpt lat="49.58407330000001" lon="0.21362"><ele>38.12</ele></trkpt>
<trkpt lat="49.584045" lon="0.21362"><ele>38.36</ele></trkpt>
<trkpt lat="49.58401330000001" lon="0.21362"><ele>38.88</ele></trkpt>
<trkpt lat="49.58397670000001" lon="0.2136217"><ele>38.6</ele></trkpt>
<trkpt lat="49.583945" lon="0.2136167"><ele>37.99</ele></trkpt>
<trkpt lat="49.5839117" lon="0.2136167"><ele>37.41</ele></trkpt>
<trkpt lat="49.5838733" lon="0.2136183"><ele>37.14</ele></trkpt>
<trkpt lat="49.583835" lon="0.2136217"><ele>37.36</ele></trkpt>
<trkpt lat="49.5838067" lon="0.2136333"><ele>37.4</ele></trkpt>
<trkpt lat="49.58378" lon="0.2136417"><ele>37.42</ele></trkpt>
<trkpt lat="49.5837417" lon="0.2136617"><ele>37.22</ele></trkpt>
<trkpt lat="49.5837117" lon="0.21368"><ele>37.11</ele></trkpt>
<trkpt lat="49.5836817" lon="0.2136967"><ele>37.43</ele></trkpt>
<trkpt lat="49.5836583" lon="0.2137217"><ele>37.34</ele></trkpt>
<trkpt lat="49.58362830000001" lon="0.213755"><ele>36.82</ele></trkpt>
<trkpt lat="49.58360329999999" lon="0.2137867"><ele>36.38</ele></trkpt>
<trkpt lat="49.5835717" lon="0.2138133"><ele>35.98</ele></trkpt>
<trkpt lat="49.58354330000001" lon="0.213825"><ele>35.82</ele></trkpt>
<trkpt lat="49.5835117" lon="0.2138283"><ele>35.8</ele></trkpt>
<trkpt lat="49.58348169999999" lon="0.21382"><ele>36.06</ele></trkpt>
<trkpt lat="49.5834517" lon="0.2138117"><ele>36.62</ele></trkpt>
<trkpt lat="49.5834183" lon="0.2138033"><ele>35.35</ele></trkpt>
<trkpt lat="49.5833817" lon="0.2138133"><ele>35.31</ele></trkpt>
<trkpt lat="49.5833517" lon="0.213825"><ele>35.54</ele></trkpt>
<trkpt lat="49.583325" lon="0.2138333"><ele>35.93</ele></trkpt>
<trkpt lat="49.58329330000001" lon="0.2138417"><ele>36.51</ele></trkpt>
<trkpt lat="49.5832617" lon="0.2138567"><ele>37.08</ele></trkpt>
<trkpt lat="49.58323499999999" lon="0.2138667"><ele>37.31</ele></trkpt>
<trkpt lat="49.58320830000001" lon="0.213875"><ele>37.88</ele></trkpt>
<trkpt lat="49.5831783" lon="0.21388"><ele>38.21</ele></trkpt>
<trkpt lat="49.5831417" lon="0.213905"><ele>38.69</ele></trkpt>
<trkpt lat="49.5831133" lon="0.213915"><ele>39.1</ele></trkpt>
<trkpt lat="49.58308670000001" lon="0.213935"><ele>39.2</ele></trkpt>
<trkpt lat="49.5830583" lon="0.2139433"><ele>39.13</ele></trkpt>
<trkpt lat="49.583025" lon="0.213955"><ele>38.68</ele></trkpt>
<trkpt lat="49.5829967" lon="0.21396"><ele>38.21</ele></trkpt>
<trkpt lat="49.58296829999999" lon="0.2139717"><ele>37.29</ele></trkpt>
<trkpt lat="49.5829417" lon="0.2139917"><ele>36.76</ele></trkpt>
<trkpt lat="49.58291" lon="0.2139967"><ele>36.16</ele></trkpt>
<trkpt lat="49.58288" lon="0.2139867"><ele>36.18</ele></trkpt>
<trkpt lat="49.5828517" lon="0.21399"><ele>36.46</ele></trkpt>
</trkseg></trk>
</gpx>